time,temperature_2m,relative_humidity_2m,wind_speed_10m,surface_pressure,cloud_cover,precipitation,us_aqi,pm2_5,pm10,carbon_monoxide,nitrogen_dioxide,sulphur_dioxide,ozone,dust,month,hour
2025-08-01 00:00:00,31.4,74,5.8,982.1,13,0.0,152,77.3,122.9,378.0,24.8,5.4,49.0,86.0,8,0
2025-08-01 01:00:00,30.9,77,6.7,981.8,84,0.0,153,75.0,120.1,342.0,22.9,5.1,46.0,90.0,8,1
2025-08-01 02:00:00,30.6,77,6.1,981.4,100,0.0,153,73.8,122.0,315.0,21.9,4.9,42.0,93.0,8,2
2025-08-01 03:00:00,30.4,76,5.5,981.1,100,0.0,154,74.0,129.5,293.0,22.8,4.8,37.0,92.0,8,3
2025-08-01 04:00:00,30.1,74,6.1,981.3,100,0.0,154,70.1,123.4,278.0,24.5,4.8,32.0,90.0,8,4
2025-08-01 05:00:00,30.0,73,2.9,981.8,100,0.0,155,46.9,103.8,291.0,9.0,4.4,57.0,109.0,8,5
2025-08-01 06:00:00,28.5,81,7.4,981.3,100,0.0,154,46.8,108.7,359.0,9.5,4.7,56.0,117.0,8,6
2025-08-01 07:00:00,29.1,77,4.2,982.2,100,0.0,154,49.2,107.6,455.0,10.1,5.0,55.0,128.0,8,7
2025-08-01 08:00:00,28.0,81,6.7,983.1,100,2.0,154,47.5,117.1,512.0,10.0,5.4,60.0,134.0,8,8
2025-08-01 09:00:00,28.2,84,5.9,983.4,100,0.2,154,48.1,119.2,492.0,8.4,5.8,76.0,131.0,8,9
2025-08-01 10:00:00,30.6,74,2.1,983.5,100,0.0,154,49.0,116.2,434.0,6.1,6.2,99.0,124.0,8,10
2025-08-01 11:00:00,31.2,72,1.7,983.2,100,0.0,154,49.0,111.5,390.0,4.4,6.5,115.0,117.0,8,11
2025-08-01 12:00:00,32.0,70,1.0,983.0,100,0.0,154,47.7,107.1,383.0,3.7,6.7,121.0,113.0,8,12
2025-08-01 13:00:00,33.1,66,1.1,982.5,100,0.0,153,46.6,104.1,391.0,3.5,6.9,121.0,110.0,8,13
2025-08-01 14:00:00,33.4,65,2.8,981.8,100,0.0,153,44.9,100.4,394.0,3.8,7.1,119.0,105.0,8,14
2025-08-01 15:00:00,33.5,65,3.3,981.6,100,0.0,153,43.4,95.5,381.0,4.5,7.3,115.0,98.0,8,15
2025-08-01 16:00:00,33.8,63,2.9,981.0,100,0.0,153,42.5,89.2,364.0,5.6,7.4,108.0,90.0,8,16
2025-08-01 17:00:00,33.8,64,3.6,980.9,97,0.0,153,42.8,69.6,362.0,9.5,9.6,91.0,51.0,8,17
2025-08-01 18:00:00,32.5,66,4.7,981.8,100,0.0,153,40.2,66.8,382.0,10.4,9.2,81.0,45.0,8,18
2025-08-01 19:00:00,32.6,69,7.7,981.9,100,0.0,152,38.3,59.3,417.0,11.7,8.6,66.0,37.0,8,19
2025-08-01 20:00:00,31.9,75,11.6,982.2,99,0.0,152,36.7,54.7,460.0,12.5,7.8,55.0,35.0,8,20
2025-08-01 21:00:00,31.5,74,12.5,982.8,69,0.0,150,35.0,53.0,521.0,12.3,6.5,49.0,43.0,8,21
2025-08-01 22:00:00,31.1,73,10.2,983.0,10,0.0,146,35.6,59.4,590.0,11.7,4.9,46.0,56.0,8,22
2025-08-01 23:00:00,30.8,70,10.8,982.7,2,0.0,141,36.9,75.7,628.0,11.1,3.7,44.0,74.0,8,23
2025-08-02 00:00:00,30.6,70,9.2,982.5,4,0.0,136,38.8,91.7,610.0,10.8,3.0,41.0,100.0,8,0
2025-08-02 01:00:00,30.3,71,9.4,981.8,0,0.0,132,41.4,107.6,561.0,10.7,2.7,39.0,130.0,8,1
2025-08-02 02:00:00,29.9,73,9.3,981.3,0,0.0,128,44.5,122.5,520.0,10.7,2.5,37.0,150.0,8,2
2025-08-02 03:00:00,29.5,76,9.1,981.2,23,0.0,125,47.1,131.3,504.0,11.1,2.4,34.0,155.0,8,3
2025-08-02 04:00:00,29.2,77,8.5,981.5,13,0.0,123,48.5,129.0,494.0,11.6,2.4,32.0,149.0,8,4
2025-08-02 05:00:00,28.9,79,9.1,982.0,15,0.0,120,32.8,71.2,477.0,8.0,5.8,55.0,73.0,8,5
2025-08-02 06:00:00,29.9,78,9.2,981.7,24,0.0,119,32.5,66.1,442.0,8.0,6.3,60.0,72.0,8,6
2025-08-02 07:00:00,30.6,74,8.4,982.4,0,0.0,117,34.3,68.9,400.0,7.9,6.9,67.0,71.0,8,7
2025-08-02 08:00:00,31.9,67,9.3,983.1,0,0.0,116,35.4,76.4,360.0,7.4,7.4,76.0,77.0,8,8
2025-08-02 09:00:00,33.5,60,12.6,983.1,0,0.0,115,36.3,85.9,325.0,5.9,7.7,90.0,93.0,8,9
2025-08-02 10:00:00,34.8,55,12.4,983.4,0,0.0,113,38.1,97.6,293.0,3.9,7.9,107.0,115.0,8,10
2025-08-02 11:00:00,36.1,51,11.9,983.4,0,0.0,112,40.2,112.9,270.0,2.4,7.8,119.0,140.0,8,11
2025-08-02 12:00:00,37.1,48,11.2,982.8,3,0.0,111,41.7,127.6,260.0,1.7,7.2,122.0,171.0,8,12
2025-08-02 13:00:00,37.8,46,10.7,982.1,7,0.0,111,43.3,143.4,259.0,1.5,6.3,120.0,206.0,8,13
2025-08-02 14:00:00,38.3,44,11.1,981.4,14,0.0,110,46.6,164.4,259.0,1.7,5.5,116.0,231.0,8,14
2025-08-02 15:00:00,38.6,43,10.9,980.7,12,0.0,111,47.5,173.7,257.0,1.8,5.0,113.0,243.0,8,15
2025-08-02 16:00:00,38.6,43,11.4,980.1,18,0.0,111,47.4,175.6,257.0,2.2,4.6,109.0,247.0,8,16
2025-08-02 17:00:00,38.2,44,11.0,980.0,21,0.0,111,43.2,155.5,259.0,3.8,4.4,99.0,221.0,8,17
2025-08-02 18:00:00,37.1,45,12.6,981.3,6,0.0,111,48.0,138.8,266.0,9.3,4.4,87.0,189.0,8,18
2025-08-02 19:00:00,35.8,49,12.9,981.7,9,0.0,112,55.1,124.3,277.0,17.1,4.4,69.0,146.0,8,19
2025-08-02 20:00:00,34.8,54,12.2,981.9,4,0.0,114,61.7,121.1,282.0,24.3,4.6,53.0,114.0,8,20
2025-08-02 21:00:00,34.1,57,10.0,983.1,0,0.0,117,69.6,127.1,280.0,30.4,5.2,40.0,106.0,8,21
2025-08-02 22:00:00,33.5,58,11.0,983.1,0,0.0,120,80.8,139.7,274.0,36.0,6.0,29.0,109.0,8,22
2025-08-02 23:00:00,33.1,58,10.8,983.0,1,0.0,125,90.8,148.1,264.0,39.8,6.5,21.0,110.0,8,23
2025-08-03 00:00:00,32.9,58,11.7,982.9,0,0.0,131,94.5,149.0,245.0,41.6,6.4,16.0,106.0,8,0
2025-08-03 01:00:00,32.2,58,11.7,982.6,0,0.0,136,93.4,143.9,222.0,41.6,5.9,13.0,101.0,8,1
2025-08-03 02:00:00,31.7,58,11.0,982.4,0,0.0,142,86.6,134.6,209.0,39.0,5.5,14.0,91.0,8,2
2025-08-03 03:00:00,31.2,59,10.4,982.2,0,0.0,146,75.9,122.5,213.0,32.2,5.2,20.0,71.0,8,3
2025-08-03 04:00:00,30.7,60,11.0,982.6,0,0.0,149,60.3,92.9,226.0,22.9,4.9,30.0,45.0,8,4
2025-08-03 05:00:00,30.1,63,11.1,983.1,0,0.0,150,27.4,48.9,243.0,7.3,6.3,62.0,42.0,8,5
2025-08-03 06:00:00,31.1,64,13.2,982.9,18,0.0,150,26.1,42.5,266.0,7.2,6.0,65.0,38.0,8,6
2025-08-03 07:00:00,31.5,63,12.8,983.3,5,0.0,149,27.2,42.8,293.0,7.0,5.6,70.0,33.0,8,7
2025-08-03 08:00:00,32.5,60,15.5,983.7,0,0.0,148,26.9,46.3,306.0,6.4,5.5,77.0,37.0,8,8
2025-08-03 09:00:00,33.8,57,14.8,984.1,0,0.0,148,27.3,59.4,294.0,5.1,6.3,89.0,58.0,8,9
2025-08-03 10:00:00,35.2,53,12.7,984.7,0,0.0,147,30.6,78.5,268.0,3.5,7.4,104.0,88.0,8,10
2025-08-03 11:00:00,36.4,49,14.2,984.6,0,0.0,146,33.2,92.4,244.0,2.3,7.8,115.0,112.0,8,11
2025-08-03 12:00:00,37.3,47,16.0,984.2,0,0.0,145,34.5,99.2,225.0,1.7,7.0,118.0,126.0,8,12
2025-08-03 13:00:00,38.1,44,15.9,983.4,0,0.0,144,34.5,103.1,208.0,1.5,5.5,116.0,134.0,8,13
2025-08-03 14:00:00,38.6,42,16.3,982.8,0,0.0,143,33.9,104.8,199.0,1.6,4.2,113.0,138.0,8,14
2025-08-03 15:00:00,38.6,41,16.2,982.1,2,0.0,142,33.1,102.7,202.0,1.6,3.3,110.0,138.0,8,15
2025-08-03 16:00:00,38.2,41,15.9,981.5,3,0.0,141,32.6,100.6,213.0,1.9,2.5,107.0,133.0,8,16
2025-08-03 17:00:00,37.7,42,16.6,981.2,3,0.0,139,29.0,81.7,225.0,3.9,2.4,97.0,103.0,8,17
2025-08-03 18:00:00,36.9,42,15.4,982.0,1,0.0,138,33.1,80.1,238.0,8.4,2.9,86.0,93.0,8,18
2025-08-03 19:00:00,35.9,47,12.8,982.1,0,0.0,136,40.3,80.8,251.0,14.6,3.5,70.0,80.0,8,19
2025-08-03 20:00:00,34.9,51,11.7,982.7,0,0.0,135,44.7,80.8,262.0,19.1,4.1,58.0,69.0,8,20
2025-08-03 21:00:00,34.1,54,13.8,983.3,0,0.0,133,46.4,81.0,269.0,20.3,4.6,52.0,62.0,8,21
2025-08-03 22:00:00,33.8,54,13.1,983.6,0,0.0,130,47.0,79.9,273.0,19.7,4.9,49.0,57.0,8,22
2025-08-03 23:00:00,33.7,53,12.1,983.7,0,0.0,127,44.9,74.3,269.0,18.4,5.1,47.0,55.0,8,23
2025-08-04 00:00:00,33.4,53,14.0,983.7,0,0.0,122,41.0,67.8,249.0,16.6,4.9,45.0,57.0,8,0
2025-08-04 01:00:00,32.7,55,15.0,983.5,0,0.0,116,38.2,65.4,221.0,14.2,4.5,45.0,61.0,8,1
2025-08-04 02:00:00,32.1,57,14.6,983.5,0,0.0,111,35.7,67.8,201.0,11.8,4.1,47.0,61.0,8,2
2025-08-04 03:00:00,31.7,58,14.8,983.1,0,0.0,105,32.1,63.3,197.0,9.4,3.9,53.0,52.0,8,3
2025-08-04 04:00:00,31.5,57,15.2,983.2,0,0.0,101,27.0,46.8,203.0,7.0,3.8,60.0,40.0,8,4
2025-08-04 05:00:00,31.2,59,15.2,983.4,0,0.0,98,24.0,40.5,213.0,5.4,3.8,67.0,32.0,8,5
2025-08-04 06:00:00,31.6,62,15.9,983.5,0,0.0,98,23.3,42.8,231.0,5.2,3.9,70.0,32.0,8,6
2025-08-04 07:00:00,31.8,61,15.5,984.0,6,0.0,98,24.4,46.1,255.0,5.8,4.1,72.0,38.0,8,7
2025-08-04 08:00:00,32.5,60,18.8,984.2,64,0.0,97,25.4,51.2,268.0,5.9,4.4,76.0,49.0,8,8
2025-08-04 09:00:00,33.7,56,17.3,984.5,10,0.0,97,26.3,58.9,263.0,4.9,5.0,87.0,69.0,8,9
2025-08-04 10:00:00,35.2,51,17.1,984.8,41,0.0,97,28.9,72.4,247.0,3.4,5.8,100.0,95.0,8,10
2025-08-04 11:00:00,36.2,49,17.5,984.5,9,0.0,97,32.1,94.3,233.0,2.2,6.2,110.0,119.0,8,11
2025-08-04 12:00:00,37.2,46,18.3,984.0,23,0.0,97,34.9,114.6,224.0,1.7,5.8,113.0,143.0,8,12
2025-08-04 13:00:00,38.0,44,18.4,983.4,60,0.0,97,36.4,125.7,215.0,1.5,5.0,112.0,164.0,8,13
2025-08-04 14:00:00,38.5,42,18.2,982.8,61,0.0,97,36.4,126.2,210.0,1.6,4.3,109.0,175.0,8,14
2025-08-04 15:00:00,38.5,41,18.0,982.1,84,0.0,97,35.0,119.0,208.0,1.7,3.7,106.0,168.0,8,15
2025-08-04 16:00:00,38.2,41,18.4,981.6,71,0.0,97,33.3,109.4,209.0,2.1,3.1,102.0,149.0,8,16
2025-08-04 17:00:00,37.7,42,18.4,981.2,7,0.0,97,32.5,93.4,212.0,4.1,3.2,98.0,119.0,8,17
2025-08-04 18:00:00,37.0,42,17.8,981.9,14,0.0,98,34.1,81.5,220.0,7.1,3.4,89.0,100.0,8,18
2025-08-04 19:00:00,36.0,44,16.1,982.2,22,0.0,98,36.4,72.4,230.0,11.3,3.7,76.0,74.0,8,19
2025-08-04 20:00:00,35.0,47,15.8,982.5,42,0.0,98,36.1,64.0,238.0,14.1,4.0,66.0,53.0,8,20
2025-08-04 21:00:00,34.8,48,16.3,982.9,100,0.0,97,34.3,57.2,244.0,14.4,4.3,61.0,40.0,8,21
2025-08-04 22:00:00,34.8,47,15.5,983.3,100,0.0,96,33.2,51.2,247.0,13.3,4.7,59.0,32.0,8,22
2025-08-04 23:00:00,34.3,48,16.3,983.6,99,0.0,95,29.9,43.9,243.0,11.8,4.9,58.0,27.0,8,23
2025-08-05 00:00:00,33.5,51,16.2,983.4,100,0.0,94,26.7,38.6,225.0,10.1,4.9,58.0,24.0,8,0
2025-08-05 01:00:00,33.0,51,15.2,982.8,97,0.0,92,24.8,37.5,200.0,8.0,4.7,59.0,24.0,8,1
2025-08-05 02:00:00,32.6,51,15.2,982.3,99,0.0,91,23.3,35.9,185.0,6.4,4.5,61.0,25.0,8,2
2025-08-05 03:00:00,32.0,53,15.1,982.4,47,0.0,90,22.0,33.6,189.0,5.6,4.1,65.0,27.0,8,3
2025-08-05 04:00:00,31.5,55,15.4,982.5,62,0.0,90,21.6,35.3,203.0,5.2,3.7,69.0,30.0,8,4
2025-08-05 05:00:00,31.0,57,16.1,983.0,93,0.0,89,20.5,32.4,219.0,4.5,3.3,74.0,23.0,8,5
2025-08-05 06:00:00,31.3,59,16.3,982.6,85,0.0,89,21.4,40.2,237.0,4.8,3.7,73.0,28.0,8,6
2025-08-05 07:00:00,31.4,59,16.2,982.9,4,0.0,89,22.9,44.4,256.0,5.2,4.2,72.0,37.0,8,7
2025-08-05 08:00:00,32.0,57,17.7,983.6,7,0.0,89,23.8,48.7,265.0,5.2,4.7,74.0,48.0,8,8
2025-08-05 09:00:00,33.0,54,17.8,984.1,34,0.0,89,24.9,56.9,255.0,4.4,5.3,82.0,65.0,8,9
2025-08-05 10:00:00,34.2,50,18.6,984.4,39,0.0,88,26.5,67.8,235.0,3.1,5.8,94.0,85.0,8,10
2025-08-05 11:00:00,35.3,47,18.2,984.2,72,0.0,88,28.7,83.1,218.0,2.1,6.0,102.0,103.0,8,11
2025-08-05 12:00:00,36.4,44,18.3,983.8,79,0.0,88,30.4,95.2,208.0,1.6,5.5,105.0,119.0,8,12
2025-08-05 13:00:00,37.2,43,17.9,982.9,75,0.0,88,31.2,100.6,201.0,1.5,4.6,105.0,132.0,8,13
2025-08-05 14:00:00,37.7,41,17.6,982.4,67,0.0,87,31.8,103.6,198.0,1.6,3.8,104.0,140.0,8,14
2025-08-05 15:00:00,37.7,41,17.3,982.1,20,0.0,87,32.1,104.5,200.0,1.7,3.2,102.0,141.0,8,15
2025-08-05 16:00:00,37.4,42,17.4,981.9,41,0.0,87,32.9,106.6,205.0,2.1,2.7,99.0,136.0,8,16
2025-08-05 17:00:00,36.9,42,17.1,981.4,51,0.0,87,34.1,101.0,213.0,3.8,2.8,92.0,131.0,8,17
2025-08-05 18:00:00,36.2,44,16.2,982.2,11,0.0,87,36.4,91.0,221.0,8.3,3.2,81.0,114.0,8,18
2025-08-05 19:00:00,35.4,47,13.7,982.2,3,0.0,87,41.7,83.8,232.0,14.6,3.7,66.0,89.0,8,19
2025-08-05 20:00:00,34.5,51,11.4,982.6,2,0.0,87,45.4,82.0,250.0,18.9,4.2,54.0,70.0,8,20
2025-08-05 21:00:00,34.0,53,12.0,983.0,1,0.0,88,48.4,82.9,289.0,19.9,4.6,48.0,59.0,8,21
2025-08-05 22:00:00,33.8,53,11.6,983.5,0,0.0,89,48.0,78.2,335.0,19.1,4.8,46.0,52.0,8,22
2025-08-05 23:00:00,33.4,55,12.4,983.7,0,0.0,90,41.8,68.7,350.0,17.1,4.8,46.0,51.0,8,23
2025-08-06 00:00:00,32.5,58,13.5,983.9,0,0.0,91,36.8,69.4,302.0,13.5,4.2,50.0,61.0,8,0
2025-08-06 01:00:00,32.2,57,14.4,983.4,0,0.0,92,34.6,79.9,223.0,8.8,3.3,57.0,77.0,8,1
2025-08-06 02:00:00,32.0,56,16.0,983.0,0,0.0,93,31.4,75.4,168.0,5.3,2.7,63.0,85.0,8,2
2025-08-06 03:00:00,31.7,56,17.0,982.9,0,0.0,93,28.1,62.9,164.0,4.3,2.6,67.0,75.0,8,3
2025-08-06 04:00:00,31.2,58,16.7,983.4,0,0.0,94,25.6,53.4,184.0,4.5,2.8,70.0,57.0,8,4
2025-08-06 05:00:00,30.6,60,15.1,984.4,0,0.0,94,22.2,37.1,205.0,4.1,2.8,70.0,27.0,8,5
2025-08-06 06:00:00,30.0,65,15.3,984.2,0,0.0,94,20.6,34.7,223.0,4.4,3.1,67.0,24.0,8,6
2025-08-06 07:00:00,30.1,64,15.3,984.7,0,0.0,94,20.8,32.0,242.0,4.8,3.6,64.0,20.0,8,7
2025-08-06 08:00:00,30.9,61,15.7,984.9,0,0.0,94,20.0,32.4,253.0,4.8,4.0,65.0,23.0,8,8
2025-08-06 09:00:00,32.1,56,13.4,985.7,0,0.0,94,19.9,38.2,249.0,4.1,4.4,74.0,36.0,8,9
2025-08-06 10:00:00,33.4,52,13.8,986.1,0,0.0,94,22.4,50.9,236.0,3.0,4.9,87.0,55.0,8,10
2025-08-06 11:00:00,34.6,48,14.7,985.9,0,0.0,93,25.6,67.1,224.0,2.1,5.0,97.0,77.0,8,11
2025-08-06 12:00:00,35.4,47,14.6,986.0,0,0.0,93,28.2,82.2,214.0,1.7,4.6,101.0,103.0,8,12
2025-08-06 13:00:00,36.0,46,14.8,985.4,0,0.0,93,30.7,97.6,205.0,1.5,3.9,102.0,130.0,8,13
2025-08-06 14:00:00,36.5,44,14.2,984.4,0,0.0,93,32.6,110.4,200.0,1.6,3.3,102.0,150.0,8,14
2025-08-06 15:00:00,36.7,44,14.4,983.9,0,0.0,93,33.5,115.0,201.0,1.4,2.8,102.0,159.0,8,15
2025-08-06 16:00:00,36.6,44,13.9,983.5,1,0.0,93,33.9,115.9,207.0,1.3,2.4,100.0,159.0,8,16
2025-08-06 17:00:00,36.0,46,13.5,983.3,5,0.0,93,28.3,91.5,215.0,3.1,2.2,95.0,123.0,8,17
2025-08-06 18:00:00,35.7,45,13.3,983.8,3,0.0,93,33.3,83.4,226.0,11.1,3.0,82.0,113.0,8,18
2025-08-06 19:00:00,34.7,48,10.7,984.1,1,0.0,92,46.3,91.7,240.0,22.1,4.0,64.0,99.0,8,19
2025-08-06 20:00:00,34.2,51,11.7,984.0,1,0.0,93,59.5,105.7,257.0,31.0,5.0,48.0,88.0,8,20
2025-08-06 21:00:00,33.7,52,9.8,984.5,2,0.0,94,70.5,118.3,283.0,35.3,5.8,38.0,82.0,8,21
2025-08-06 22:00:00,33.2,54,8.3,985.2,1,0.0,95,75.0,120.1,312.0,37.4,6.4,31.0,79.0,8,22
2025-08-06 23:00:00,32.8,56,7.9,985.2,0,0.0,98,80.6,120.1,330.0,38.9,6.8,25.0,75.0,8,23
2025-08-07 00:00:00,32.1,58,9.5,985.0,0,0.0,101,85.4,123.4,330.0,41.2,6.9,20.0,69.0,8,0
2025-08-07 01:00:00,31.4,61,10.0,984.8,0,0.0,106,87.1,122.5,320.0,43.0,6.8,17.0,63.0,8,1
2025-08-07 02:00:00,31.0,62,10.1,984.2,0,0.0,111,82.7,114.1,307.0,42.1,6.5,16.0,58.0,8,2
2025-08-07 03:00:00,30.6,63,10.3,984.0,0,0.0,117,73.1,102.2,288.0,36.4,5.9,19.0,54.0,8,3
2025-08-07 04:00:00,30.3,63,10.7,984.2,0,0.0,121,61.2,89.9,267.0,27.9,5.0,24.0,51.0,8,4
2025-08-07 05:00:00,30.0,62,11.3,984.4,0,0.0,125,49.8,75.0,260.0,20.5,4.5,32.0,47.0,8,5
2025-08-07 06:00:00,30.2,63,11.9,984.1,0,0.0,128,39.9,56.7,284.0,15.5,4.4,42.0,37.0,8,6
2025-08-07 07:00:00,30.8,62,9.5,985.0,0,0.0,130,34.0,44.8,323.0,11.6,4.5,55.0,26.0,8,7
2025-08-07 08:00:00,31.9,59,12.3,985.4,0,0.0,131,29.3,43.8,344.0,8.3,5.0,68.0,28.0,8,8
2025-08-07 09:00:00,33.4,55,11.5,985.9,0,0.0,132,27.4,55.3,329.0,5.7,6.2,84.0,56.0,8,9
2025-08-07 10:00:00,34.8,51,11.8,986.2,0,0.0,133,31.8,80.3,296.0,3.8,7.7,101.0,98.0,8,10
2025-08-07 11:00:00,36.2,47,12.6,985.9,0,0.0,134,36.0,105.0,269.0,2.4,8.5,112.0,132.0,8,11
2025-08-07 12:00:00,37.3,44,13.0,985.6,34,0.0,135,38.9,125.3,256.0,1.6,7.8,115.0,152.0,8,12
2025-08-07 13:00:00,37.8,43,13.8,984.6,26,0.0,136,39.2,130.9,248.0,1.5,6.4,112.0,164.0,8,13
2025-08-07 14:00:00,38.1,42,14.4,983.8,24,0.0,137,37.1,122.5,243.0,1.6,5.2,108.0,166.0,8,14
2025-08-07 15:00:00,38.1,42,14.3,983.1,40,0.0,138,34.6,109.7,240.0,1.8,4.4,105.0,152.0,8,15
2025-08-07 16:00:00,38.0,42,15.3,982.5,13,0.0,138,32.2,97.3,239.0,2.2,3.7,102.0,128.0,8,16
2025-08-07 17:00:00,37.2,44,15.4,982.0,7,0.0,138,26.0,67.3,243.0,3.5,4.5,100.0,79.0,8,17
2025-08-07 18:00:00,36.2,43,15.2,983.0,3,0.0,137,27.7,58.2,252.0,7.7,4.6,89.0,67.0,8,18
2025-08-07 19:00:00,35.3,45,11.3,983.0,4,0.0,137,34.2,56.7,266.0,13.5,4.8,74.0,50.0,8,19
2025-08-07 20:00:00,34.3,50,12.7,982.5,0,0.0,136,36.6,55.4,279.0,17.7,5.0,62.0,37.0,8,20
2025-08-07 21:00:00,33.5,52,8.2,983.5,0,0.0,133,37.3,54.5,294.0,19.1,5.2,56.0,30.0,8,21
2025-08-07 22:00:00,33.0,54,11.8,983.7,0,0.0,130,39.0,53.9,309.0,18.9,5.4,52.0,26.0,8,22
2025-08-07 23:00:00,32.6,54,10.8,984.0,0,0.0,126,38.5,50.8,315.0,18.1,5.5,50.0,23.0,8,23
2025-08-08 00:00:00,32.3,54,10.6,983.8,0,0.0,122,35.2,44.6,304.0,16.9,5.3,48.0,19.0,8,0
2025-08-08 01:00:00,31.8,55,11.0,983.3,0,0.0,116,32.0,39.6,284.0,15.0,5.0,46.0,16.0,8,1
2025-08-08 02:00:00,31.1,58,11.0,982.9,0,0.0,111,29.1,37.0,266.0,13.1,4.7,47.0,15.0,8,2
2025-08-08 03:00:00,30.6,60,11.3,982.7,0,0.0,105,26.5,35.7,251.0,11.0,4.6,50.0,15.0,8,3
2025-08-08 04:00:00,30.2,60,11.5,983.0,0,0.0,100,23.8,32.9,239.0,8.8,4.6,55.0,17.0,8,4
2025-08-08 05:00:00,30.0,59,13.1,983.3,0,0.0,97,25.3,54.6,239.0,7.0,7.8,63.0,56.0,8,5
2025-08-08 06:00:00,30.8,59,12.8,983.0,0,0.0,95,25.6,53.9,262.0,7.0,7.1,64.0,56.0,8,6
2025-08-08 07:00:00,31.1,58,10.5,983.6,0,0.0,94,27.1,55.4,297.0,7.0,6.1,66.0,56.0,8,7
2025-08-08 08:00:00,32.1,56,14.5,984.2,0,0.0,94,28.6,61.5,318.0,6.5,5.5,70.0,62.0,8,8
2025-08-08 09:00:00,33.2,54,15.8,985.0,0,0.0,94,29.7,70.1,310.0,5.2,5.8,80.0,78.0,8,9
2025-08-08 10:00:00,34.4,52,15.8,985.5,0,0.0,94,32.4,82.7,289.0,3.6,6.6,92.0,101.0,8,10
2025-08-08 11:00:00,35.7,48,15.1,985.4,0,0.0,94,34.8,97.3,271.0,2.3,7.1,102.0,120.0,8,11
2025-08-08 12:00:00,36.8,45,15.3,985.4,0,0.0,94,36.3,107.6,263.0,1.7,7.1,106.0,135.0,8,12
2025-08-08 13:00:00,37.8,42,14.6,984.6,0,0.0,93,36.9,114.1,260.0,1.5,6.8,107.0,148.0,8,13
2025-08-08 14:00:00,38.4,41,14.8,984.2,0,0.0,93,36.9,115.7,257.0,1.7,6.4,106.0,153.0,8,14
2025-08-08 15:00:00,38.6,40,14.1,983.7,0,0.0,93,36.0,112.2,254.0,2.0,5.8,105.0,146.0,8,15
2025-08-08 16:00:00,38.5,40,13.7,983.4,0,0.0,93,34.9,106.9,252.0,2.7,5.2,103.0,132.0,8,16
2025-08-08 17:00:00,37.8,42,15.5,983.4,0,0.0,94,31.1,86.6,255.0,4.3,5.6,100.0,107.0,8,17
2025-08-08 18:00:00,37.2,40,14.7,984.2,1,0.0,94,34.7,75.9,263.0,8.5,5.3,89.0,92.0,8,18
2025-08-08 19:00:00,35.8,44,12.5,984.3,0,0.0,95,40.9,73.8,276.0,14.5,4.9,73.0,72.0,8,19
2025-08-08 20:00:00,34.8,49,8.5,985.4,0,0.0,95,47.4,78.7,294.0,21.0,5.1,58.0,59.0,8,20
2025-08-08 21:00:00,34.3,51,8.0,985.9,0,0.0,96,55.4,90.1,328.0,28.5,6.5,47.0,59.0,8,21
2025-08-08 22:00:00,33.9,53,6.7,986.5,0,0.0,97,64.3,101.3,366.0,36.5,8.4,37.0,66.0,8,22
2025-08-08 23:00:00,33.6,53,9.0,986.7,1,0.0,99,83.4,120.6,380.0,41.9,9.5,29.0,70.0,8,23
2025-08-09 00:00:00,32.9,55,9.2,986.5,23,0.0,104,96.6,128.5,345.0,43.9,9.1,23.0,66.0,8,0
2025-08-09 01:00:00,32.0,60,9.2,986.4,15,0.0,110,92.4,121.1,285.0,43.3,7.9,19.0,59.0,8,1
2025-08-09 02:00:00,31.6,61,10.3,986.1,1,0.0,116,83.1,110.8,239.0,39.7,6.7,19.0,51.0,8,2
2025-08-09 03:00:00,31.3,59,11.1,986.3,0,0.0,122,65.9,92.0,223.0,31.1,5.6,27.0,40.0,8,3
2025-08-09 04:00:00,31.0,56,12.6,986.4,1,0.0,126,46.1,64.5,221.0,19.5,4.4,40.0,27.0,8,4
2025-08-09 05:00:00,30.7,57,12.2,987.1,0,0.0,129,25.4,60.3,231.0,7.4,4.1,58.0,67.0,8,5
2025-08-09 06:00:00,30.9,61,10.1,986.9,0,0.0,129,23.2,51.2,262.0,7.2,4.2,61.0,58.0,8,6
2025-08-09 07:00:00,31.4,59,9.0,987.7,0,0.0,128,24.2,49.5,305.0,6.8,4.5,66.0,47.0,8,7
2025-08-09 08:00:00,32.4,57,12.5,988.3,0,0.0,128,24.4,50.4,330.0,6.2,4.9,73.0,49.0,8,8
2025-08-09 09:00:00,33.7,53,12.9,988.6,0,0.0,128,25.8,62.4,321.0,5.0,5.8,84.0,75.0,8,9
2025-08-09 10:00:00,35.2,49,12.4,988.8,0,0.0,127,30.5,88.2,293.0,3.5,6.9,98.0,115.0,8,10
2025-08-09 11:00:00,36.7,44,11.3,988.8,0,0.0,127,34.6,111.8,269.0,2.4,7.6,109.0,148.0,8,11
2025-08-09 12:00:00,38.1,40,10.1,988.3,7,0.0,127,37.3,126.2,253.0,1.9,7.6,115.0,169.0,8,12
2025-08-09 13:00:00,39.1,37,10.0,987.5,11,0.0,127,38.6,133.2,240.0,1.8,7.2,118.0,184.0,8,13
2025-08-09 14:00:00,39.6,36,10.1,986.8,21,0.0,127,39.3,137.8,233.0,1.9,6.6,119.0,192.0,8,14
2025-08-09 15:00:00,39.7,35,10.6,985.9,21,0.0,127,39.0,137.8,234.0,1.8,5.7,118.0,193.0,8,15
2025-08-09 16:00:00,39.1,37,12.4,985.3,38,0.0,128,38.3,134.1,242.0,2.0,4.6,114.0,186.0,8,16
2025-08-09 17:00:00,38.1,40,12.8,985.0,29,0.0,128,31.9,115.7,252.0,3.5,4.2,104.0,164.0,8,17
2025-08-09 18:00:00,37.1,41,12.3,986.1,100,0.0,128,35.7,98.7,265.0,9.0,4.2,90.0,145.0,8,18
2025-08-09 19:00:00,36.0,44,10.6,985.9,100,0.0,128,44.4,97.6,281.0,16.9,4.2,71.0,118.0,8,19
2025-08-09 20:00:00,35.0,49,10.3,986.1,98,0.0,129,56.0,108.3,298.0,25.3,4.7,53.0,100.0,8,20
2025-08-09 21:00:00,34.3,52,8.3,986.2,100,0.0,130,71.9,127.6,319.0,34.2,6.0,39.0,98.0,8,21
2025-08-09 22:00:00,33.7,53,7.0,986.5,100,0.0,131,92.0,150.4,341.0,43.6,7.8,27.0,104.0,8,22
2025-08-09 23:00:00,33.4,54,6.1,986.7,40,0.0,134,106.9,163.9,350.0,51.1,9.1,17.0,109.0,8,23
2025-08-10 00:00:00,32.8,55,6.9,986.8,4,0.0,137,105.9,159.3,334.0,56.3,9.5,11.0,111.0,8,0
2025-08-10 01:00:00,32.0,58,8.5,986.4,1,0.0,138,110.1,165.8,305.0,59.7,9.5,7.0,113.0,8,1
2025-08-10 02:00:00,31.3,62,9.1,986.4,1,0.0,139,119.7,177.9,284.0,59.7,9.2,7.0,111.0,8,2
2025-08-10 03:00:00,31.1,62,9.2,986.1,4,0.0,143,128.1,187.7,278.0,55.0,8.6,9.0,104.0,8,3
2025-08-10 04:00:00,30.9,62,10.5,986.1,0,0.0,150,114.6,165.8,280.0,47.1,7.8,14.0,94.0,8,4
2025-08-10 05:00:00,30.5,62,10.7,986.3,0,0.0,152,37.6,65.7,288.0,12.8,4.0,44.0,53.0,8,5
2025-08-10 06:00:00,31.0,61,11.1,986.0,14,0.0,152,29.7,44.6,309.0,11.5,4.0,50.0,39.0,8,6
2025-08-10 07:00:00,31.7,58,8.8,986.3,0,0.0,153,27.5,34.2,336.0,9.7,4.1,59.0,21.0,8,7
2025-08-10 08:00:00,33.2,53,11.1,986.7,0,0.0,153,27.6,33.9,344.0,7.8,4.5,70.0,12.0,8,8
2025-08-10 09:00:00,34.9,49,13.2,987.0,0,0.0,153,26.7,39.0,315.0,5.9,5.9,86.0,22.0,8,9
2025-08-10 10:00:00,36.4,44,14.8,987.2,0,0.0,153,27.3,49.5,266.0,4.0,7.6,105.0,42.0,8,10
2025-08-10 11:00:00,37.6,41,15.2,987.3,0,0.0,153,27.9,59.3,229.0,2.6,8.5,118.0,61.0,8,11
2025-08-10 12:00:00,38.5,38,14.7,986.8,1,0.0,152,27.1,61.7,216.0,1.8,7.6,120.0,76.0,8,12
2025-08-10 13:00:00,39.2,36,15.3,986.0,2,0.0,152,26.3,66.6,215.0,1.6,5.8,116.0,91.0,8,13
2025-08-10 14:00:00,39.3,35,15.0,985.1,4,0.0,152,28.5,80.3,217.0,1.7,4.4,111.0,100.0,8,14
2025-08-10 15:00:00,39.4,35,14.2,984.1,3,0.0,151,29.3,85.9,221.0,1.8,3.8,109.0,103.0,8,15
2025-08-10 16:00:00,39.2,35,13.7,983.2,3,0.0,151,29.5,85.4,229.0,2.2,3.6,106.0,100.0,8,16
2025-08-10 17:00:00,38.5,36,13.4,982.6,6,0.0,151,26.4,76.4,240.0,3.7,4.2,103.0,97.0,8,17
2025-08-10 18:00:00,37.3,38,13.7,983.6,3,0.0,151,31.7,71.0,255.0,9.7,4.3,89.0,85.0,8,18
2025-08-10 19:00:00,36.3,42,11.0,983.9,1,0.0,151,42.3,76.6,274.0,18.0,4.6,70.0,69.0,8,19
2025-08-10 20:00:00,35.5,45,9.4,984.2,9,0.0,151,50.4,81.0,291.0,24.9,5.0,54.0,58.0,8,20
2025-08-10 21:00:00,35.0,47,8.9,985.0,5,0.0,150,57.0,87.5,308.0,29.0,5.9,44.0,56.0,8,21
2025-08-10 22:00:00,34.5,48,9.1,985.3,3,0.0,150,64.3,96.6,323.0,31.7,7.0,38.0,59.0,8,22
2025-08-10 23:00:00,34.0,48,9.2,985.3,3,0.0,147,69.2,101.5,328.0,33.7,7.7,33.0,61.0,8,23
2025-08-11 00:00:00,33.6,47,9.8,985.1,1,0.0,143,69.8,101.3,315.0,35.8,7.8,28.0,59.0,8,0
2025-08-11 01:00:00,33.1,47,11.3,984.9,0,0.0,139,72.9,103.8,291.0,37.2,7.5,25.0,56.0,8,1
2025-08-11 02:00:00,32.6,49,13.6,984.7,1,0.0,135,72.9,100.4,268.0,35.5,7.2,25.0,51.0,8,2
2025-08-11 03:00:00,32.3,49,14.1,984.5,1,0.0,130,58.1,78.9,246.0,28.2,6.9,31.0,41.0,8,3
2025-08-11 04:00:00,32.0,50,13.9,984.6,0,0.0,123,41.3,57.2,225.0,17.9,6.4,41.0,29.0,8,4
2025-08-11 05:00:00,31.7,51,14.1,984.9,20,0.0,116,21.1,21.3,217.0,6.2,4.4,59.0,0.0,8,5
2025-08-11 06:00:00,32.1,55,14.2,984.4,12,0.0,114,21.5,22.6,234.0,6.3,4.3,61.0,2.0,8,6
2025-08-11 07:00:00,32.3,55,13.0,984.9,4,0.0,113,23.6,27.7,264.0,6.4,4.2,65.0,6.0,8,7
2025-08-11 08:00:00,33.2,54,15.8,985.2,0,0.0,113,25.4,34.5,283.0,6.1,4.5,72.0,17.0,8,8
2025-08-11 09:00:00,34.6,51,16.3,985.5,2,0.0,112,26.2,44.9,279.0,5.0,5.7,84.0,41.0,8,9
2025-08-11 10:00:00,36.1,47,16.4,985.2,53,0.0,112,27.8,60.3,264.0,3.5,7.3,99.0,71.0,8,10
2025-08-11 11:00:00,37.3,44,16.8,985.1,39,0.0,112,30.4,78.5,249.0,2.4,8.1,110.0,92.0,8,11
2025-08-11 12:00:00,38.2,41,16.9,984.5,73,0.0,113,31.7,87.1,236.0,1.8,7.6,113.0,98.0,8,12
2025-08-11 13:00:00,38.9,39,16.7,983.6,51,0.0,113,30.4,83.1,224.0,1.5,6.3,112.0,95.0,8,13
2025-08-11 14:00:00,39.2,38,17.3,982.6,48,0.0,114,28.0,74.3,216.0,1.8,5.2,109.0,89.0,8,14
2025-08-11 15:00:00,39.1,38,17.5,981.9,85,0.0,113,25.8,65.9,215.0,2.6,4.4,104.0,78.0,8,15
2025-08-11 16:00:00,38.7,38,17.5,981.3,62,0.0,113,24.0,57.0,219.0,3.9,3.6,97.0,64.0,8,16
2025-08-11 17:00:00,38.1,40,17.5,980.9,100,0.0,113,21.0,47.4,225.0,4.0,3.2,97.0,52.0,8,17
2025-08-11 18:00:00,37.3,41,17.1,981.5,100,0.0,112,23.4,42.1,234.0,7.4,3.6,87.0,43.0,8,18
2025-08-11 19:00:00,36.2,44,14.6,981.9,100,0.0,111,27.9,41.4,245.0,12.1,4.2,73.0,31.0,8,19
2025-08-11 20:00:00,35.7,46,13.6,982.4,100,0.0,110,31.1,41.7,253.0,15.4,4.7,62.0,21.0,8,20
2025-08-11 21:00:00,35.3,47,14.9,982.4,100,0.0,108,33.3,42.3,258.0,16.3,5.0,56.0,16.0,8,21
2025-08-11 22:00:00,35.0,47,15.0,982.4,99,0.0,105,34.6,42.8,259.0,15.9,5.1,54.0,15.0,8,22
2025-08-11 23:00:00,34.7,48,14.8,982.5,26,0.0,102,33.4,41.9,253.0,14.6,5.0,53.0,16.0,8,23
2025-08-12 00:00:00,33.8,51,14.8,982.6,97,0.0,99,30.2,40.4,232.0,12.0,4.5,54.0,22.0,8,0
2025-08-12 01:00:00,33.4,51,16.8,982.0,96,0.0,96,27.0,42.3,203.0,8.6,3.8,57.0,31.0,8,1
2025-08-12 02:00:00,33.1,51,17.0,981.7,69,0.0,92,24.4,43.7,186.0,5.9,3.2,61.0,37.0,8,2
2025-08-12 03:00:00,32.5,52,16.7,981.7,93,0.0,88,22.7,39.3,190.0,4.6,2.8,66.0,35.0,8,3
2025-08-12 04:00:00,32.0,55,16.2,982.1,100,0.0,85,22.1,34.7,204.0,4.0,2.6,71.0,29.0,8,4
2025-08-12 05:00:00,31.6,56,15.9,982.0,100,0.0,84,22.8,44.6,222.0,3.9,3.3,77.0,42.0,8,5
2025-08-12 06:00:00,31.5,60,17.2,982.3,100,0.0,84,22.8,41.1,245.0,4.5,3.6,72.0,38.0,8,6
2025-08-12 07:00:00,31.5,60,17.1,983.2,100,0.0,84,24.2,41.2,270.0,5.4,3.9,67.0,33.0,8,7
2025-08-12 08:00:00,31.9,59,17.4,983.7,100,0.0,84,24.9,41.6,281.0,5.7,4.3,65.0,32.0,8,8
2025-08-12 09:00:00,32.7,56,17.3,984.3,100,0.0,84,24.1,45.2,267.0,4.9,4.6,72.0,37.0,8,9
2025-08-12 10:00:00,32.5,57,17.1,984.7,100,0.0,84,24.4,49.7,240.0,3.6,5.0,83.0,46.0,8,10
2025-08-12 11:00:00,34.4,51,16.8,984.3,89,0.0,84,24.6,53.8,217.0,2.6,5.1,91.0,56.0,8,11
2025-08-12 12:00:00,35.9,46,16.5,983.9,100,0.0,83,25.4,60.3,204.0,2.3,5.0,93.0,66.0,8,12
2025-08-12 13:00:00,36.7,44,16.8,983.1,100,0.0,83,27.3,68.9,196.0,2.3,4.7,91.0,77.0,8,13
2025-08-12 14:00:00,37.2,42,15.3,982.5,100,0.0,83,29.5,76.6,193.0,2.5,4.4,89.0,89.0,8,14
2025-08-12 15:00:00,37.3,42,14.6,981.9,100,0.0,83,31.9,85.7,198.0,2.3,4.0,88.0,103.0,8,15
2025-08-12 16:00:00,37.0,43,14.4,981.0,100,0.0,83,34.6,94.5,208.0,2.3,3.6,86.0,118.0,8,16
2025-08-12 17:00:00,36.4,45,13.9,980.7,99,0.0,84,35.0,89.2,217.0,4.3,1.7,79.0,105.0,8,17
2025-08-12 18:00:00,35.1,48,15.0,981.9,100,0.0,85,39.6,90.1,224.0,7.9,2.5,72.0,98.0,8,18
2025-08-12 19:00:00,34.3,50,12.6,982.0,100,0.0,86,46.7,90.6,230.0,13.0,3.6,61.0,89.0,8,19
2025-08-12 20:00:00,33.9,52,9.8,982.4,100,0.0,88,51.3,95.0,237.0,17.2,4.5,52.0,84.0,8,20
2025-08-12 21:00:00,33.5,53,10.2,982.9,100,0.0,89,54.6,102.0,249.0,19.8,5.1,45.0,87.0,8,21
2025-08-12 22:00:00,33.3,53,10.4,983.1,99,0.0,91,60.1,111.8,261.0,21.5,5.5,40.0,95.0,8,22
2025-08-12 23:00:00,33.0,54,9.3,983.1,100,0.0,93,63.8,119.0,267.0,21.9,5.6,37.0,106.0,8,23
2025-08-13 00:00:00,32.7,55,9.2,983.1,100,0.0,95,61.5,117.8,259.0,20.5,5.0,36.0,121.0,8,0
2025-08-13 01:00:00,32.3,56,9.5,982.8,100,0.0,98,57.4,120.1,244.0,17.7,4.1,38.0,139.0,8,1
2025-08-13 02:00:00,32.0,57,8.8,982.4,100,0.0,100,54.9,132.7,232.0,15.2,3.3,39.0,150.0,8,2
2025-08-13 03:00:00,31.7,57,8.7,982.1,100,0.0,104,54.1,152.3,224.0,13.2,2.9,38.0,154.0,8,3
2025-08-13 04:00:00,31.6,58,8.3,982.2,100,0.0,107,52.2,151.8,218.0,11.3,2.8,38.0,151.0,8,4
2025-08-13 05:00:00,31.1,59,8.8,982.2,100,0.0,110,27.5,41.3,221.0,6.6,3.0,54.0,25.0,8,5
2025-08-13 06:00:00,31.8,58,9.7,982.6,100,0.0,110,24.3,30.6,242.0,7.4,3.1,55.0,19.0,8,6
2025-08-13 07:00:00,32.0,57,9.6,983.3,100,0.0,111,25.1,30.6,272.0,8.3,3.3,57.0,12.0,8,7
2025-08-13 08:00:00,33.0,53,10.3,983.5,100,0.0,111,26.4,32.7,288.0,8.4,3.7,63.0,12.0,8,8
2025-08-13 09:00:00,34.3,49,10.9,984.1,64,0.0,111,23.6,34.5,278.0,6.8,4.6,78.0,24.0,8,9
2025-08-13 10:00:00,35.7,45,10.6,984.1,64,0.0,111,23.4,42.5,254.0,4.2,5.8,97.0,43.0,8,10
2025-08-13 11:00:00,37.0,42,10.5,983.8,61,0.0,111,24.6,55.6,233.0,2.3,6.3,111.0,59.0,8,11
2025-08-13 12:00:00,38.1,39,10.9,983.1,90,0.0,111,25.7,63.8,218.0,1.5,5.6,115.0,69.0,8,12
2025-08-13 13:00:00,38.7,37,12.4,982.3,9,0.0,111,25.2,65.0,206.0,1.4,4.3,113.0,77.0,8,13
2025-08-13 14:00:00,39.0,37,13.9,981.5,31,0.0,111,25.0,68.5,199.0,1.6,3.2,109.0,83.0,8,14
2025-08-13 15:00:00,38.7,38,14.8,980.8,27,0.0,110,24.7,72.9,202.0,1.6,2.4,106.0,87.0,8,15
2025-08-13 16:00:00,38.3,38,13.1,980.5,54,0.0,109,25.0,75.2,210.0,2.1,1.8,101.0,89.0,8,16
2025-08-13 17:00:00,37.9,38,13.5,980.2,23,0.0,108,28.5,92.9,219.0,3.7,1.5,93.0,126.0,8,17
2025-08-13 18:00:00,36.9,39,13.2,981.7,3,0.0,108,35.3,85.7,226.0,12.2,2.5,80.0,117.0,8,18
2025-08-13 19:00:00,35.9,42,9.2,982.1,95,0.0,107,50.2,98.0,232.0,24.3,3.9,61.0,104.0,8,19
2025-08-13 20:00:00,35.6,43,8.0,982.6,100,0.0,108,67.8,117.3,243.0,36.1,5.5,44.0,95.0,8,20
2025-08-13 21:00:00,35.5,43,7.1,983.3,97,0.0,109,83.4,135.0,263.0,47.1,7.4,30.0,94.0,8,21
2025-08-13 22:00:00,35.1,44,8.2,983.9,99,0.0,112,102.2,154.6,286.0,57.9,9.5,17.0,97.0,8,22
2025-08-13 23:00:00,34.6,46,6.0,984.2,97,0.0,117,119.7,174.2,299.0,66.1,11.0,8.0,103.0,8,23
2025-08-14 00:00:00,34.2,47,4.5,984.1,100,0.0,122,129.0,186.7,290.0,71.3,11.7,3.0,114.0,8,0
2025-08-14 01:00:00,33.9,48,5.0,983.8,100,0.0,130,134.1,197.9,271.0,73.9,11.8,1.0,127.0,8,1
2025-08-14 02:00:00,33.6,49,5.1,983.8,100,0.0,137,141.1,210.5,263.0,72.6,11.4,2.0,132.0,8,2
2025-08-14 03:00:00,33.2,51,6.1,983.9,95,0.0,146,145.8,216.5,278.0,65.5,10.4,4.0,118.0,8,3
2025-08-14 04:00:00,32.6,52,7.8,984.2,44,0.0,152,126.7,186.3,303.0,54.5,8.9,9.0,95.0,8,4
2025-08-14 05:00:00,31.9,55,8.7,984.4,100,0.0,154,49.0,97.3,326.0,18.9,4.8,29.0,93.0,8,5
2025-08-14 06:00:00,32.3,59,8.2,984.3,100,0.0,155,45.2,136.4,348.0,16.1,4.4,32.0,108.0,8,6
2025-08-14 07:00:00,32.9,57,8.2,984.9,100,0.0,155,44.2,137.4,367.0,12.2,3.9,37.0,127.0,8,7
2025-08-14 08:00:00,34.3,50,10.3,985.3,100,0.0,156,41.1,109.2,364.0,8.9,3.6,45.0,132.0,8,8
2025-08-14 09:00:00,35.5,45,11.9,985.9,100,0.0,156,38.6,90.8,316.0,6.9,3.8,58.0,106.0,8,9
2025-08-14 10:00:00,36.7,42,13.0,985.9,100,0.0,157,35.7,72.4,246.0,5.5,4.3,73.0,67.0,8,10
2025-08-14 11:00:00,37.4,40,14.2,985.9,100,0.0,157,32.0,57.4,199.0,4.4,4.4,84.0,46.0,8,11
2025-08-14 12:00:00,36.8,41,16.1,985.9,100,0.4,157,28.3,57.0,196.0,3.4,3.9,87.0,66.0,8,12
2025-08-14 13:00:00,36.8,43,13.0,985.5,100,0.1,157,30.3,88.9,216.0,2.7,3.0,87.0,105.0,8,13
2025-08-14 14:00:00,35.5,46,14.7,984.8,100,0.0,157,30.5,98.0,239.0,2.7,2.3,85.0,131.0,8,14
2025-08-14 15:00:00,35.7,46,13.0,984.3,100,0.0,158,28.2,89.6,261.0,3.3,1.8,84.0,128.0,8,15
2025-08-14 16:00:00,34.9,50,11.9,984.0,100,0.0,158,28.0,85.9,286.0,4.5,1.4,83.0,112.0,8,16
2025-08-14 17:00:00,34.2,54,10.4,983.6,100,0.0,158,34.3,92.2,307.0,7.5,1.7,70.0,112.0,8,17
2025-08-14 18:00:00,34.6,48,12.7,985.3,100,0.0,158,39.1,91.3,321.0,11.2,1.9,62.0,118.0,8,18
2025-08-14 19:00:00,33.9,50,9.6,985.0,100,0.0,158,49.1,100.4,332.0,16.1,2.3,51.0,125.0,8,19
2025-08-14 20:00:00,33.5,53,8.5,985.5,100,0.0,158,57.0,124.3,338.0,18.8,3.0,46.0,128.0,8,20
2025-08-14 21:00:00,32.0,65,11.8,986.3,100,0.0,158,59.1,135.0,346.0,17.1,4.1,51.0,124.0,8,21
2025-08-14 22:00:00,31.4,68,12.1,986.8,100,0.0,157,54.5,122.5,350.0,13.2,5.6,62.0,116.0,8,22
2025-08-14 23:00:00,31.0,67,13.4,987.0,100,0.1,156,48.2,103.8,335.0,10.3,7.4,69.0,105.0,8,23
2025-08-15 00:00:00,30.7,68,12.5,986.5,100,0.0,153,43.0,86.4,279.0,9.7,9.9,70.0,89.0,8,0
2025-08-15 01:00:00,30.3,70,11.3,986.3,100,0.0,151,40.9,75.9,204.0,10.2,12.7,68.0,71.0,8,1
2025-08-15 02:00:00,30.1,71,7.5,986.2,100,0.0,144,40.2,70.1,156.0,11.0,14.8,64.0,57.0,8,2
2025-08-15 03:00:00,29.9,72,5.4,986.1,97,0.0,133,40.3,66.8,148.0,12.0,15.7,58.0,50.0,8,3
2025-08-15 04:00:00,29.8,72,5.3,986.2,100,0.0,122,41.0,65.7,168.0,13.4,15.9,51.0,48.0,8,4
2025-08-15 05:00:00,29.8,73,6.9,986.3,100,0.0,113,41.9,71.5,223.0,14.2,12.5,43.0,57.0,8,5
2025-08-15 06:00:00,30.6,72,8.0,986.0,100,0.0,112,43.0,72.9,349.0,15.8,11.7,39.0,57.0,8,6
2025-08-15 07:00:00,30.7,73,7.9,986.3,100,0.0,112,45.6,74.5,511.0,17.9,10.5,33.0,58.0,8,7
2025-08-15 08:00:00,31.6,68,8.0,986.5,100,0.0,112,47.7,78.0,605.0,18.0,9.2,36.0,58.0,8,8
2025-08-15 09:00:00,32.4,64,7.9,986.4,100,0.0,113,45.9,82.4,573.0,14.2,7.8,54.0,57.0,8,9
2025-08-15 10:00:00,33.8,57,6.9,986.6,99,0.0,114,41.3,75.7,474.0,8.4,6.2,81.0,55.0,8,10
2025-08-15 11:00:00,34.7,52,5.7,986.3,99,0.0,114,33.8,62.4,386.0,4.0,5.0,101.0,56.0,8,11
2025-08-15 12:00:00,35.9,47,5.8,985.8,86,0.0,115,28.5,62.4,334.0,2.3,4.3,109.0,63.0,8,12
2025-08-15 13:00:00,37.3,42,5.3,985.0,76,0.0,115,27.8,68.0,293.0,1.9,3.9,110.0,74.0,8,13
2025-08-15 14:00:00,38.7,38,6.7,983.6,68,0.0,114,28.0,71.0,264.0,1.9,3.5,109.0,82.0,8,14
2025-08-15 15:00:00,39.1,37,8.2,982.5,87,0.0,114,27.8,73.6,250.0,1.5,3.0,107.0,88.0,8,15
2025-08-15 16:00:00,38.2,39,9.0,981.7,92,0.0,114,28.1,76.1,247.0,1.5,2.7,103.0,92.0,8,16
2025-08-15 17:00:00,37.7,40,11.1,981.5,93,0.0,114,30.6,67.3,249.0,3.9,1.6,93.0,71.0,8,17
2025-08-15 18:00:00,36.7,42,9.9,982.7,100,0.0,114,35.6,63.3,250.0,8.3,2.0,84.0,60.0,8,18
2025-08-15 19:00:00,35.4,48,11.3,982.6,94,0.0,113,44.6,65.7,256.0,14.4,2.5,71.0,45.0,8,19
2025-08-15 20:00:00,34.1,55,9.8,983.5,95,0.0,113,52.3,69.8,273.0,18.3,3.1,63.0,34.0,8,20
2025-08-15 21:00:00,33.6,57,9.7,984.0,73,0.0,112,54.7,70.3,312.0,18.1,3.6,64.0,30.0,8,21
2025-08-15 22:00:00,32.8,63,9.9,984.2,100,0.0,112,55.2,70.5,362.0,15.8,4.2,69.0,31.0,8,22
2025-08-15 23:00:00,32.5,64,7.4,984.2,100,0.0,112,54.7,71.2,403.0,13.9,4.6,72.0,32.0,8,23
2025-08-16 00:00:00,32.4,64,6.8,984.2,100,0.0,113,52.3,69.8,420.0,13.3,4.9,70.0,33.0,8,0
2025-08-16 01:00:00,32.1,65,6.5,983.9,100,0.0,114,49.8,68.7,428.0,13.0,5.2,67.0,36.0,8,1
2025-08-16 02:00:00,31.7,67,6.5,983.6,95,0.0,114,47.8,68.2,451.0,13.1,5.4,63.0,39.0,8,2
2025-08-16 03:00:00,31.3,68,7.9,983.5,99,0.0,115,46.8,69.4,514.0,13.6,5.5,58.0,43.0,8,3
2025-08-16 04:00:00,31.1,69,8.6,983.7,100,0.0,116,46.6,71.2,592.0,14.5,5.6,52.0,48.0,8,4
2025-08-16 05:00:00,31.0,69,7.6,984.0,99,0.0,116,50.3,64.0,629.0,16.0,5.6,47.0,27.0,8,5
2025-08-16 06:00:00,31.9,70,8.7,983.4,98,0.0,117,50.2,63.1,592.0,16.6,6.0,48.0,26.0,8,6
2025-08-16 07:00:00,32.3,66,8.4,984.2,16,0.0,118,52.2,64.7,515.0,17.3,6.5,51.0,26.0,8,7
2025-08-16 08:00:00,33.7,58,8.8,984.4,26,0.0,119,52.9,67.3,439.0,16.4,7.1,62.0,28.0,8,8
2025-08-16 09:00:00,35.5,51,7.5,984.6,78,0.0,119,48.8,66.8,373.0,12.5,8.1,90.0,34.0,8,9
2025-08-16 10:00:00,36.8,46,7.1,984.6,96,0.0,120,42.5,59.5,309.0,7.0,9.2,126.0,43.0,8,10
2025-08-16 11:00:00,37.5,44,8.5,984.1,77,0.0,120,37.5,63.1,262.0,2.9,9.6,151.0,50.0,8,11
2025-08-16 12:00:00,38.4,42,7.8,983.7,18,0.0,120,36.1,68.0,242.0,1.5,8.6,153.0,56.0,8,12
2025-08-16 13:00:00,39.0,39,8.5,983.0,24,0.0,121,36.3,68.9,240.0,1.6,6.7,144.0,60.0,8,13
2025-08-16 14:00:00,38.8,39,11.1,982.2,59,0.0,122,36.1,67.5,246.0,1.9,5.3,135.0,62.0,8,14
2025-08-16 15:00:00,36.3,48,7.6,981.7,81,0.5,123,35.6,65.7,261.0,1.8,4.6,132.0,61.0,8,15
2025-08-16 16:00:00,37.7,44,3.9,980.7,30,0.0,123,35.0,63.6,286.0,2.0,4.3,129.0,58.0,8,16
2025-08-16 17:00:00,37.7,44,4.7,980.5,46,0.0,124,38.3,68.5,307.0,4.1,3.0,110.0,59.0,8,17
2025-08-16 18:00:00,38.0,40,7.5,981.2,45,0.0,125,43.8,65.7,319.0,8.3,3.3,98.0,51.0,8,18
2025-08-16 19:00:00,36.9,44,9.0,981.5,9,0.0,126,50.4,68.9,329.0,14.1,3.8,81.0,39.0,8,19
2025-08-16 20:00:00,35.9,49,8.3,982.1,4,0.0,126,55.1,71.7,345.0,17.9,4.2,70.0,33.0,8,20
2025-08-16 21:00:00,35.2,53,8.7,982.6,2,0.0,127,56.9,73.8,374.0,17.8,4.5,69.0,37.0,8,21
2025-08-16 22:00:00,34.6,58,8.6,982.9,1,0.0,127,57.0,78.2,409.0,15.7,4.7,74.0,46.0,8,22
2025-08-16 23:00:00,34.1,60,8.0,983.2,1,0.0,127,56.1,83.8,440.0,13.8,5.2,78.0,54.0,8,23
2025-08-17 00:00:00,33.6,62,6.4,983.2,0,0.0,127,52.9,86.6,465.0,12.7,6.0,81.0,59.0,8,0
2025-08-17 01:00:00,33.2,63,4.7,983.3,0,0.0,127,49.8,85.7,485.0,11.7,7.0,83.0,64.0,8,1
2025-08-17 02:00:00,32.8,64,4.9,983.3,3,0.0,127,47.0,82.2,500.0,11.4,7.9,82.0,68.0,8,2
2025-08-17 03:00:00,32.4,64,4.8,983.3,4,0.0,127,44.8,80.3,501.0,12.1,8.5,74.0,72.0,8,3
2025-08-17 04:00:00,31.9,65,5.8,983.4,1,0.0,127,43.5,82.2,496.0,13.4,9.0,63.0,76.0,8,4
2025-08-17 05:00:00,31.4,66,8.0,983.8,1,0.0,127,62.4,97.8,507.0,19.1,7.2,43.0,69.0,8,5
2025-08-17 06:00:00,32.1,72,8.9,983.0,100,0.0,128,68.5,99.0,568.0,18.2,7.4,48.0,61.0,8,6
2025-08-17 07:00:00,32.4,69,7.1,983.0,100,0.0,130,70.1,93.6,646.0,16.9,7.7,56.0,49.0,8,7
2025-08-17 08:00:00,34.1,61,7.7,983.5,89,0.0,132,62.6,84.8,663.0,14.8,8.0,71.0,43.0,8,8
2025-08-17 09:00:00,36.5,50,8.5,984.3,97,0.0,133,57.0,75.0,557.0,11.3,8.7,101.0,45.0,8,9
2025-08-17 10:00:00,38.4,40,7.9,984.5,83,0.0,134,54.1,73.1,391.0,7.1,9.4,138.0,51.0,8,10
2025-08-17 11:00:00,39.6,37,8.3,984.2,94,0.0,135,50.9,82.2,269.0,3.9,9.5,163.0,62.0,8,11
2025-08-17 12:00:00,39.7,37,10.1,983.9,27,0.0,136,47.3,97.1,241.0,2.4,8.2,167.0,79.0,8,12
2025-08-17 13:00:00,40.0,37,6.7,983.1,17,0.0,137,44.8,102.0,259.0,2.0,6.3,160.0,100.0,8,13
2025-08-17 14:00:00,40.4,36,7.8,982.4,19,0.0,138,42.8,100.8,279.0,2.0,4.7,152.0,115.0,8,14
2025-08-17 15:00:00,40.1,37,9.3,981.6,46,0.0,139,40.6,98.3,290.0,2.2,4.0,146.0,121.0,8,15
2025-08-17 16:00:00,39.3,39,4.3,981.5,55,0.0,140,40.5,100.1,303.0,2.8,3.7,138.0,122.0,8,16
2025-08-17 17:00:00,38.9,40,6.4,981.2,100,0.0,140,53.4,102.4,318.0,7.4,5.2,105.0,96.0,8,17
2025-08-17 18:00:00,38.8,38,13.2,982.2,65,0.0,142,54.7,88.2,332.0,10.0,7.2,100.0,83.0,8,18
2025-08-17 19:00:00,36.7,47,15.3,982.9,91,0.0,143,57.3,85.4,346.0,13.7,9.8,93.0,64.0,8,19
2025-08-17 20:00:00,35.6,52,14.1,983.6,84,0.0,144,58.8,83.8,364.0,16.4,11.5,86.0,49.0,8,20
2025-08-17 21:00:00,34.8,55,14.3,984.4,87,0.0,144,58.1,81.5,390.0,17.1,11.2,80.0,40.0,8,21
2025-08-17 22:00:00,34.3,59,12.8,985.3,37,0.0,144,57.6,78.2,420.0,16.8,9.8,74.0,36.0,8,22
2025-08-17 23:00:00,33.9,60,12.6,985.6,13,0.0,144,58.3,77.3,443.0,16.9,8.7,67.0,37.0,8,23
2025-08-18 00:00:00,33.6,60,10.5,985.7,30,0.0,144,59.8,84.1,455.0,18.3,8.4,58.0,51.0,8,0
2025-08-18 01:00:00,33.0,62,8.7,985.2,17,0.0,145,60.1,99.4,460.0,20.2,8.3,49.0,70.0,8,1
2025-08-18 02:00:00,32.6,63,8.6,985.0,60,0.0,146,60.3,102.2,461.0,20.8,8.1,44.0,81.0,8,2
2025-08-18 03:00:00,32.3,63,7.9,985.0,100,0.0,148,57.9,90.1,458.0,19.0,7.7,47.0,72.0,8,3
2025-08-18 04:00:00,31.3,66,6.9,986.1,100,0.0,149,49.8,65.0,451.0,15.9,7.1,54.0,54.0,8,4
2025-08-18 05:00:00,29.5,76,7.7,986.2,100,0.1,150,54.9,72.6,445.0,18.7,10.0,46.0,34.0,8,5
2025-08-18 06:00:00,31.8,69,8.9,986.2,100,0.0,149,59.4,76.8,445.0,19.8,9.8,47.0,47.0,8,6
2025-08-18 07:00:00,31.7,68,7.9,986.9,100,0.4,148,65.7,85.7,446.0,21.0,9.4,50.0,65.0,8,7
2025-08-18 08:00:00,30.6,72,8.8,987.1,100,1.2,147,65.7,103.1,434.0,20.1,8.6,59.0,73.0,8,8
2025-08-18 09:00:00,32.1,66,9.6,987.7,100,0.0,148,57.5,100.1,396.0,15.1,6.9,81.0,61.0,8,9
2025-08-18 10:00:00,34.3,58,8.3,987.6,99,0.0,148,42.8,68.9,346.0,7.9,4.7,111.0,40.0,8,10
2025-08-18 11:00:00,34.9,55,8.4,987.1,96,0.0,147,28.9,41.4,308.0,2.6,3.0,131.0,25.0,8,11
2025-08-18 12:00:00,36.5,49,4.8,986.7,100,0.0,144,21.2,29.4,294.0,0.9,2.4,135.0,21.0,8,12
2025-08-18 13:00:00,37.5,46,5.8,985.8,100,0.0,142,18.2,28.0,292.0,1.1,2.3,131.0,23.0,8,13
2025-08-18 14:00:00,38.0,44,9.2,984.2,77,0.0,139,17.7,32.9,297.0,1.6,2.3,126.0,30.0,8,14
2025-08-18 15:00:00,35.6,54,10.4,984.0,94,0.8,136,17.7,41.3,302.0,1.7,2.0,124.0,47.0,8,15
2025-08-18 16:00:00,36.3,52,6.7,983.5,96,0.2,134,21.4,56.5,314.0,2.1,1.8,122.0,69.0,8,16
2025-08-18 17:00:00,34.5,58,9.1,983.9,70,0.5,132,31.1,55.6,343.0,3.9,2.9,126.0,48.0,8,17
2025-08-18 18:00:00,33.3,63,11.4,985.3,54,0.0,129,34.1,55.2,411.0,8.4,3.6,113.0,44.0,8,18
2025-08-18 19:00:00,32.1,70,10.0,985.4,32,0.0,127,41.3,57.7,497.0,14.6,4.5,94.0,39.0,8,19
2025-08-18 20:00:00,31.6,73,6.2,986.1,38,0.0,126,52.3,69.8,545.0,20.2,5.5,77.0,34.0,8,20
2025-08-18 21:00:00,31.4,75,5.7,987.0,25,0.0,125,58.8,74.0,521.0,24.8,6.4,64.0,31.0,8,21
2025-08-18 22:00:00,31.2,76,5.6,987.1,12,0.0,125,66.8,81.5,460.0,28.8,7.4,53.0,28.0,8,22
2025-08-18 23:00:00,31.0,77,6.6,987.2,15,0.0,126,72.4,85.0,409.0,30.3,8.0,46.0,25.0,8,23
2025-08-19 00:00:00,30.6,79,7.8,987.0,31,0.0,127,69.2,78.2,382.0,27.8,8.1,46.0,20.0,8,0
2025-08-19 01:00:00,30.2,81,9.0,986.4,82,0.0,128,63.6,69.8,364.0,22.9,7.8,50.0,15.0,8,1
2025-08-19 02:00:00,28.3,88,4.7,986.8,93,4.0,129,57.3,62.9,360.0,18.9,7.6,54.0,11.0,8,2
2025-08-19 03:00:00,27.3,94,4.7,986.3,100,3.0,129,52.0,58.9,371.0,17.1,7.4,54.0,10.0,8,3
2025-08-19 04:00:00,27.3,94,11.3,986.7,100,0.3,128,49.0,55.9,395.0,16.1,7.3,53.0,11.0,8,4
2025-08-19 05:00:00,26.4,94,8.5,986.9,84,2.7,128,52.3,59.0,431.0,15.9,9.0,53.0,13.0,8,5
2025-08-19 06:00:00,27.2,94,8.6,986.4,100,0.4,128,52.2,59.1,495.0,15.8,9.8,57.0,14.0,8,6
2025-08-19 07:00:00,27.2,94,8.3,987.0,100,0.1,127,54.4,62.2,571.0,15.5,11.0,62.0,15.0,8,7
2025-08-19 08:00:00,28.0,88,9.7,987.2,100,0.0,126,54.4,64.5,607.0,14.5,11.7,73.0,19.0,8,8
2025-08-19 09:00:00,29.5,82,7.8,987.8,67,0.0,124,49.9,64.7,567.0,12.1,11.6,92.0,26.0,8,9
2025-08-19 10:00:00,31.3,74,8.6,987.6,42,0.0,124,47.6,63.1,488.0,8.9,11.0,115.0,36.0,8,10
2025-08-19 11:00:00,32.3,69,8.6,987.3,28,0.1,124,46.9,70.8,422.0,6.2,10.5,137.0,46.0,8,11
2025-08-19 12:00:00,32.7,68,8.5,987.0,39,0.2,126,45.9,73.6,388.0,4.5,10.1,156.0,57.0,8,12
2025-08-19 13:00:00,33.2,67,8.4,986.3,16,0.1,129,46.1,81.0,369.0,3.4,9.7,173.0,68.0,8,13
2025-08-19 14:00:00,33.9,64,8.6,985.0,18,0.0,132,46.7,84.5,362.0,2.9,9.3,183.0,74.0,8,14
2025-08-19 15:00:00,33.9,64,7.6,984.3,23,0.0,135,47.3,85.7,358.0,2.9,8.7,184.0,71.0,8,15
2025-08-19 16:00:00,34.0,63,7.2,983.7,26,0.0,138,47.8,82.0,367.0,3.5,8.0,178.0,63.0,8,16
2025-08-19 17:00:00,33.8,63,8.2,983.1,18,0.0,140,51.9,85.4,421.0,4.8,7.1,160.0,66.0,8,17
2025-08-19 18:00:00,31.9,74,7.3,984.4,24,0.0,143,53.7,78.2,547.0,7.4,7.3,146.0,55.0,8,18
2025-08-19 19:00:00,30.9,78,8.5,984.5,100,0.0,147,56.5,73.8,719.0,11.0,7.6,127.0,39.0,8,19
2025-08-19 20:00:00,30.4,81,7.2,984.7,96,0.0,146,59.6,73.1,882.0,13.9,7.9,110.0,26.0,8,20
2025-08-19 21:00:00,30.0,83,6.9,985.4,82,0.0,147,62.2,73.1,1049.0,15.3,8.2,99.0,20.0,8,21
2025-08-19 22:00:00,29.7,84,7.2,985.7,100,0.0,147,64.0,73.3,1207.0,15.9,8.4,90.0,18.0,8,22
2025-08-19 23:00:00,29.4,84,7.6,985.8,100,0.0,147,65.0,72.9,1273.0,16.0,8.7,85.0,16.0,8,23
2025-08-20 00:00:00,29.2,85,7.5,985.9,42,0.0,146,62.9,69.6,1176.0,15.4,9.0,84.0,13.0,8,0
2025-08-20 01:00:00,28.9,86,7.6,986.0,44,0.0,146,60.3,65.7,985.0,14.3,9.2,86.0,10.0,8,1
2025-08-20 02:00:00,28.6,86,7.8,986.0,1,0.0,145,58.1,61.9,824.0,13.4,9.7,88.0,7.0,8,2
2025-08-20 03:00:00,28.4,87,7.7,986.2,3,0.0,145,56.1,58.6,729.0,13.0,10.6,86.0,3.0,8,3
2025-08-20 04:00:00,28.1,88,7.0,985.9,4,0.0,146,54.6,55.8,663.0,12.9,11.6,84.0,0.0,8,4
2025-08-20 05:00:00,27.9,89,6.5,985.9,1,0.0,146,67.8,83.4,639.0,20.5,10.9,64.0,30.0,8,5
2025-08-20 06:00:00,28.2,89,8.6,986.0,5,0.0,148,74.5,88.0,697.0,19.2,11.4,72.0,31.0,8,6
2025-08-20 07:00:00,28.8,87,7.1,986.0,1,0.0,150,72.9,82.7,796.0,17.3,12.0,83.0,34.0,8,7
2025-08-20 08:00:00,29.9,83,8.1,986.4,1,0.0,151,61.9,81.3,824.0,14.7,12.0,98.0,38.0,8,8
2025-08-20 09:00:00,31.4,75,8.8,986.8,0,0.0,151,52.6,94.3,704.0,10.8,10.7,119.0,47.0,8,9
2025-08-20 10:00:00,32.8,64,10.8,986.3,6,0.0,151,44.4,90.8,512.0,6.3,8.8,143.0,59.0,8,10
2025-08-20 11:00:00,33.7,59,11.8,986.1,8,0.0,151,40.0,73.1,367.0,3.0,7.2,160.0,65.0,8,11
2025-08-20 12:00:00,34.3,55,12.3,985.8,6,0.0,151,39.6,67.3,318.0,1.8,6.2,164.0,60.0,8,12
2025-08-20 13:00:00,34.5,55,10.7,985.2,8,0.0,150,36.7,59.0,315.0,1.7,5.5,160.0,50.0,8,13
2025-08-20 14:00:00,34.7,55,10.3,984.2,10,0.0,150,35.2,56.2,327.0,2.0,5.0,156.0,42.0,8,14
2025-08-20 15:00:00,34.8,55,9.7,983.1,6,0.0,149,33.9,54.5,327.0,1.8,4.7,155.0,40.0,8,15
2025-08-20 16:00:00,34.6,57,8.7,982.3,8,0.0,148,33.1,53.3,341.0,2.0,4.6,154.0,40.0,8,16
2025-08-20 17:00:00,34.1,59,8.9,981.8,3,0.0,146,43.7,82.9,416.0,3.9,4.7,137.0,77.0,8,17
2025-08-20 18:00:00,32.8,67,9.4,982.7,4,0.0,146,47.7,80.3,613.0,9.7,5.2,120.0,72.0,8,18
2025-08-20 19:00:00,31.7,73,7.8,983.3,3,0.0,145,56.9,87.5,871.0,17.7,6.0,97.0,65.0,8,19
2025-08-20 20:00:00,31.0,77,8.2,984.2,0,0.0,145,65.7,96.4,1049.0,23.2,6.5,80.0,60.0,8,20
2025-08-20 21:00:00,30.5,78,8.8,985.0,0,0.0,146,70.8,103.1,1075.0,24.0,6.8,74.0,59.0,8,21
2025-08-20 22:00:00,30.2,79,8.6,985.6,0,0.0,147,73.3,107.1,1021.0,22.3,6.9,74.0,59.0,8,22
2025-08-20 23:00:00,29.9,81,9.4,986.3,0,0.0,147,68.0,98.5,969.0,20.0,6.7,74.0,59.0,8,23
2025-08-21 00:00:00,29.4,83,7.9,986.8,0,0.0,148,56.3,84.5,953.0,17.3,6.0,74.0,59.0,8,0
2025-08-21 01:00:00,28.9,85,7.7,986.4,0,0.0,147,47.8,77.1,938.0,14.1,5.1,74.0,58.0,8,1
2025-08-21 02:00:00,28.5,87,7.8,986.1,0,0.0,146,42.5,70.3,900.0,11.8,4.7,73.0,54.0,8,2
2025-08-21 03:00:00,28.2,88,8.4,986.1,0,0.0,144,39.5,62.6,812.0,11.5,5.1,69.0,43.0,8,3
2025-08-21 04:00:00,27.9,88,9.4,986.2,0,0.0,142,37.7,54.4,701.0,12.1,5.9,64.0,29.0,8,4
2025-08-21 05:00:00,27.5,89,10.3,986.4,0,0.0,141,41.3,59.3,623.0,14.8,6.4,52.0,35.0,8,5
2025-08-21 06:00:00,28.4,88,10.9,986.6,0,0.0,138,35.3,55.1,617.0,13.6,7.0,58.0,41.0,8,6
2025-08-21 07:00:00,28.8,87,7.8,987.1,0,0.0,134,35.6,57.4,644.0,11.9,7.9,67.0,49.0,8,7
2025-08-21 08:00:00,29.9,82,6.7,987.1,0,0.0,130,36.2,68.5,637.0,9.9,8.4,81.0,62.0,8,8
2025-08-21 09:00:00,31.4,76,5.9,987.3,0,0.0,127,41.4,97.8,552.0,7.4,8.5,104.0,84.0,8,9
2025-08-21 10:00:00,33.0,64,6.4,987.4,11,0.0,126,44.7,114.8,433.0,4.7,8.3,132.0,109.0,8,10
2025-08-21 11:00:00,34.0,58,6.3,987.2,11,0.0,126,41.6,106.6,344.0,2.7,7.8,151.0,124.0,8,11
2025-08-21 12:00:00,34.7,54,7.0,986.4,13,0.0,126,36.3,88.0,316.0,1.8,6.7,154.0,118.0,8,12
2025-08-21 13:00:00,35.1,52,6.8,985.7,14,0.0,126,34.9,81.3,318.0,1.7,5.2,149.0,102.0,8,13
2025-08-21 14:00:00,35.5,50,6.8,984.6,12,0.0,126,33.8,78.2,326.0,1.8,4.1,143.0,88.0,8,14
2025-08-21 15:00:00,35.6,50,7.3,983.4,9,0.0,126,32.5,75.0,314.0,1.5,3.6,142.0,83.0,8,15
2025-08-21 16:00:00,35.4,51,7.7,982.6,5,0.0,125,32.1,73.6,307.0,1.6,3.4,141.0,81.0,8,16
2025-08-21 17:00:00,34.9,52,8.0,982.1,1,0.0,125,33.3,84.1,355.0,3.5,3.5,134.0,100.0,8,17
2025-08-21 18:00:00,34.5,55,6.8,982.6,0,0.0,124,41.2,83.4,514.0,11.9,4.2,115.0,91.0,8,18
2025-08-21 19:00:00,33.2,63,6.6,983.3,0,0.0,124,57.0,96.6,729.0,23.4,5.2,89.0,79.0,8,19
2025-08-21 20:00:00,32.0,69,7.5,983.7,0,0.0,124,65.7,101.7,881.0,31.6,6.0,69.0,70.0,8,20
2025-08-21 21:00:00,31.5,69,7.8,984.2,0,0.0,124,71.5,108.5,909.0,33.9,6.4,60.0,69.0,8,21
2025-08-21 22:00:00,30.8,73,8.1,984.4,0,0.0,124,78.5,117.6,874.0,32.8,6.6,56.0,71.0,8,22
2025-08-21 23:00:00,30.2,76,6.5,984.3,0,0.0,124,78.2,116.4,845.0,30.3,6.5,55.0,72.0,8,23
2025-08-22 00:00:00,30.0,78,4.8,984.6,0,0.0,125,67.8,101.0,855.0,25.7,5.9,58.0,68.0,8,0
2025-08-22 01:00:00,29.6,80,3.2,984.2,0,0.0,127,59.1,89.6,871.0,19.6,5.1,64.0,62.0,8,1
2025-08-22 02:00:00,29.2,81,5.1,983.8,0,0.0,128,53.7,83.6,859.0,15.2,4.6,67.0,58.0,8,2
2025-08-22 03:00:00,28.8,83,5.4,983.6,0,0.0,129,51.0,81.3,779.0,14.4,4.8,63.0,56.0,8,3
2025-08-22 04:00:00,28.4,85,6.3,983.9,0,0.0,130,50.1,79.6,672.0,15.3,5.4,56.0,55.0,8,4
2025-08-22 05:00:00,28.3,86,5.1,983.8,0,0.0,131,65.0,97.3,624.0,22.4,5.4,54.0,62.0,8,5
2025-08-22 06:00:00,29.6,84,7.1,983.4,0,0.0,134,56.1,86.4,716.0,20.4,5.5,61.0,58.0,8,6
2025-08-22 07:00:00,30.3,81,6.5,983.9,0,0.0,136,55.3,80.8,868.0,17.4,5.8,71.0,52.0,8,7
2025-08-22 08:00:00,31.9,74,4.4,983.8,0,0.0,138,53.4,79.4,924.0,14.1,6.3,86.0,51.0,8,8
2025-08-22 09:00:00,33.8,63,5.4,984.0,6,0.0,140,49.5,79.9,782.0,10.1,7.4,109.0,59.0,8,9
2025-08-22 10:00:00,35.1,53,4.8,984.0,12,0.0,141,44.5,83.4,544.0,5.8,8.7,135.0,72.0,8,10
2025-08-22 11:00:00,36.1,49,3.3,983.8,16,0.0,141,39.9,78.9,368.0,2.7,9.6,155.0,77.0,8,11
2025-08-22 12:00:00,36.9,46,3.5,982.9,9,0.0,140,38.9,69.4,323.0,1.6,9.8,163.0,69.0,8,12
2025-08-22 13:00:00,37.5,44,4.5,982.0,5,0.0,141,38.3,62.9,339.0,1.6,9.5,163.0,54.0,8,13
2025-08-22 14:00:00,38.0,42,4.3,980.8,6,0.0,141,38.8,59.4,364.0,2.1,9.3,161.0,41.0,8,14
2025-08-22 15:00:00,38.3,40,4.2,979.7,10,0.0,142,39.2,56.7,381.0,2.7,9.3,158.0,34.0,8,15
2025-08-22 16:00:00,38.1,40,5.4,979.0,12,0.0,142,39.8,54.6,407.0,3.7,9.4,151.0,29.0,8,16
2025-08-22 17:00:00,37.8,41,5.9,978.7,39,0.0,143,42.5,56.5,433.0,5.1,11.4,152.0,28.0,8,17
2025-08-22 18:00:00,37.2,41,9.9,979.4,6,0.0,144,47.1,59.8,462.0,10.3,10.7,130.0,24.0,8,18
2025-08-22 19:00:00,35.5,48,11.2,979.7,7,0.0,145,57.4,66.8,492.0,17.3,9.8,100.0,18.0,8,19
2025-08-22 20:00:00,34.8,48,10.7,980.2,4,0.0,145,60.1,66.6,511.0,21.7,9.0,78.0,13.0,8,20
2025-08-22 21:00:00,34.0,52,10.9,981.1,0,0.0,144,58.3,63.8,516.0,20.9,8.5,72.0,11.0,8,21
2025-08-22 22:00:00,33.2,60,10.7,981.2,0,0.0,143,54.7,59.6,510.0,17.5,8.1,73.0,9.0,8,22
2025-08-22 23:00:00,32.7,61,11.2,981.3,0,0.0,140,46.7,51.0,488.0,14.1,8.4,75.0,8.0,8,23
2025-08-23 00:00:00,32.5,61,10.0,981.3,0,0.0,137,35.5,39.2,439.0,11.6,9.8,75.0,7.0,8,0
2025-08-23 01:00:00,32.1,63,9.1,981.0,0,0.0,134,26.3,29.5,375.0,9.2,11.9,76.0,5.0,8,1
2025-08-23 02:00:00,31.8,63,10.0,980.6,1,0.0,130,20.1,22.4,328.0,7.5,13.3,76.0,4.0,8,2
2025-08-23 03:00:00,31.3,64,10.8,980.5,0,0.0,127,15.9,17.4,310.0,6.9,13.6,73.0,3.0,8,3
2025-08-23 04:00:00,30.9,66,10.2,980.7,10,0.0,123,14.0,14.9,309.0,6.9,13.4,69.0,2.0,8,4
2025-08-23 05:00:00,30.5,67,9.6,981.0,1,0.0,119,13.7,20.1,316.0,5.2,9.8,78.0,13.0,8,5
2025-08-23 06:00:00,31.3,71,8.8,980.9,72,0.0,114,16.2,20.1,338.0,5.4,9.1,82.0,11.0,8,6
2025-08-23 07:00:00,31.6,70,7.7,981.4,3,0.0,110,21.1,24.2,369.0,5.7,8.1,87.0,8.0,8,7
2025-08-23 08:00:00,32.3,67,11.6,981.6,0,0.0,106,24.1,28.3,384.0,5.6,7.4,95.0,8.0,8,8
2025-08-23 09:00:00,33.4,64,11.7,982.1,0,0.0,103,26.5,32.6,366.0,4.6,7.2,107.0,11.0,8,9
2025-08-23 10:00:00,34.8,59,11.6,982.4,0,0.0,101,27.9,36.3,333.0,3.3,7.2,120.0,17.0,8,10
2025-08-23 11:00:00,36.0,54,11.4,982.2,7,0.0,99,27.7,38.8,305.0,2.2,7.0,130.0,22.0,8,11
2025-08-23 12:00:00,37.3,49,11.0,981.8,45,0.0,98,26.8,40.4,291.0,1.7,6.2,132.0,26.0,8,12
2025-08-23 13:00:00,38.0,46,10.9,981.0,80,0.0,97,25.8,42.1,284.0,1.6,5.2,131.0,30.0,8,13
2025-08-23 14:00:00,38.3,44,11.5,980.1,100,0.0,96,25.3,42.3,282.0,1.7,4.4,128.0,33.0,8,14
2025-08-23 15:00:00,38.1,44,13.0,979.1,100,0.0,95,24.7,42.1,283.0,1.5,4.0,126.0,35.0,8,15
2025-08-23 16:00:00,37.6,45,12.1,978.8,100,0.0,94,23.8,41.7,289.0,1.5,3.8,123.0,36.0,8,16
2025-08-23 17:00:00,36.9,47,10.6,978.9,99,0.0,93,22.7,42.8,307.0,3.7,2.6,102.0,40.0,8,17
2025-08-23 18:00:00,36.5,47,10.9,980.0,96,0.0,91,27.4,43.9,351.0,11.0,3.4,87.0,35.0,8,18
2025-08-23 19:00:00,35.2,52,10.5,980.7,100,0.0,90,38.3,53.6,406.0,21.0,4.5,67.0,28.0,8,19
2025-08-23 20:00:00,34.6,55,10.1,981.5,97,0.0,88,50.2,64.3,437.0,27.7,5.2,51.0,28.0,8,20
2025-08-23 21:00:00,33.6,60,10.6,982.3,100,0.0,88,68.9,82.0,422.0,28.3,5.2,44.0,43.0,8,21
2025-08-23 22:00:00,32.4,60,15.0,982.5,72,0.0,88,61.2,79.4,384.0,25.7,4.8,41.0,65.0,8,22
2025-08-23 23:00:00,31.6,62,12.7,982.3,74,0.0,89,56.9,95.9,351.0,21.9,4.4,41.0,75.0,8,23
2025-08-24 00:00:00,31.2,64,12.7,981.9,55,0.0,90,45.6,85.9,335.0,16.8,3.9,45.0,59.0,8,0
2025-08-24 01:00:00,30.9,65,9.5,982.0,25,0.0,90,30.4,49.2,326.0,10.7,3.4,51.0,31.0,8,1
2025-08-24 02:00:00,30.7,66,10.6,981.9,4,0.0,91,22.6,28.2,316.0,6.3,3.0,55.0,11.0,8,2
2025-08-24 03:00:00,26.3,89,18.3,983.1,72,6.6,91,20.4,23.3,296.0,5.2,2.9,54.0,7.0,8,3
2025-08-24 04:00:00,26.0,89,12.1,983.0,74,0.3,91,21.1,26.0,276.0,5.8,3.1,50.0,11.0,8,4
2025-08-24 05:00:00,26.0,91,7.7,982.9,12,0.2,92,25.0,36.8,284.0,9.1,2.6,42.0,23.0,8,5
2025-08-24 06:00:00,27.3,88,3.2,982.5,69,0.0,93,32.1,46.7,350.0,9.7,2.8,43.0,30.0,8,6
2025-08-24 07:00:00,28.1,84,3.6,983.0,94,0.0,94,36.3,49.7,444.0,10.4,3.0,45.0,39.0,8,7
2025-08-24 08:00:00,29.1,79,2.0,983.6,52,0.0,95,32.1,56.2,499.0,10.3,3.2,52.0,47.0,8,8
2025-08-24 09:00:00,31.0,70,3.1,984.4,33,0.0,96,32.7,61.9,473.0,8.7,3.2,68.0,51.0,8,9
2025-08-24 10:00:00,32.4,63,5.2,985.1,97,0.1,96,33.8,62.6,408.0,6.4,3.2,89.0,53.0,8,10
2025-08-24 11:00:00,32.9,63,7.0,985.0,97,0.2,97,34.3,61.5,369.0,4.7,3.2,104.0,53.0,8,11
2025-08-24 12:00:00,32.5,66,9.5,985.3,100,0.2,97,34.1,58.8,390.0,4.3,3.4,107.0,51.0,8,12
2025-08-24 13:00:00,28.2,85,0.7,985.1,100,6.1,98,34.2,56.5,437.0,4.6,3.7,104.0,48.0,8,13
2025-08-24 14:00:00,29.1,82,2.5,984.6,98,0.3,99,33.4,55.8,469.0,4.9,3.8,102.0,44.0,8,14
2025-08-24 15:00:00,30.0,79,4.2,983.5,100,0.2,99,32.6,53.8,463.0,4.7,3.5,104.0,41.0,8,15
2025-08-24 16:00:00,30.6,77,5.2,983.1,100,0.0,100,30.9,50.4,442.0,4.6,3.1,106.0,37.0,8,16
2025-08-24 17:00:00,31.0,74,4.2,983.1,100,0.1,101,30.3,46.7,437.0,4.5,3.3,124.0,32.0,8,17
2025-08-24 18:00:00,31.8,68,7.7,983.0,78,0.0,101,29.5,43.9,462.0,7.2,3.3,110.0,28.0,8,18
2025-08-24 19:00:00,31.2,73,10.4,983.8,100,0.0,102,33.4,44.1,503.0,11.1,3.2,90.0,22.0,8,19
2025-08-24 20:00:00,30.7,75,9.9,984.6,99,0.0,101,37.0,45.8,551.0,14.8,3.3,72.0,17.0,8,20
2025-08-24 21:00:00,30.3,76,8.3,985.4,53,0.0,100,40.9,48.4,616.0,18.2,3.6,58.0,14.0,8,21
2025-08-24 22:00:00,29.7,78,9.0,985.8,3,0.0,98,49.0,55.4,687.0,21.4,4.0,47.0,12.0,8,22
2025-08-24 23:00:00,29.1,80,8.3,986.1,3,0.0,97,51.8,57.3,721.0,24.0,4.3,37.0,10.0,8,23
2025-08-25 00:00:00,28.7,82,7.0,985.9,1,0.0,96,51.6,56.2,685.0,26.0,4.4,30.0,9.0,8,0
2025-08-25 01:00:00,28.3,84,4.0,985.7,0,0.0,97,53.1,57.9,612.0,27.4,4.4,24.0,8.0,8,1
2025-08-25 02:00:00,28.1,85,5.4,985.6,14,0.0,98,54.5,58.8,559.0,27.7,4.5,22.0,8.0,8,2
2025-08-25 03:00:00,27.8,87,4.6,985.1,0,0.0,101,51.7,56.0,552.0,26.4,4.8,22.0,8.0,8,3
2025-08-25 04:00:00,27.5,88,8.9,985.5,14,0.0,105,48.7,53.0,564.0,24.1,5.2,26.0,8.0,8,4
2025-08-25 05:00:00,27.3,88,7.8,985.4,12,0.0,107,59.3,66.1,572.0,28.3,5.3,27.0,13.0,8,5
2025-08-25 06:00:00,27.3,85,8.5,985.3,34,0.0,111,36.6,43.9,573.0,23.1,5.7,42.0,13.0,8,6
2025-08-25 07:00:00,27.8,83,6.3,985.5,32,0.0,111,30.9,37.6,570.0,15.8,6.3,64.0,12.0,8,7
2025-08-25 08:00:00,29.0,76,7.4,986.0,52,0.0,111,27.0,32.7,552.0,9.9,6.8,85.0,11.0,8,8
2025-08-25 09:00:00,30.7,68,7.8,985.8,40,0.1,110,22.5,27.5,507.0,6.6,7.1,106.0,9.0,8,9
2025-08-25 10:00:00,32.2,61,8.9,985.8,22,0.0,109,18.3,22.1,447.0,4.6,7.2,127.0,7.0,8,10
2025-08-25 11:00:00,33.6,55,9.7,985.4,23,0.1,108,16.9,19.4,400.0,3.2,6.9,143.0,5.0,8,11
2025-08-25 12:00:00,34.4,51,10.1,985.1,54,0.1,106,16.7,18.3,379.0,2.3,5.9,150.0,4.0,8,12
2025-08-25 13:00:00,34.9,49,10.3,984.4,25,0.1,104,14.9,16.4,371.0,2.1,4.4,152.0,4.0,8,13
2025-08-25 14:00:00,35.4,48,9.3,983.5,24,0.0,102,15.1,16.9,368.0,2.3,3.4,152.0,4.0,8,14
2025-08-25 15:00:00,35.6,47,8.8,982.4,22,0.0,100,15.7,18.0,367.0,2.3,3.2,154.0,4.0,8,15
2025-08-25 16:00:00,35.4,48,8.9,981.8,11,0.0,99,16.6,19.2,371.0,2.8,3.4,154.0,5.0,8,16
2025-08-25 17:00:00,34.9,50,10.5,981.9,14,0.0,109,55.2,55.8,382.0,4.8,5.3,160.0,1.0,8,17
2025-08-25 18:00:00,33.8,54,11.9,982.6,20,0.0,120,58.2,58.7,405.0,7.7,5.4,143.0,1.0,8,18
2025-08-25 19:00:00,32.5,60,10.9,983.2,17,0.0,123,61.5,61.7,434.0,11.6,5.6,120.0,0.0,8,19
2025-08-25 20:00:00,32.0,61,8.4,983.7,9,0.0,119,62.4,62.6,452.0,14.4,5.8,100.0,0.0,8,20
2025-08-25 21:00:00,30.8,64,13.8,984.9,1,0.0,108,58.6,58.7,449.0,14.9,5.9,89.0,0.0,8,21
2025-08-25 22:00:00,28.9,71,12.9,985.2,1,0.0,110,54.7,54.8,434.0,14.1,5.9,82.0,0.0,8,22
2025-08-25 23:00:00,28.1,74,10.2,985.6,0,0.0,110,53.3,53.3,420.0,13.4,6.1,76.0,0.0,8,23
2025-08-26 00:00:00,27.6,76,6.8,985.6,0,0.0,111,51.0,51.0,409.0,13.0,6.6,72.0,0.0,8,0
2025-08-26 01:00:00,27.2,78,6.9,985.1,0,0.0,111,48.0,48.1,399.0,12.6,7.2,69.0,0.0,8,1
2025-08-26 02:00:00,26.8,79,7.5,984.7,0,0.0,110,45.3,45.3,396.0,12.4,7.8,66.0,0.0,8,2
2025-08-26 03:00:00,26.4,81,6.0,984.5,1,0.0,109,43.0,43.0,401.0,12.8,8.5,61.0,0.0,8,3
2025-08-26 04:00:00,26.2,82,4.0,984.8,2,0.0,108,40.7,40.7,414.0,13.4,9.1,56.0,0.0,8,4
2025-08-26 05:00:00,26.1,82,3.3,985.2,97,0.0,107,49.0,49.5,436.0,17.4,8.4,42.0,1.0,8,5
2025-08-26 06:00:00,27.1,83,4.2,985.0,1,0.0,106,46.9,47.3,483.0,16.0,9.0,51.0,1.0,8,6
2025-08-26 07:00:00,27.5,81,4.2,985.6,0,0.0,107,44.7,44.9,540.0,13.9,9.7,63.0,0.0,8,7
2025-08-26 08:00:00,28.7,75,4.0,986.3,0,0.0,109,38.3,38.4,561.0,11.6,9.9,78.0,0.0,8,8
2025-08-26 09:00:00,30.2,68,4.6,986.7,1,0.0,110,33.6,33.8,515.0,8.7,9.2,97.0,0.0,8,9
2025-08-26 10:00:00,32.0,59,6.3,987.0,2,0.0,111,33.2,33.3,432.0,5.6,8.1,117.0,0.0,8,10
2025-08-26 11:00:00,33.9,51,7.7,986.7,21,0.0,113,30.5,30.5,363.0,3.2,6.9,132.0,0.0,8,11
2025-08-26 12:00:00,35.1,46,9.1,986.2,6,0.0,114,27.2,27.2,323.0,2.2,5.7,138.0,0.0,8,12
2025-08-26 13:00:00,35.6,44,8.8,985.2,8,0.0,115,23.4,23.5,297.0,1.9,4.4,138.0,0.0,8,13
2025-08-26 14:00:00,36.1,42,9.0,984.4,7,0.0,116,21.2,21.2,284.0,2.0,3.5,136.0,0.0,8,14
2025-08-26 15:00:00,36.0,43,9.4,983.6,21,0.0,117,19.3,19.3,285.0,2.0,3.1,134.0,0.0,8,15
2025-08-26 16:00:00,35.8,43,10.2,983.1,12,0.0,117,18.5,18.5,299.0,2.4,3.1,130.0,0.0,8,16
2025-08-26 17:00:00,35.4,44,9.4,983.1,94,0.0,117,28.6,29.8,323.0,3.4,2.7,117.0,2.0,8,17
2025-08-26 18:00:00,34.2,51,11.6,983.3,5,0.0,114,33.6,34.2,353.0,6.6,3.0,107.0,1.0,8,18
2025-08-26 19:00:00,32.7,58,10.8,983.9,51,0.0,112,39.8,40.0,393.0,10.9,3.4,92.0,1.0,8,19
2025-08-26 20:00:00,32.0,62,8.2,984.7,34,0.0,110,41.9,42.0,450.0,14.3,3.8,81.0,0.0,8,20
2025-08-26 21:00:00,31.5,64,6.8,985.7,1,0.0,108,42.8,43.0,557.0,15.0,4.0,77.0,0.0,8,21
2025-08-26 22:00:00,31.0,66,6.1,986.0,0,0.0,106,45.2,45.3,683.0,14.6,4.3,76.0,0.0,8,22
2025-08-26 23:00:00,30.8,67,2.7,986.2,0,0.0,105,49.1,49.4,737.0,16.0,4.6,72.0,0.0,8,23
2025-08-27 00:00:00,30.6,67,3.7,986.2,0,0.0,104,54.8,55.2,653.0,21.8,5.2,61.0,0.0,8,0
2025-08-27 01:00:00,30.0,70,6.9,985.9,22,0.0,105,62.6,63.1,499.0,29.3,6.0,48.0,0.0,8,1
2025-08-27 02:00:00,29.0,75,8.3,985.7,10,0.0,106,70.5,70.8,388.0,33.6,6.5,39.0,0.0,8,2
2025-08-27 03:00:00,28.2,79,7.5,985.3,4,0.0,109,66.6,66.6,371.0,31.7,6.6,37.0,0.0,8,3
2025-08-27 04:00:00,27.8,81,7.0,985.9,73,0.0,111,57.9,58.0,398.0,26.5,6.5,39.0,0.0,8,4
2025-08-27 05:00:00,27.6,82,2.9,986.3,86,0.0,113,62.4,62.6,426.0,29.8,6.1,32.0,0.0,8,5
2025-08-27 06:00:00,28.7,79,5.8,986.1,20,0.0,115,58.2,58.6,451.0,27.1,6.8,43.0,0.0,8,6
2025-08-27 07:00:00,29.1,78,6.1,986.4,6,0.0,116,58.0,58.2,477.0,23.2,7.8,58.0,0.0,8,7
2025-08-27 08:00:00,30.3,72,7.3,987.1,6,0.0,117,52.5,52.7,481.0,18.8,8.4,77.0,0.0,8,8
2025-08-27 09:00:00,31.8,63,9.0,987.3,8,0.0,119,40.6,40.7,442.0,13.4,8.5,103.0,0.0,8,9
2025-08-27 10:00:00,33.1,57,9.7,987.6,15,0.0,119,31.1,31.3,381.0,7.4,8.2,132.0,0.0,8,10
2025-08-27 11:00:00,34.0,53,11.4,987.4,20,0.0,119,24.1,24.3,331.0,3.1,7.6,152.0,0.0,8,11
2025-08-27 12:00:00,35.2,49,11.1,986.9,15,0.0,119,18.4,18.6,305.0,1.6,6.5,157.0,0.0,8,12
2025-08-27 13:00:00,36.1,45,11.4,985.9,7,0.0,118,14.7,14.8,291.0,1.8,5.0,152.0,0.0,8,13
2025-08-27 14:00:00,36.6,43,12.4,984.9,10,0.0,117,12.4,12.6,284.0,2.2,3.9,147.0,0.0,8,14
2025-08-27 15:00:00,36.4,43,13.1,984.0,12,0.0,116,11.7,11.9,284.0,1.9,3.3,145.0,0.0,8,15
2025-08-27 16:00:00,36.1,44,12.9,983.3,10,0.0,115,11.2,11.3,291.0,1.9,3.0,142.0,0.0,8,16
2025-08-27 17:00:00,35.7,44,14.3,982.9,10,0.0,114,28.8,30.6,309.0,3.5,3.0,126.0,4.0,8,17
2025-08-27 18:00:00,34.3,49,11.6,984.0,4,0.0,114,31.0,32.1,340.0,6.0,3.2,115.0,3.0,8,18
2025-08-27 19:00:00,32.6,56,11.2,984.7,3,0.0,114,34.5,35.4,381.0,9.7,3.4,99.0,2.0,8,19
2025-08-27 20:00:00,31.6,62,9.4,985.2,3,0.0,113,38.2,38.9,428.0,14.4,4.0,83.0,1.0,8,20
2025-08-27 21:00:00,31.0,65,7.7,986.0,1,0.0,113,43.7,44.4,493.0,21.3,5.2,68.0,1.0,8,21
2025-08-27 22:00:00,30.6,68,6.1,986.0,1,0.0,113,54.7,55.4,564.0,29.2,6.6,53.0,1.0,8,22
2025-08-27 23:00:00,30.3,70,6.4,986.2,1,0.0,114,64.7,65.4,604.0,33.7,7.5,43.0,1.0,8,23
2025-08-28 00:00:00,29.9,72,7.0,986.0,0,0.0,116,58.2,58.8,584.0,32.0,7.2,40.0,1.0,8,0
2025-08-28 01:00:00,29.6,73,7.7,985.8,0,0.0,116,49.0,49.6,533.0,27.0,6.3,41.0,1.0,8,1
2025-08-28 02:00:00,29.4,75,5.2,985.6,0,0.0,115,44.7,45.2,502.0,22.7,5.5,43.0,1.0,8,2
2025-08-28 03:00:00,29.2,76,6.0,985.5,0,0.0,112,42.0,42.5,519.0,20.9,5.0,42.0,1.0,8,3
2025-08-28 04:00:00,28.7,78,5.1,985.4,0,0.0,109,40.4,41.0,556.0,19.8,4.6,42.0,1.0,8,4
2025-08-28 05:00:00,28.2,81,4.1,985.7,0,0.0,108,42.1,43.5,583.0,15.2,5.0,56.0,3.0,8,5
2025-08-28 06:00:00,28.7,81,6.6,985.9,0,0.0,106,49.2,50.8,592.0,14.6,6.0,65.0,4.0,8,6
2025-08-28 07:00:00,29.2,79,7.2,986.7,1,0.0,105,56.1,58.0,590.0,13.6,7.4,77.0,4.0,8,7
2025-08-28 08:00:00,30.3,73,9.0,986.9,0,0.0,104,57.7,60.5,573.0,12.0,8.5,94.0,5.0,8,8
2025-08-28 09:00:00,31.7,64,9.5,987.1,12,0.0,105,54.5,57.6,528.0,9.1,9.1,118.0,5.0,8,9
2025-08-28 10:00:00,33.1,57,10.1,986.9,8,0.0,106,48.1,50.9,467.0,5.6,9.5,146.0,5.0,8,10
2025-08-28 11:00:00,34.5,51,11.1,986.3,11,0.0,108,45.3,47.7,420.0,3.0,9.5,167.0,5.0,8,11
2025-08-28 12:00:00,35.6,46,11.2,985.5,12,0.0,110,43.1,45.3,401.0,2.1,8.9,174.0,5.0,8,12
2025-08-28 13:00:00,36.3,43,11.3,984.6,14,0.0,113,40.7,42.8,396.0,2.0,7.9,174.0,4.0,8,13
2025-08-28 14:00:00,36.6,43,10.7,983.5,8,0.0,116,38.9,40.7,396.0,2.3,7.1,173.0,4.0,8,14
2025-08-28 15:00:00,36.8,43,10.3,982.4,7,0.0,118,37.3,39.0,397.0,2.3,6.7,174.0,4.0,8,15
2025-08-28 16:00:00,36.6,44,9.8,981.7,10,0.0,126,36.8,38.4,403.0,2.5,6.5,174.0,3.0,8,16
2025-08-28 17:00:00,36.0,46,10.0,981.3,29,0.0,143,35.7,38.0,421.0,3.7,6.4,147.0,4.0,8,17
2025-08-28 18:00:00,35.5,47,9.2,982.2,5,0.0,149,39.0,41.0,458.0,7.2,6.7,134.0,4.0,8,18
2025-08-28 19:00:00,34.5,51,9.1,982.4,2,0.0,147,46.2,47.8,506.0,12.1,7.2,116.0,3.0,8,19
2025-08-28 20:00:00,33.7,55,7.0,983.2,2,0.0,136,52.7,54.4,554.0,16.2,7.5,100.0,3.0,8,20
2025-08-28 21:00:00,33.3,57,5.4,984.2,3,0.0,128,57.7,59.5,599.0,18.6,7.5,89.0,3.0,8,21
2025-08-28 22:00:00,33.1,58,1.9,984.4,1,0.0,129,64.0,65.7,644.0,20.1,7.3,79.0,3.0,8,22
2025-08-28 23:00:00,33.0,58,1.6,984.2,1,0.0,130,67.5,69.4,682.0,21.0,7.0,72.0,4.0,8,23
2025-08-29 00:00:00,32.4,60,4.5,984.6,1,0.0,131,65.4,67.8,702.0,21.1,6.6,67.0,5.0,8,0
2025-08-29 01:00:00,31.5,65,3.7,984.3,0,0.0,131,63.8,66.8,715.0,20.7,6.2,63.0,6.0,8,1
2025-08-29 02:00:00,30.9,69,3.8,984.2,0,0.0,133,64.0,67.5,744.0,20.0,5.8,60.0,7.0,8,2
2025-08-29 03:00:00,30.4,72,2.0,983.9,0,0.0,135,63.6,66.8,814.0,19.4,5.5,55.0,7.0,8,3
2025-08-29 04:00:00,30.1,73,2.3,984.0,0,0.0,137,60.3,63.8,901.0,18.6,5.4,50.0,7.0,8,4
2025-08-29 05:00:00,29.6,76,5.0,984.3,0,0.0,139,64.3,67.5,955.0,22.7,5.5,37.0,6.0,8,5
2025-08-29 06:00:00,30.6,77,8.8,984.3,1,0.0,142,64.5,67.3,967.0,21.3,5.7,49.0,6.0,8,6
2025-08-29 07:00:00,30.8,75,6.5,984.9,12,0.0,143,67.1,69.2,946.0,19.2,6.0,65.0,6.0,8,7
2025-08-29 08:00:00,32.2,68,6.5,985.4,7,0.0,144,57.7,61.0,877.0,16.3,6.1,84.0,6.0,8,8
2025-08-29 09:00:00,34.2,56,6.5,985.7,7,0.0,144,44.6,48.2,718.0,12.1,5.7,107.0,6.0,8,9
2025-08-29 10:00:00,35.8,46,9.4,985.7,7,0.0,143,35.9,38.5,511.0,7.1,5.1,131.0,5.0,8,10
2025-08-29 11:00:00,37.0,43,10.6,985.3,10,0.0,142,31.3,34.0,364.0,3.4,4.4,149.0,5.0,8,11
2025-08-29 12:00:00,37.9,40,10.9,984.7,10,0.0,141,27.1,30.0,335.0,2.0,3.8,154.0,5.0,8,12
2025-08-29 13:00:00,38.4,40,11.0,984.1,13,0.0,139,22.8,25.6,366.0,1.8,3.1,153.0,5.0,8,13
2025-08-29 14:00:00,38.4,41,10.3,983.3,18,0.0,137,19.2,21.7,395.0,2.0,2.6,150.0,5.0,8,14
2025-08-29 15:00:00,37.3,44,10.3,982.7,41,0.0,135,16.3,18.2,397.0,2.1,2.1,149.0,4.0,8,15
2025-08-29 16:00:00,35.1,53,9.2,982.7,33,0.5,133,15.0,15.9,397.0,2.6,1.7,147.0,2.0,8,16
2025-08-29 17:00:00,35.9,48,4.1,982.9,22,0.0,131,28.8,31.8,403.0,4.1,2.5,132.0,6.0,8,17
2025-08-29 18:00:00,35.5,51,12.0,983.7,12,0.0,130,30.7,32.7,417.0,11.9,3.4,116.0,5.0,8,18
2025-08-29 19:00:00,34.4,56,11.0,984.5,8,0.0,129,37.6,39.5,438.0,22.4,4.5,95.0,4.0,8,19
2025-08-29 20:00:00,33.5,60,11.5,985.0,2,0.0,128,54.0,55.6,468.0,28.4,5.2,79.0,3.0,8,20
2025-08-29 21:00:00,32.8,65,9.5,985.5,3,0.0,128,41.2,42.4,520.0,25.2,4.9,75.0,2.0,8,21
2025-08-29 22:00:00,32.3,67,4.5,985.6,4,0.0,127,35.6,36.4,581.0,17.4,4.1,78.0,1.0,8,22
2025-08-29 23:00:00,31.9,69,7.8,986.3,5,0.0,124,32.5,33.3,618.0,11.6,3.8,79.0,1.0,8,23
2025-08-30 00:00:00,31.1,73,8.0,986.5,0,0.0,120,30.3,31.0,610.0,10.4,4.3,77.0,1.0,8,0
2025-08-30 01:00:00,30.5,75,8.0,986.4,5,0.0,116,29.3,30.0,579.0,11.0,5.3,73.0,1.0,8,1
2025-08-30 02:00:00,29.8,78,7.8,986.1,1,0.0,113,27.2,28.4,555.0,12.0,6.3,69.0,2.0,8,2
2025-08-30 03:00:00,29.2,80,9.0,985.8,1,0.0,109,26.4,28.3,551.0,13.0,7.3,62.0,2.0,8,3
2025-08-30 04:00:00,28.6,82,8.0,986.1,2,0.0,105,26.4,28.5,555.0,14.3,8.3,54.0,3.0,8,4
2025-08-30 05:00:00,28.3,84,6.8,986.6,0,0.0,101,26.8,35.5,554.0,13.6,9.7,55.0,17.0,8,5
2025-08-30 06:00:00,29.8,79,6.9,986.0,39,0.0,98,26.5,36.1,549.0,12.8,9.2,58.0,29.0,8,6
2025-08-30 07:00:00,30.2,79,9.0,987.2,53,0.0,95,27.1,41.2,541.0,11.5,8.6,63.0,45.0,8,7
2025-08-30 08:00:00,30.3,76,15.3,988.2,56,0.3,92,27.6,56.6,519.0,9.9,7.7,73.0,56.0,8,8
2025-08-30 09:00:00,31.3,70,10.1,988.1,55,0.1,90,29.6,65.7,471.0,7.4,6.5,95.0,58.0,8,9
2025-08-30 10:00:00,33.0,62,9.2,988.8,62,0.0,88,30.4,63.8,409.0,4.6,5.1,123.0,56.0,8,10
2025-08-30 11:00:00,33.9,58,12.0,988.5,80,0.1,88,29.0,55.1,361.0,2.6,3.9,142.0,51.0,8,11
2025-08-30 12:00:00,34.7,55,13.4,987.7,76,0.1,88,26.0,45.5,339.0,2.3,2.9,144.0,44.0,8,12
2025-08-30 13:00:00,34.5,55,13.4,987.2,55,0.0,88,26.0,43.0,332.0,2.9,2.2,137.0,35.0,8,13
2025-08-30 14:00:00,33.1,58,14.7,986.6,79,0.2,88,28.3,42.6,332.0,3.5,1.8,133.0,28.0,8,14
2025-08-30 15:00:00,34.5,56,11.6,985.4,41,0.2,89,28.5,40.7,340.0,3.6,2.0,137.0,23.0,8,15
2025-08-30 16:00:00,33.8,56,14.7,985.0,100,0.2,90,28.5,39.7,356.0,3.7,2.6,143.0,20.0,8,16
2025-08-30 17:00:00,33.2,59,12.0,985.3,99,0.1,91,36.9,44.7,375.0,4.0,3.4,132.0,15.0,8,17
2025-08-30 18:00:00,29.9,74,9.5,986.5,100,0.0,99,34.2,39.6,397.0,6.6,3.6,120.0,13.0,8,18
2025-08-30 19:00:00,29.3,77,8.9,986.8,99,0.0,98,34.9,39.5,423.0,10.3,3.9,103.0,10.0,8,19
2025-08-30 20:00:00,28.9,80,9.1,987.3,99,0.0,91,37.4,41.1,445.0,13.1,4.1,88.0,7.0,8,20
2025-08-30 21:00:00,28.5,82,8.0,988.2,97,0.0,90,37.4,40.5,464.0,14.2,4.2,78.0,6.0,8,21
2025-08-30 22:00:00,28.1,84,5.7,988.2,97,0.0,90,38.5,41.1,481.0,14.4,4.2,71.0,5.0,8,22
2025-08-30 23:00:00,27.7,86,4.9,988.4,100,0.0,90,39.2,41.3,487.0,14.6,4.2,65.0,4.0,8,23
2025-08-31 00:00:00,27.7,86,4.0,987.9,94,0.0,91,37.1,38.9,476.0,15.1,4.3,59.0,3.0,8,0
2025-08-31 01:00:00,27.5,86,5.8,987.3,99,0.0,91,36.3,37.7,456.0,15.5,4.5,54.0,2.0,8,1
2025-08-31 02:00:00,27.1,88,7.9,986.7,99,0.0,92,35.7,36.9,438.0,15.5,4.7,52.0,2.0,8,2
2025-08-31 03:00:00,27.0,88,7.3,986.1,53,0.0,92,33.8,34.7,425.0,14.7,5.0,53.0,2.0,8,3
2025-08-31 04:00:00,26.9,89,8.7,986.2,99,0.0,93,29.4,30.5,414.0,13.5,5.4,56.0,3.0,8,4
2025-08-31 05:00:00,26.6,90,7.3,986.1,49,0.0,93,35.3,35.5,416.0,18.8,6.3,40.0,0.0,8,5
2025-08-31 06:00:00,25.3,94,3.7,986.4,81,0.0,94,31.8,31.9,445.0,16.4,7.4,50.0,0.0,8,6
2025-08-31 07:00:00,25.7,91,2.4,987.0,100,0.0,94,27.7,27.8,486.0,13.0,8.9,65.0,0.0,8,7
2025-08-31 08:00:00,26.5,87,5.2,986.9,100,0.0,94,21.1,21.2,501.0,9.9,9.6,81.0,0.0,8,8
2025-08-31 09:00:00,27.4,82,7.4,987.2,100,0.2,94,17.5,17.6,464.0,7.2,8.7,99.0,0.0,8,9
2025-08-31 10:00:00,29.0,74,7.3,987.3,86,0.1,93,16.7,17.1,401.0,4.8,7.1,119.0,0.0,8,10
2025-08-31 11:00:00,30.5,67,8.5,986.8,43,0.2,92,16.8,17.5,351.0,3.0,5.5,134.0,1.0,8,11
2025-08-31 12:00:00,31.6,64,8.0,986.0,52,0.3,91,17.3,18.5,331.0,2.1,4.3,142.0,2.0,8,12
2025-08-31 13:00:00,32.2,63,7.1,985.1,64,0.1,90,16.8,18.3,324.0,1.9,3.3,145.0,3.0,8,13
2025-08-31 14:00:00,32.5,61,6.4,983.9,97,0.1,89,16.5,18.4,322.0,2.1,2.5,145.0,4.0,8,14
2025-08-31 15:00:00,32.7,59,7.0,982.9,35,0.2,88,15.9,18.0,318.0,2.4,2.1,142.0,4.0,8,15
2025-08-31 16:00:00,32.9,58,8.0,981.9,21,0.1,87,17.1,19.0,319.0,3.1,2.0,135.0,4.0,8,16
2025-08-31 17:00:00,32.8,57,9.0,981.9,55,0.0,92,36.7,40.7,330.0,4.1,4.3,130.0,8.0,8,17
2025-08-31 18:00:00,30.7,71,9.2,983.3,3,0.0,99,36.9,40.0,358.0,6.8,4.5,118.0,7.0,8,18
2025-08-31 19:00:00,29.6,78,10.8,983.5,7,0.0,99,40.4,42.5,397.0,10.6,4.7,101.0,5.0,8,19
2025-08-31 20:00:00,28.5,81,8.6,984.1,1,0.0,92,43.1,44.6,433.0,13.6,4.8,87.0,3.0,8,20
2025-08-31 21:00:00,28.1,83,6.9,984.8,3,0.0,88,44.9,46.1,461.0,14.7,4.7,79.0,2.0,8,21
2025-08-31 22:00:00,27.7,85,4.8,985.3,2,0.0,88,48.4,49.4,487.0,15.0,4.6,75.0,2.0,8,22
2025-08-31 23:00:00,27.3,87,5.0,985.3,6,0.0,89,52.5,53.3,509.0,15.7,4.6,69.0,2.0,8,23
2025-09-01 00:00:00,27.1,88,5.9,985.0,4,0.0,90,58.6,59.5,528.0,17.8,4.8,60.0,2.0,9,0
2025-09-01 01:00:00,26.8,89,6.9,984.3,0,0.0,92,61.7,62.4,545.0,20.3,5.1,50.0,1.0,9,1
2025-09-01 02:00:00,26.5,91,6.7,983.4,1,0.0,94,61.2,61.9,557.0,21.5,5.6,44.0,1.0,9,2
2025-09-01 03:00:00,26.3,92,4.9,983.0,0,0.0,96,61.2,61.7,561.0,20.4,6.6,43.0,1.0,9,3
2025-09-01 04:00:00,26.1,93,4.4,983.1,3,0.0,98,60.5,61.0,561.0,18.1,7.8,45.0,0.0,9,4
2025-09-01 05:00:00,25.9,94,6.4,983.6,4,0.0,100,62.9,63.1,571.0,18.3,8.4,49.0,0.0,9,5
2025-09-01 06:00:00,26.5,91,6.2,983.2,0,0.0,103,60.1,60.3,613.0,16.3,9.7,59.0,0.0,9,6
2025-09-01 07:00:00,26.8,89,5.5,983.4,0,0.0,106,53.3,53.4,666.0,13.4,11.4,73.0,0.0,9,7
2025-09-01 08:00:00,28.1,81,5.4,983.5,2,0.0,109,44.8,44.8,680.0,10.5,12.2,89.0,0.0,9,8
2025-09-01 09:00:00,29.8,71,7.1,984.1,3,0.0,111,41.6,41.7,619.0,7.8,11.4,108.0,0.0,9,9
2025-09-01 10:00:00,31.4,62,8.8,984.2,12,0.0,114,40.4,40.7,519.0,5.1,9.6,129.0,0.0,9,10
2025-09-01 11:00:00,32.8,55,9.4,983.8,18,0.0,116,38.2,38.5,438.0,3.1,8.0,144.0,0.0,9,11
2025-09-01 12:00:00,33.9,50,8.0,983.2,36,0.0,119,35.0,35.3,398.0,2.3,6.8,149.0,0.0,9,12
2025-09-01 13:00:00,34.9,45,6.4,982.2,47,0.0,120,33.1,33.3,377.0,2.1,5.6,149.0,0.0,9,13
2025-09-01 14:00:00,35.7,42,7.2,980.9,98,0.0,122,30.7,31.0,369.0,2.3,4.8,148.0,0.0,9,14
2025-09-01 15:00:00,35.9,43,9.4,979.9,22,0.0,124,28.9,29.1,375.0,2.4,4.4,148.0,0.0,9,15
2025-09-01 16:00:00,35.4,46,10.1,979.4,41,0.0,125,27.9,28.1,393.0,2.7,4.2,148.0,0.0,9,16
2025-09-01 17:00:00,33.9,53,12.1,979.5,25,0.0,126,32.5,32.6,414.0,3.9,4.1,137.0,0.0,9,17
2025-09-01 18:00:00,32.9,55,11.0,981.2,47,0.0,126,34.2,34.2,432.0,6.6,4.3,125.0,0.0,9,18
2025-09-01 19:00:00,31.2,66,12.3,981.9,2,0.0,125,37.3,37.3,452.0,10.2,4.5,108.0,0.0,9,19
2025-09-01 20:00:00,30.4,70,9.5,982.8,3,0.0,125,38.8,38.8,487.0,13.1,4.6,94.0,0.0,9,20
2025-09-01 21:00:00,29.9,72,8.1,983.7,2,0.0,125,39.8,39.9,550.0,14.2,4.6,85.0,0.0,9,21
2025-09-01 22:00:00,29.4,75,7.8,983.9,0,0.0,124,42.0,42.1,628.0,14.6,4.4,78.0,0.0,9,22
2025-09-01 23:00:00,28.9,77,6.9,984.1,0,0.0,123,44.9,45.1,687.0,14.9,4.5,72.0,0.0,9,23
2025-09-02 00:00:00,28.4,79,7.3,983.9,6,0.0,123,44.9,45.2,719.0,15.5,4.8,65.0,0.0,9,0
2025-09-02 01:00:00,27.9,81,8.1,983.6,17,0.0,121,45.5,45.8,734.0,16.2,5.4,58.0,0.0,9,1
2025-09-02 02:00:00,27.3,85,8.3,983.6,25,0.0,120,47.4,47.6,721.0,16.7,5.9,53.0,0.0,9,2
2025-09-02 03:00:00,27.0,85,6.9,983.4,81,0.0,118,48.2,48.3,663.0,17.3,6.4,48.0,0.0,9,3
2025-09-02 04:00:00,26.6,86,8.5,984.0,89,0.1,117,48.4,48.7,579.0,17.7,6.9,44.0,1.0,9,4
2025-09-02 05:00:00,26.5,86,9.5,984.4,100,0.0,116,32.4,32.4,516.0,10.9,6.2,70.0,0.0,9,5
2025-09-02 06:00:00,25.8,91,7.7,984.0,18,0.0,112,24.9,24.9,498.0,10.6,6.8,73.0,0.0,9,6
2025-09-02 07:00:00,26.2,87,8.5,984.8,6,0.0,109,24.4,24.5,502.0,10.0,7.5,78.0,0.0,9,7
2025-09-02 08:00:00,27.2,80,10.8,984.9,45,0.0,106,23.6,23.7,499.0,9.0,8.0,88.0,0.0,9,8
2025-09-02 09:00:00,28.5,73,12.4,985.2,100,0.0,103,21.7,22.4,479.0,7.1,8.0,107.0,0.0,9,9
2025-09-02 10:00:00,30.0,66,9.6,985.6,100,0.0,101,18.6,18.8,452.0,4.8,7.8,130.0,0.0,9,10
2025-09-02 11:00:00,30.8,63,11.5,985.6,36,0.1,99,17.9,18.0,427.0,3.0,7.5,148.0,0.0,9,11
2025-09-02 12:00:00,32.6,56,9.2,985.3,22,0.2,98,18.9,20.4,404.0,2.2,7.0,157.0,4.0,9,12
2025-09-02 13:00:00,33.9,51,8.3,984.4,18,0.1,96,20.7,24.3,382.0,1.9,6.4,161.0,9.0,9,13
2025-09-02 14:00:00,34.4,49,8.7,983.5,16,0.0,95,21.5,27.5,369.0,2.0,5.9,162.0,12.0,9,14
2025-09-02 15:00:00,34.8,48,8.4,982.6,12,0.0,95,21.6,27.4,366.0,2.4,5.6,161.0,11.0,9,15
2025-09-02 16:00:00,34.7,48,8.5,982.1,23,0.0,103,20.8,25.4,371.0,3.1,5.5,157.0,9.0,9,16
2025-09-02 17:00:00,34.1,50,9.2,982.3,18,0.0,118,30.2,45.8,383.0,4.7,7.1,161.0,31.0,9,17
2025-09-02 18:00:00,32.4,55,9.1,983.0,53,0.0,130,36.0,48.7,407.0,9.1,6.7,141.0,25.0,9,18
2025-09-02 19:00:00,30.7,65,9.6,984.0,8,0.0,132,43.8,52.4,438.0,15.0,6.3,114.0,17.0,9,19
2025-09-02 20:00:00,29.7,71,8.3,984.7,2,0.0,125,44.5,49.7,466.0,18.5,5.9,93.0,10.0,9,20
2025-09-02 21:00:00,29.2,74,9.5,985.7,0,0.0,111,41.6,44.6,488.0,17.2,5.8,87.0,6.0,9,21
2025-09-02 22:00:00,28.8,76,9.1,986.2,1,0.0,95,40.7,41.9,505.0,13.5,5.9,89.0,3.0,9,22
2025-09-02 23:00:00,28.3,78,7.9,986.8,3,0.0,95,41.6,42.0,514.0,11.1,5.9,87.0,1.0,9,23
2025-09-03 00:00:00,27.8,80,7.1,986.9,2,0.0,94,42.1,42.6,505.0,11.8,5.8,78.0,0.0,9,0
2025-09-03 01:00:00,27.4,81,6.4,986.7,1,0.0,94,43.9,44.4,486.0,13.8,5.6,66.0,1.0,9,1
2025-09-03 02:00:00,27.0,82,6.0,986.6,0,0.0,94,46.3,46.8,480.0,15.3,5.6,56.0,1.0,9,2
2025-09-03 03:00:00,26.6,83,5.9,986.3,0,0.0,94,46.8,47.3,494.0,15.7,5.9,50.0,1.0,9,3
2025-09-03 04:00:00,26.3,84,5.7,986.2,0,0.0,94,46.1,46.4,519.0,15.7,6.4,47.0,1.0,9,4
2025-09-03 05:00:00,25.9,86,5.7,986.5,0,0.0,94,47.3,47.5,557.0,15.0,6.9,48.0,1.0,9,5
2025-09-03 06:00:00,27.1,83,7.7,986.4,14,0.0,95,49.5,50.2,632.0,14.8,7.6,54.0,1.0,9,6
2025-09-03 07:00:00,27.4,81,7.4,987.1,3,0.0,97,52.2,52.7,719.0,14.4,8.6,63.0,1.0,9,7
2025-09-03 08:00:00,28.9,74,6.4,987.5,2,0.0,99,49.1,49.6,739.0,13.1,9.4,78.0,1.0,9,8
2025-09-03 09:00:00,30.9,63,8.3,988.0,0,0.0,101,44.9,45.3,629.0,10.1,10.0,105.0,1.0,9,9
2025-09-03 10:00:00,32.6,54,11.0,988.1,18,0.0,104,41.3,41.9,453.0,6.3,10.3,138.0,1.0,9,10
2025-09-03 11:00:00,34.1,47,11.3,987.9,40,0.0,106,35.6,36.6,320.0,3.4,10.1,161.0,2.0,9,11
2025-09-03 12:00:00,34.5,47,11.3,987.4,54,0.1,108,31.2,32.4,282.0,2.3,8.9,166.0,4.0,9,12
2025-09-03 13:00:00,34.9,45,9.9,986.7,55,0.0,109,29.6,31.9,288.0,2.2,7.1,160.0,7.0,9,13
2025-09-03 14:00:00,35.8,42,10.0,985.8,71,0.0,110,29.3,33.9,298.0,2.4,5.5,154.0,9.0,9,14
2025-09-03 15:00:00,36.0,40,10.8,985.1,59,0.0,111,29.7,35.7,299.0,2.4,4.4,150.0,9.0,9,15
2025-09-03 16:00:00,35.9,40,9.3,984.3,54,0.0,112,28.7,33.9,304.0,2.8,3.6,145.0,8.0,9,16
2025-09-03 17:00:00,35.2,43,8.2,984.3,94,0.0,117,36.1,39.7,315.0,4.0,4.7,130.0,7.0,9,17
2025-09-03 18:00:00,32.8,54,11.5,985.4,2,0.0,123,40.3,42.7,334.0,6.8,4.9,118.0,5.0,9,18
2025-09-03 19:00:00,31.5,60,10.7,986.4,5,0.0,118,45.2,46.2,359.0,10.7,5.2,102.0,2.0,9,19
2025-09-03 20:00:00,30.8,63,9.6,987.4,3,0.0,114,47.1,47.4,391.0,13.8,5.4,88.0,0.0,9,20
2025-09-03 21:00:00,30.1,66,9.2,988.1,0,0.0,114,49.4,49.4,439.0,15.5,5.4,80.0,0.0,9,21
2025-09-03 22:00:00,29.5,70,9.5,988.5,0,0.0,115,53.4,53.4,495.0,16.5,5.4,74.0,0.0,9,22
2025-09-03 23:00:00,29.0,72,9.2,988.7,0,0.0,116,57.0,57.0,533.0,17.1,5.4,70.0,0.0,9,23
2025-09-04 00:00:00,28.4,75,7.8,988.8,0,0.0,118,57.4,57.4,536.0,17.2,5.4,66.0,0.0,9,0
2025-09-04 01:00:00,27.9,77,6.4,988.7,0,0.0,119,56.3,56.3,522.0,16.8,5.5,63.0,0.0,9,1
2025-09-04 02:00:00,27.4,79,5.9,988.3,0,0.0,121,53.7,53.7,521.0,16.4,5.8,61.0,0.0,9,2
2025-09-04 03:00:00,27.0,81,5.1,988.1,2,0.0,121,50.6,50.6,547.0,16.1,6.3,58.0,0.0,9,3
2025-09-04 04:00:00,26.7,82,6.0,988.4,5,0.0,122,48.1,48.1,586.0,15.8,7.0,54.0,0.0,9,4
2025-09-04 05:00:00,26.3,83,7.5,989.0,14,0.0,122,44.2,45.3,625.0,15.1,8.3,56.0,2.0,9,5
2025-09-04 06:00:00,27.1,82,8.6,988.5,10,0.0,122,43.8,44.4,681.0,14.8,9.0,60.0,2.0,9,6
2025-09-04 07:00:00,27.5,80,6.5,989.2,12,0.0,121,43.4,43.9,737.0,14.2,10.0,67.0,1.0,9,7
2025-09-04 08:00:00,28.9,73,5.1,989.7,0,0.0,120,41.4,41.8,732.0,12.9,10.3,78.0,1.0,9,8
2025-09-04 09:00:00,30.9,62,8.8,990.2,24,0.0,119,37.7,38.1,608.0,10.0,9.5,98.0,1.0,9,9
2025-09-04 10:00:00,32.2,55,12.4,990.2,18,0.0,119,30.4,30.6,424.0,6.3,8.2,122.0,0.0,9,10
2025-09-04 11:00:00,33.1,51,13.1,990.0,28,0.0,117,27.4,27.6,289.0,3.5,6.9,140.0,0.0,9,11
2025-09-04 12:00:00,34.0,47,12.8,989.4,63,0.0,117,27.5,27.8,258.0,2.5,5.8,148.0,0.0,9,12
2025-09-04 13:00:00,34.2,46,12.5,988.6,100,0.0,116,27.0,27.3,276.0,2.3,4.8,151.0,1.0,9,13
2025-09-04 14:00:00,34.8,44,12.1,987.6,100,0.0,116,25.7,26.1,296.0,2.5,4.0,152.0,1.0,9,14
2025-09-04 15:00:00,35.0,43,12.1,986.8,44,0.0,116,24.2,24.4,298.0,2.4,3.5,154.0,1.0,9,15
2025-09-04 16:00:00,35.0,42,13.0,986.2,40,0.0,115,23.1,23.4,301.0,2.6,3.3,153.0,0.0,9,16
2025-09-04 17:00:00,34.4,43,12.3,985.9,67,0.0,114,37.8,38.6,314.0,3.8,2.8,147.0,2.0,9,17
2025-09-04 18:00:00,33.9,47,9.2,986.4,2,0.0,115,42.3,43.0,340.0,7.4,3.2,132.0,2.0,9,18
2025-09-04 19:00:00,32.1,57,11.7,987.1,2,0.0,117,49.5,50.1,375.0,12.4,3.7,111.0,1.0,9,19
2025-09-04 20:00:00,31.0,64,10.4,987.6,1,0.0,115,52.9,53.6,421.0,15.8,4.1,94.0,1.0,9,20
2025-09-04 21:00:00,30.6,67,8.2,988.3,1,0.0,116,53.2,53.8,486.0,15.8,4.3,88.0,1.0,9,21
2025-09-04 22:00:00,30.1,69,6.5,988.8,1,0.0,116,53.7,54.2,561.0,14.3,4.4,86.0,1.0,9,22
2025-09-04 23:00:00,29.7,72,5.1,989.1,2,0.0,116,54.2,54.6,621.0,13.3,4.5,82.0,1.0,9,23
2025-09-05 00:00:00,29.2,74,5.0,989.0,3,0.0,116,53.4,53.8,656.0,13.9,4.6,73.0,1.0,9,0
2025-09-05 01:00:00,28.8,77,5.9,988.7,3,0.0,116,53.3,53.7,675.0,15.1,4.7,63.0,1.0,9,1
2025-09-05 02:00:00,28.3,80,6.6,988.6,6,0.0,115,53.8,54.1,683.0,16.1,4.8,54.0,1.0,9,2
2025-09-05 03:00:00,27.8,83,5.7,988.4,3,0.0,115,53.7,54.0,675.0,16.8,5.0,46.0,1.0,9,3
2025-09-05 04:00:00,27.4,84,5.4,988.7,1,0.0,116,51.9,52.3,655.0,17.4,5.3,40.0,1.0,9,4
2025-09-05 05:00:00,27.0,87,8.1,988.9,0,0.0,116,47.4,48.8,638.0,16.1,5.9,41.0,3.0,9,5
2025-09-05 06:00:00,26.0,91,10.0,988.9,18,0.1,116,45.5,47.5,636.0,15.5,6.4,46.0,4.0,9,6
2025-09-05 07:00:00,26.6,87,7.5,989.5,11,0.0,117,46.6,49.0,637.0,14.5,7.0,54.0,6.0,9,7
2025-09-05 08:00:00,28.3,78,4.2,989.9,6,0.0,117,41.3,45.1,613.0,12.8,7.3,68.0,7.0,9,8
2025-09-05 09:00:00,30.6,68,5.0,990.4,5,0.0,117,34.3,37.1,541.0,9.5,6.8,93.0,6.0,9,9
2025-09-05 10:00:00,32.8,58,7.8,990.5,7,0.0,116,31.4,33.1,444.0,5.5,5.9,123.0,4.0,9,10
2025-09-05 11:00:00,34.2,52,8.4,990.0,22,0.0,117,30.6,31.7,371.0,2.5,5.2,145.0,2.0,9,11
2025-09-05 12:00:00,35.0,48,8.1,989.4,24,0.0,117,28.4,29.2,344.0,1.5,4.8,151.0,1.0,9,12
2025-09-05 13:00:00,35.8,45,8.0,988.7,27,0.0,117,26.7,27.5,340.0,1.6,4.5,148.0,1.0,9,13
2025-09-05 14:00:00,36.2,43,6.7,987.4,25,0.0,117,24.7,25.2,342.0,1.9,4.2,144.0,1.0,9,14
2025-09-05 15:00:00,36.7,41,6.4,986.2,27,0.0,117,22.9,23.3,346.0,1.8,3.9,143.0,1.0,9,15
2025-09-05 16:00:00,36.5,41,8.3,985.4,19,0.0,117,21.9,22.2,357.0,1.9,3.7,141.0,0.0,9,16
2025-09-05 17:00:00,35.9,42,9.0,985.1,17,0.0,117,16.1,16.1,368.0,3.2,4.2,122.0,0.0,9,17
2025-09-05 18:00:00,35.0,46,10.3,986.3,21,0.0,114,18.7,18.7,374.0,6.7,4.5,109.0,0.0,9,18
2025-09-05 19:00:00,33.9,52,10.2,986.8,4,0.0,112,24.0,24.0,381.0,11.6,5.0,91.0,0.0,9,19
2025-09-05 20:00:00,32.9,57,10.8,987.5,2,0.0,109,28.9,29.0,400.0,15.2,5.3,77.0,0.0,9,20
2025-09-05 21:00:00,31.8,62,9.8,988.4,3,0.0,107,32.7,32.9,437.0,16.4,5.4,70.0,0.0,9,21
2025-09-05 22:00:00,31.2,64,8.5,988.8,3,0.0,105,34.9,35.3,486.0,16.3,5.5,67.0,1.0,9,22
2025-09-05 23:00:00,30.8,66,6.4,988.9,2,0.0,103,36.6,37.0,537.0,16.1,5.5,64.0,1.0,9,23
2025-09-06 00:00:00,30.4,69,4.2,988.8,2,0.0,101,36.8,37.6,591.0,15.8,5.5,61.0,2.0,9,0
2025-09-06 01:00:00,30.0,71,4.9,988.7,1,0.0,99,36.8,37.8,647.0,15.3,5.6,57.0,2.0,9,1
2025-09-06 02:00:00,29.6,73,4.1,988.5,1,0.0,98,36.3,37.8,696.0,15.3,5.7,54.0,3.0,9,2
2025-09-06 03:00:00,29.3,75,2.4,988.5,0,0.0,97,36.4,38.5,740.0,16.3,5.8,48.0,3.0,9,3
2025-09-06 04:00:00,29.2,76,3.4,988.7,0,0.0,95,37.7,40.0,777.0,17.8,6.0,42.0,4.0,9,4
2025-09-06 05:00:00,28.9,77,4.6,989.0,0,0.0,94,43.4,44.8,788.0,20.2,6.6,41.0,3.0,9,5
2025-09-06 06:00:00,30.1,72,4.4,988.8,3,0.0,94,43.4,44.2,766.0,19.8,7.6,50.0,2.0,9,6
2025-09-06 07:00:00,30.4,71,4.7,989.1,16,0.0,94,44.7,44.9,717.0,19.1,8.9,62.0,1.0,9,7
2025-09-06 08:00:00,32.3,62,5.2,989.7,19,0.0,94,40.2,40.6,650.0,17.1,9.2,76.0,1.0,9,8
2025-09-06 09:00:00,33.8,53,8.6,989.8,8,0.0,93,27.3,33.2,550.0,12.6,7.7,92.0,2.0,9,9
2025-09-06 10:00:00,33.1,57,12.0,990.3,47,0.0,93,20.1,26.3,430.0,6.8,5.2,110.0,5.0,9,10
2025-09-06 11:00:00,34.7,51,8.9,989.9,80,0.0,92,17.2,20.7,337.0,2.5,3.3,122.0,6.0,9,11
2025-09-06 12:00:00,32.2,62,12.5,989.8,94,1.4,91,16.6,18.8,291.0,1.2,2.6,125.0,5.0,9,12
2025-09-06 13:00:00,34.2,51,10.0,988.9,83,0.0,90,16.4,18.1,272.0,1.4,2.6,123.0,3.0,9,13
2025-09-06 14:00:00,34.5,49,11.9,987.5,28,0.0,89,15.5,16.7,264.0,1.8,2.6,121.0,2.0,9,14
2025-09-06 15:00:00,35.1,47,9.5,986.3,40,0.0,88,14.9,15.7,267.0,1.9,2.6,121.0,1.0,9,15
2025-09-06 16:00:00,34.9,49,10.5,985.4,39,0.0,88,14.8,15.4,281.0,2.1,2.8,121.0,1.0,9,16
2025-09-06 17:00:00,34.5,51,11.0,985.3,42,0.0,87,28.9,30.9,298.0,3.4,2.9,105.0,3.0,9,17
2025-09-06 18:00:00,32.7,59,12.2,986.1,54,0.0,88,32.7,34.7,312.0,5.6,3.2,97.0,4.0,9,18
2025-09-06 19:00:00,31.7,64,11.1,986.8,59,0.0,89,36.0,38.4,329.0,8.6,3.7,87.0,5.0,9,19
2025-09-06 20:00:00,31.0,69,9.2,987.4,47,0.0,90,37.6,40.7,352.0,11.0,4.2,78.0,6.0,9,20
2025-09-06 21:00:00,30.7,73,7.2,988.3,90,0.0,91,38.4,41.9,389.0,12.0,4.6,72.0,6.0,9,21
2025-09-06 22:00:00,30.4,75,8.0,988.6,93,0.0,91,39.7,43.1,432.0,12.3,5.0,68.0,6.0,9,22
2025-09-06 23:00:00,30.0,74,8.0,988.5,100,0.0,92,40.0,43.3,466.0,12.4,5.5,65.0,6.0,9,23
2025-09-07 00:00:00,29.6,73,8.5,988.2,80,0.0,92,39.1,42.0,484.0,12.3,6.0,63.0,5.0,9,0
2025-09-07 01:00:00,29.1,75,8.6,987.9,100,0.0,92,38.8,41.1,492.0,12.0,6.6,62.0,4.0,9,1
2025-09-07 02:00:00,28.7,77,7.9,987.2,99,0.0,92,38.2,39.9,497.0,11.7,7.1,61.0,3.0,9,2
2025-09-07 03:00:00,28.5,78,8.0,987.4,99,0.0,93,37.7,39.0,497.0,11.6,7.5,59.0,2.0,9,3
2025-09-07 04:00:00,28.4,78,7.8,987.6,100,0.0,93,36.1,37.0,493.0,11.5,7.7,58.0,1.0,9,4
2025-09-07 05:00:00,28.2,80,7.7,987.8,100,0.0,93,27.6,28.3,491.0,8.3,5.1,76.0,1.0,9,5
2025-09-07 06:00:00,28.6,81,7.0,987.2,97,0.0,91,23.2,23.7,497.0,8.8,4.9,80.0,1.0,9,6
2025-09-07 07:00:00,28.5,79,9.9,987.4,100,0.0,90,20.0,20.4,506.0,9.3,4.6,86.0,1.0,9,7
2025-09-07 08:00:00,28.8,78,14.0,988.4,100,0.4,88,17.6,17.9,504.0,9.4,4.3,91.0,1.0,9,8
2025-09-07 09:00:00,29.2,76,13.3,988.4,100,0.3,86,13.6,13.8,483.0,8.4,4.0,97.0,1.0,9,9
2025-09-07 10:00:00,30.1,72,13.5,988.8,100,0.3,85,14.1,14.2,452.0,6.8,3.7,102.0,0.0,9,10
2025-09-07 11:00:00,28.5,84,11.4,989.0,100,13.2,84,14.1,14.3,425.0,5.8,3.5,104.0,0.0,9,11
2025-09-07 12:00:00,26.3,93,14.0,988.7,100,9.8,84,13.9,14.3,405.0,5.9,3.4,100.0,0.0,9,12
2025-09-07 13:00:00,26.8,88,12.8,988.1,100,1.3,84,14.2,15.0,390.0,6.5,3.4,93.0,1.0,9,13
2025-09-07 14:00:00,27.3,88,12.4,987.0,100,0.7,84,15.9,16.8,385.0,7.2,3.5,88.0,1.0,9,14
2025-09-07 15:00:00,27.6,87,13.4,985.8,100,0.5,84,16.5,17.3,394.0,7.7,3.8,89.0,1.0,9,15
2025-09-07 16:00:00,28.1,84,14.6,985.4,100,0.3,84,16.6,17.3,413.0,8.4,4.3,92.0,1.0,9,16
2025-09-07 17:00:00,28.2,85,12.6,985.1,100,0.1,84,18.0,18.9,442.0,8.2,6.4,99.0,2.0,9,17
2025-09-07 18:00:00,28.6,83,14.2,986.4,100,0.0,83,19.7,20.3,493.0,9.7,6.7,93.0,2.0,9,18
2025-09-07 19:00:00,27.9,88,11.9,986.7,100,0.0,82,21.9,22.4,553.0,11.7,7.2,85.0,1.0,9,19
2025-09-07 20:00:00,27.7,89,12.2,987.5,100,0.0,81,22.8,23.2,582.0,13.0,7.3,78.0,1.0,9,20
2025-09-07 21:00:00,27.6,90,9.8,988.2,100,0.0,80,24.7,25.0,552.0,12.9,6.9,74.0,1.0,9,21
2025-09-07 22:00:00,27.4,91,10.0,988.3,100,0.0,79,26.5,26.7,491.0,12.0,6.1,72.0,0.0,9,22
2025-09-07 23:00:00,27.2,92,10.1,988.1,64,0.0,78,25.5,25.7,447.0,11.0,5.4,71.0,0.0,9,23
2025-09-08 00:00:00,26.9,92,10.1,987.7,53,0.0,77,24.5,24.7,447.0,10.1,4.8,71.0,0.0,9,0
2025-09-08 01:00:00,26.7,93,10.1,987.1,100,0.0,76,23.7,23.7,465.0,9.1,4.3,72.0,0.0,9,1
2025-09-08 02:00:00,26.3,92,12.1,986.5,100,0.3,74,20.4,20.5,463.0,8.3,3.8,73.0,0.0,9,2
2025-09-08 03:00:00,25.3,95,11.4,987.1,100,3.6,73,17.2,17.3,416.0,7.9,3.3,73.0,0.0,9,3
2025-09-08 04:00:00,25.1,96,10.7,987.3,100,1.6,71,16.4,16.5,349.0,7.8,3.0,72.0,0.0,9,4
2025-09-08 05:00:00,24.5,98,10.1,987.8,100,4.1,70,6.1,6.4,310.0,5.5,1.9,80.0,1.0,9,5
2025-09-08 06:00:00,25.3,96,13.4,987.1,100,0.7,68,6.0,6.3,327.0,6.2,2.0,77.0,1.0,9,6
2025-09-08 07:00:00,24.9,95,10.4,988.0,100,5.2,67,7.1,7.4,371.0,7.0,2.1,73.0,0.0,9,7
2025-09-08 08:00:00,24.4,94,11.4,988.9,100,7.7,66,8.8,9.0,400.0,7.4,2.3,73.0,0.0,9,8
2025-09-08 09:00:00,25.5,89,11.9,989.1,100,1.6,65,11.4,11.6,392.0,6.9,2.7,80.0,0.0,9,9
2025-09-08 10:00:00,26.6,86,13.0,989.7,100,0.1,65,14.3,14.5,369.0,5.9,3.1,90.0,0.0,9,10
2025-09-08 11:00:00,27.2,83,11.5,989.5,100,0.0,65,17.5,17.6,349.0,5.0,3.3,100.0,0.0,9,11
2025-09-08 12:00:00,28.5,79,11.1,989.3,100,0.1,65,20.5,20.7,334.0,4.0,2.9,110.0,0.0,9,12
2025-09-08 13:00:00,29.1,77,8.9,988.5,100,0.1,66,21.7,22.3,323.0,3.0,2.1,120.0,1.0,9,13
2025-09-08 14:00:00,30.0,74,7.9,987.9,100,0.1,66,22.0,22.7,327.0,2.8,1.6,124.0,1.0,9,14
2025-09-08 15:00:00,30.5,72,9.6,987.3,100,0.1,67,23.9,24.5,351.0,3.8,1.5,118.0,1.0,9,15
2025-09-08 16:00:00,29.4,74,10.4,986.9,100,1.8,67,22.9,23.5,392.0,5.5,1.7,107.0,1.0,9,16
2025-09-08 17:00:00,29.3,77,8.1,987.0,100,0.0,68,30.3,31.3,449.0,5.5,1.6,101.0,2.0,9,17
2025-09-08 18:00:00,27.5,86,9.9,988.2,100,0.0,69,31.0,31.7,531.0,7.6,2.3,94.0,2.0,9,18
2025-09-08 19:00:00,26.8,90,8.9,988.7,91,0.0,70,32.5,32.9,630.0,10.4,3.4,84.0,1.0,9,19
2025-09-08 20:00:00,26.5,91,8.6,989.3,22,0.0,71,34.7,35.0,724.0,13.0,4.2,74.0,1.0,9,20
2025-09-08 21:00:00,26.2,92,8.1,990.1,96,0.0,72,35.6,35.9,824.0,15.0,4.7,65.0,1.0,9,21
2025-09-08 22:00:00,26.0,93,5.9,990.3,9,0.0,72,37.0,37.3,920.0,16.6,4.9,57.0,0.0,9,22
2025-09-08 23:00:00,25.8,94,5.2,990.5,75,0.0,73,40.6,40.9,956.0,17.5,5.1,51.0,0.0,9,23
2025-09-09 00:00:00,25.7,95,5.8,990.3,15,0.0,74,39.3,39.6,891.0,17.3,5.2,48.0,0.0,9,0
2025-09-09 01:00:00,25.5,96,6.5,990.0,14,0.0,76,36.9,37.1,767.0,16.4,5.2,47.0,0.0,9,1
2025-09-09 02:00:00,25.4,96,6.8,989.8,8,0.0,77,35.0,35.3,652.0,15.6,5.1,46.0,0.0,9,2
2025-09-09 03:00:00,25.3,97,5.6,990.0,66,0.0,78,33.9,34.1,560.0,15.3,5.0,44.0,0.0,9,3
2025-09-09 04:00:00,25.4,97,4.0,990.4,100,0.0,79,33.3,33.4,477.0,15.2,4.8,42.0,0.0,9,4
2025-09-09 05:00:00,25.3,97,5.4,990.8,71,0.0,80,18.0,18.1,435.0,10.3,3.4,56.0,0.0,9,5
2025-09-09 06:00:00,25.5,97,7.5,990.7,54,0.2,81,17.2,17.2,469.0,10.0,3.5,60.0,0.0,9,6
2025-09-09 07:00:00,25.8,96,7.3,991.0,12,0.0,82,17.3,17.4,544.0,9.6,3.7,65.0,0.0,9,7
2025-09-09 08:00:00,26.6,93,3.8,991.6,1,0.0,83,16.5,16.7,585.0,8.7,4.0,74.0,0.0,9,8
2025-09-09 09:00:00,28.2,85,1.8,992.1,0,0.0,84,18.2,18.7,553.0,7.0,4.5,89.0,2.0,9,9
2025-09-09 10:00:00,29.6,79,1.6,992.5,1,0.0,84,19.8,21.1,487.0,4.9,5.0,107.0,4.0,9,10
2025-09-09 11:00:00,30.8,73,0.4,992.2,21,0.1,85,21.1,24.0,430.0,3.3,5.4,122.0,6.0,9,11
2025-09-09 12:00:00,31.6,68,3.0,991.8,18,0.0,85,21.4,26.0,393.0,2.6,5.5,132.0,8.0,9,12
2025-09-09 13:00:00,32.2,65,5.1,991.1,14,0.0,85,21.8,26.8,363.0,2.4,5.5,140.0,9.0,9,13
2025-09-09 14:00:00,32.3,64,7.2,990.2,11,0.0,85,21.9,27.0,349.0,2.5,5.1,143.0,10.0,9,14
2025-09-09 15:00:00,32.2,64,7.4,989.5,6,0.0,85,21.5,26.8,340.0,1.9,3.9,142.0,11.0,9,15
2025-09-09 16:00:00,32.1,63,6.8,989.1,2,0.0,85,21.8,27.4,346.0,1.7,2.4,138.0,11.0,9,16
2025-09-09 17:00:00,31.7,65,6.8,988.9,1,0.0,85,18.4,23.0,401.0,4.1,3.0,123.0,9.0,9,17
2025-09-09 18:00:00,31.2,69,4.5,989.8,1,0.0,89,25.4,29.3,567.0,12.8,4.0,103.0,9.0,9,18
2025-09-09 19:00:00,30.3,73,3.6,990.0,1,0.0,88,39.7,43.7,782.0,24.5,5.5,76.0,8.0,9,19
2025-09-09 20:00:00,29.3,79,7.9,990.4,0,0.0,84,48.8,52.5,901.0,31.7,6.5,56.0,7.0,9,20
2025-09-09 21:00:00,28.8,76,9.4,990.9,0,0.0,85,47.1,50.4,834.0,30.1,6.8,50.0,6.0,9,21
2025-09-09 22:00:00,28.3,77,9.1,990.8,0,0.0,86,42.0,44.7,670.0,24.0,6.6,52.0,4.0,9,22
2025-09-09 23:00:00,27.8,79,9.4,990.8,0,0.0,86,36.0,38.0,530.0,18.3,6.3,54.0,4.0,9,23
2025-09-10 00:00:00,27.3,82,9.9,990.4,0,0.0,86,28.8,30.0,456.0,14.4,5.5,54.0,6.0,9,0
2025-09-10 01:00:00,26.9,84,10.6,990.3,0,0.0,85,23.2,25.3,406.0,10.9,4.4,54.0,9.0,9,1
2025-09-10 02:00:00,26.6,85,9.7,989.9,0,0.0,84,19.8,26.5,369.0,8.4,4.3,54.0,12.0,9,2
2025-09-10 03:00:00,26.3,85,9.8,989.6,0,0.0,83,18.6,30.5,340.0,7.2,5.7,52.0,16.0,9,3
2025-09-10 04:00:00,26.0,86,10.6,989.6,0,0.0,82,18.1,31.5,325.0,7.0,7.9,50.0,20.0,9,4
2025-09-10 05:00:00,25.7,86,11.0,989.8,0,0.0,80,17.6,29.0,332.0,6.5,12.2,48.0,21.0,9,5
2025-09-10 06:00:00,26.3,89,11.3,990.0,0,0.0,80,17.6,28.1,386.0,6.6,13.4,48.0,22.0,9,6
2025-09-10 07:00:00,26.6,89,9.5,990.3,0,0.0,80,19.5,30.3,463.0,6.7,14.9,48.0,23.0,9,7
2025-09-10 08:00:00,27.7,85,9.4,990.8,0,0.0,81,21.1,34.1,498.0,6.4,15.7,52.0,24.0,9,8
2025-09-10 09:00:00,29.0,79,11.2,991.2,0,0.0,81,21.8,36.3,449.0,5.2,15.1,65.0,25.0,9,9
2025-09-10 10:00:00,30.3,73,13.2,991.2,0,0.0,81,22.5,37.0,357.0,3.5,13.8,81.0,26.0,9,10
2025-09-10 11:00:00,31.3,68,14.7,991.4,0,0.0,81,21.8,36.2,283.0,2.2,12.3,94.0,27.0,9,11
2025-09-10 12:00:00,32.0,65,14.7,990.6,0,0.0,81,21.1,35.3,246.0,1.6,10.7,99.0,27.0,9,12
2025-09-10 13:00:00,32.4,63,14.5,989.9,0,0.0,81,20.1,33.6,227.0,1.5,8.9,99.0,26.0,9,13
2025-09-10 14:00:00,32.6,62,14.2,988.9,3,0.0,81,19.5,32.4,225.0,1.7,7.4,98.0,24.0,9,14
2025-09-10 15:00:00,32.5,63,14.1,988.0,3,0.0,81,18.9,30.7,247.0,2.4,6.5,95.0,22.0,9,15
2025-09-10 16:00:00,32.2,65,14.4,987.3,4,0.0,81,18.9,30.0,286.0,3.4,5.9,90.0,19.0,9,16
2025-09-10 17:00:00,31.5,68,13.2,987.0,2,0.0,81,19.5,27.9,318.0,4.6,5.7,86.0,16.0,9,17
2025-09-10 18:00:00,30.6,71,11.7,987.7,0,0.0,81,22.2,29.7,334.0,6.4,5.8,80.0,15.0,9,18
2025-09-10 19:00:00,29.5,75,12.4,987.5,0,0.0,81,25.0,32.1,343.0,8.7,5.9,71.0,14.0,9,19
2025-09-10 20:00:00,28.8,76,13.0,987.3,0,0.0,79,27.0,34.5,343.0,10.1,6.3,65.0,14.0,9,20
2025-09-10 21:00:00,28.3,77,13.0,987.5,0,0.0,78,27.5,35.9,333.0,9.6,6.9,64.0,15.0,9,21
2025-09-10 22:00:00,27.9,77,13.4,987.5,0,0.0,76,27.4,36.3,314.0,8.1,7.8,66.0,16.0,9,22
2025-09-10 23:00:00,27.6,77,14.5,987.3,0,0.0,75,25.8,34.3,290.0,6.8,9.1,68.0,16.0,9,23
2025-09-11 00:00:00,27.4,77,14.9,986.9,0,0.0,74,22.8,30.0,257.0,6.1,11.4,68.0,15.0,9,0
2025-09-11 01:00:00,27.2,77,15.0,986.5,0,0.0,74,20.3,26.3,219.0,5.7,14.1,67.0,12.0,9,1
2025-09-11 02:00:00,27.0,78,15.1,986.3,0,0.0,73,18.7,24.6,196.0,5.4,15.6,66.0,11.0,9,2
2025-09-11 03:00:00,26.7,80,14.0,986.2,0,0.0,73,18.2,24.9,195.0,5.4,15.0,64.0,12.0,9,3
2025-09-11 04:00:00,26.4,81,14.0,986.5,0,0.0,73,18.3,25.8,208.0,5.6,13.3,62.0,13.0,9,4
2025-09-11 05:00:00,26.1,84,13.4,986.7,0,0.0,73,18.2,27.0,232.0,5.5,10.9,62.0,16.0,9,5
2025-09-11 06:00:00,26.6,85,13.8,986.5,0,0.0,73,19.0,28.2,276.0,5.7,10.3,60.0,17.0,9,6
2025-09-11 07:00:00,26.8,85,13.2,987.1,0,0.0,74,21.0,30.5,330.0,5.9,9.5,58.0,18.0,9,7
2025-09-11 08:00:00,27.6,83,13.9,987.6,0,0.0,74,22.3,32.9,359.0,5.7,8.8,60.0,20.0,9,8
2025-09-11 09:00:00,28.7,79,14.2,988.1,2,0.0,74,22.8,34.7,341.0,4.7,8.3,70.0,22.0,9,9
2025-09-11 10:00:00,29.8,76,14.6,988.3,1,0.0,74,22.7,36.9,297.0,3.3,7.9,85.0,24.0,9,10
2025-09-11 11:00:00,30.7,73,15.1,988.2,8,0.0,74,22.5,36.0,262.0,2.3,7.5,96.0,25.0,9,11
2025-09-11 12:00:00,31.5,70,15.1,987.8,5,0.0,74,21.6,34.0,246.0,1.8,7.3,101.0,23.0,9,12
2025-09-11 13:00:00,32.1,67,15.4,987.4,4,0.0,74,20.4,30.9,239.0,1.7,7.1,103.0,19.0,9,13
2025-09-11 14:00:00,32.4,65,15.4,986.7,5,0.0,74,19.7,27.6,238.0,1.9,6.9,103.0,15.0,9,14
2025-09-11 15:00:00,32.4,64,15.7,986.3,3,0.0,74,19.2,25.7,247.0,2.5,6.6,100.0,13.0,9,15
2025-09-11 16:00:00,31.9,65,16.5,986.0,4,0.0,74,18.8,25.0,263.0,3.4,6.3,94.0,11.0,9,16
2025-09-11 17:00:00,31.1,67,15.6,986.2,0,0.0,74,17.8,24.7,278.0,4.3,5.4,86.0,13.0,9,17
2025-09-11 18:00:00,30.6,69,13.3,986.7,0,0.0,74,19.2,25.4,290.0,6.0,5.3,79.0,13.0,9,18
2025-09-11 19:00:00,29.6,71,13.1,986.9,0,0.0,74,21.0,27.5,301.0,8.3,5.1,69.0,13.0,9,19
2025-09-11 20:00:00,29.1,72,13.8,987.2,0,0.0,73,22.2,28.9,306.0,9.7,5.0,62.0,13.0,9,20
2025-09-11 21:00:00,28.7,73,13.3,987.7,0,0.0,73,22.1,28.8,304.0,9.4,4.8,59.0,13.0,9,21
2025-09-11 22:00:00,28.3,75,12.3,988.1,0,0.0,72,21.1,27.8,295.0,8.2,4.7,58.0,13.0,9,22
2025-09-11 23:00:00,27.9,75,12.5,988.0,0,0.0,72,19.8,26.3,282.0,7.1,4.9,57.0,12.0,9,23
2025-09-12 00:00:00,27.5,76,12.5,987.9,0,0.0,72,18.1,24.3,258.0,6.4,5.7,57.0,11.0,9,0
2025-09-12 01:00:00,27.1,77,13.2,987.6,0,0.0,71,16.8,22.5,229.0,5.7,6.8,56.0,10.0,9,1
2025-09-12 02:00:00,26.8,79,13.3,987.4,0,0.0,71,15.6,20.5,211.0,5.3,7.4,56.0,9.0,9,2
2025-09-12 03:00:00,26.5,82,12.6,987.5,0,0.0,71,14.6,18.7,213.0,5.2,7.1,54.0,8.0,9,3
2025-09-12 04:00:00,26.1,85,11.2,987.8,0,0.0,70,13.9,17.3,225.0,5.4,6.3,52.0,6.0,9,4
2025-09-12 05:00:00,25.8,88,10.7,988.0,0,0.0,70,12.7,13.7,241.0,5.0,5.1,54.0,1.0,9,5
2025-09-12 06:00:00,26.7,88,11.0,988.3,0,0.0,70,13.0,14.2,262.0,5.2,5.2,54.0,1.0,9,6
2025-09-12 07:00:00,26.9,88,10.3,988.8,2,0.0,69,14.8,15.8,286.0,5.5,5.4,55.0,1.0,9,7
2025-09-12 08:00:00,28.1,83,16.2,989.5,41,0.0,69,15.2,16.4,298.0,5.4,5.7,60.0,2.0,9,8
2025-09-12 09:00:00,29.2,78,14.9,989.9,100,0.0,68,15.5,17.6,287.0,4.5,6.4,72.0,6.0,9,9
2025-09-12 10:00:00,30.3,74,13.0,990.3,97,0.0,67,16.8,22.9,264.0,3.2,7.4,87.0,11.0,9,10
2025-09-12 11:00:00,31.2,69,12.7,990.3,60,0.0,67,18.3,25.7,245.0,2.2,7.7,99.0,14.0,9,11
2025-09-12 12:00:00,32.1,65,12.3,990.1,22,0.0,67,18.2,25.1,233.0,1.7,7.0,104.0,14.0,9,12
2025-09-12 13:00:00,32.9,61,13.0,989.4,33,0.0,66,17.8,23.5,224.0,1.6,5.7,105.0,11.0,9,13
2025-09-12 14:00:00,33.1,59,12.8,988.7,81,0.0,66,17.1,21.7,223.0,1.8,4.7,104.0,9.0,9,14
2025-09-12 15:00:00,33.2,57,11.8,987.9,22,0.0,66,16.5,20.3,229.0,2.4,4.1,101.0,7.0,9,15
2025-09-12 16:00:00,33.0,58,11.6,987.3,47,0.0,66,15.9,19.1,242.0,3.4,3.7,95.0,5.0,9,16
2025-09-12 17:00:00,32.4,61,11.1,987.1,34,0.0,66,16.7,19.4,267.0,5.1,3.9,90.0,5.0,9,17
2025-09-12 18:00:00,31.2,68,9.6,988.0,3,0.0,65,21.6,23.5,316.0,9.8,4.6,79.0,4.0,9,18
2025-09-12 19:00:00,30.0,72,10.3,988.1,1,0.0,66,29.1,30.7,377.0,16.2,5.5,63.0,3.0,9,19
2025-09-12 20:00:00,29.4,74,8.6,988.2,1,0.0,66,31.9,33.2,417.0,20.2,6.1,52.0,2.0,9,20
2025-09-12 21:00:00,28.9,76,7.8,989.1,0,0.0,67,31.4,32.5,420.0,19.6,5.9,49.0,2.0,9,21
2025-09-12 22:00:00,28.5,77,8.1,989.1,0,0.0,68,30.4,31.7,401.0,16.5,5.3,50.0,2.0,9,22
2025-09-12 23:00:00,28.0,79,8.8,989.0,0,0.0,69,27.1,28.9,376.0,13.5,5.1,51.0,3.0,9,23
2025-09-13 00:00:00,27.7,80,8.9,989.1,0,0.0,69,21.7,24.0,344.0,11.1,5.8,51.0,4.0,9,0
2025-09-13 01:00:00,27.5,81,9.4,988.9,0,0.0,69,17.5,20.3,306.0,8.8,7.0,52.0,4.0,9,1
2025-09-13 02:00:00,27.2,82,9.6,988.6,0,0.0,69,15.1,18.0,276.0,7.2,7.9,52.0,5.0,9,2
2025-09-13 03:00:00,26.7,84,10.2,988.5,0,0.0,69,14.2,17.2,255.0,6.8,8.5,50.0,5.0,9,3
2025-09-13 04:00:00,26.4,86,10.4,988.9,0,0.0,69,14.3,17.4,242.0,7.1,8.8,46.0,6.0,9,4
2025-09-13 05:00:00,26.2,86,10.2,989.2,0,0.0,69,13.9,16.8,245.0,6.3,8.0,49.0,5.0,9,5
2025-09-13 06:00:00,27.2,84,10.5,989.2,0,0.0,69,15.1,18.2,282.0,6.5,7.2,50.0,5.0,9,6
2025-09-13 07:00:00,27.4,83,9.0,990.0,0,0.0,70,17.8,20.8,336.0,6.7,6.2,51.0,5.0,9,7
2025-09-13 08:00:00,28.4,79,10.1,990.4,0,0.0,70,18.5,21.8,365.0,6.4,5.7,57.0,6.0,9,8
2025-09-13 09:00:00,29.7,75,10.4,990.9,0,0.0,70,18.2,22.1,343.0,5.2,6.5,71.0,8.0,9,9
2025-09-13 10:00:00,31.0,71,9.6,991.3,0,0.0,70,18.5,23.4,296.0,3.6,7.9,90.0,11.0,9,10
2025-09-13 11:00:00,32.2,66,10.2,991.2,0,0.0,71,18.2,25.2,257.0,2.3,8.7,104.0,13.0,9,11
2025-09-13 12:00:00,33.1,61,10.9,990.7,1,0.0,70,17.8,24.6,237.0,1.7,8.4,109.0,13.0,9,12
2025-09-13 13:00:00,33.7,58,11.6,989.7,2,0.0,70,17.1,23.0,224.0,1.4,7.6,108.0,11.0,9,13
2025-09-13 14:00:00,33.9,56,12.1,989.1,3,0.0,70,16.6,21.8,220.0,1.7,6.8,106.0,10.0,9,14
2025-09-13 15:00:00,33.9,55,11.9,988.2,1,0.0,70,16.2,21.0,216.0,2.3,6.1,104.0,9.0,9,15
2025-09-13 16:00:00,33.5,57,11.8,987.6,0,0.0,70,15.9,20.3,221.0,3.3,5.5,99.0,7.0,9,16
2025-09-13 17:00:00,32.8,59,11.0,987.2,3,0.0,70,17.9,21.1,257.0,5.7,5.5,94.0,6.0,9,17
2025-09-13 18:00:00,33.1,59,9.4,987.7,3,0.0,70,23.9,26.6,359.0,11.4,5.9,81.0,5.0,9,18
2025-09-13 19:00:00,31.7,66,9.6,987.9,3,0.0,71,32.8,35.5,492.0,19.3,6.5,63.0,5.0,9,19
2025-09-13 20:00:00,31.0,67,8.4,988.1,1,0.0,71,39.2,41.6,574.0,24.3,6.8,49.0,4.0,9,20
2025-09-13 21:00:00,30.4,69,9.0,988.7,0,0.0,71,42.1,44.2,559.0,24.1,6.7,45.0,4.0,9,21
2025-09-13 22:00:00,29.7,72,9.3,988.6,0,0.0,72,43.2,44.8,492.0,21.2,6.4,45.0,3.0,9,22
2025-09-13 23:00:00,29.2,73,10.0,988.5,0,0.0,73,38.6,40.2,428.0,18.0,6.3,46.0,3.0,9,23
2025-09-14 00:00:00,28.8,74,9.3,988.3,0,0.0,74,31.2,32.8,380.0,15.0,6.4,46.0,3.0,9,0
2025-09-14 01:00:00,28.3,75,9.4,988.3,0,0.0,75,25.4,27.2,334.0,11.7,6.6,47.0,4.0,9,1
2025-09-14 02:00:00,27.9,76,10.5,988.3,0,0.0,76,20.4,22.4,301.0,9.2,7.0,48.0,4.0,9,2
2025-09-14 03:00:00,27.6,78,11.4,988.4,0,0.0,76,16.6,18.6,286.0,7.9,7.7,47.0,4.0,9,3
2025-09-14 04:00:00,27.4,80,11.5,988.6,0,0.0,76,14.7,16.6,285.0,7.4,8.4,47.0,4.0,9,4
2025-09-14 05:00:00,27.2,81,10.8,988.7,0,0.0,76,12.9,13.5,293.0,6.3,8.9,51.0,1.0,9,5
2025-09-14 06:00:00,28.3,80,10.7,988.9,0,0.0,76,13.8,15.1,319.0,6.4,7.8,51.0,2.0,9,6
2025-09-14 07:00:00,28.5,79,9.9,989.4,0,0.0,76,16.5,18.3,354.0,6.6,6.4,53.0,3.0,9,7
2025-09-14 08:00:00,29.6,74,10.3,989.9,0,0.0,76,18.2,20.8,367.0,6.3,5.7,58.0,5.0,9,8
2025-09-14 09:00:00,30.8,69,11.3,990.4,0,0.0,76,18.6,22.5,337.0,5.2,6.4,72.0,8.0,9,9
2025-09-14 10:00:00,32.3,63,11.4,990.8,0,0.0,76,19.3,24.5,286.0,3.6,7.7,90.0,12.0,9,10
2025-09-14 11:00:00,33.6,57,11.9,990.4,0,0.0,76,19.3,26.8,245.0,2.4,8.6,104.0,14.0,9,11
2025-09-14 12:00:00,34.5,52,11.6,989.8,0,0.0,76,18.9,26.5,226.0,1.8,8.4,110.0,13.0,9,12
2025-09-14 13:00:00,35.1,49,11.6,989.0,0,0.0,76,17.9,24.1,218.0,1.6,7.7,111.0,11.0,9,13
2025-09-14 14:00:00,35.3,48,11.9,988.3,0,0.0,76,16.9,21.9,217.0,1.8,6.9,110.0,9.0,9,14
2025-09-14 15:00:00,35.2,48,12.1,987.5,0,0.0,76,16.2,20.2,216.0,2.4,5.9,106.0,7.0,9,15
2025-09-14 16:00:00,34.7,49,12.2,986.9,0,0.0,76,15.5,18.5,223.0,3.4,4.8,100.0,5.0,9,16
2025-09-14 17:00:00,33.8,53,11.6,986.5,0,0.0,76,15.8,16.1,254.0,5.9,4.0,90.0,0.0,9,17
2025-09-14 18:00:00,33.9,52,9.7,987.0,1,0.0,76,21.0,21.3,336.0,10.8,4.2,78.0,0.0,9,18
2025-09-14 19:00:00,32.5,59,10.5,987.1,1,0.0,76,28.1,28.4,443.0,17.5,4.4,61.0,1.0,9,19
2025-09-14 20:00:00,31.7,59,10.2,987.3,0,0.0,75,34.5,34.8,512.0,22.1,4.7,48.0,1.0,9,20
2025-09-14 21:00:00,31.1,59,10.0,987.7,0,0.0,75,39.5,39.8,514.0,22.8,4.9,42.0,1.0,9,21
2025-09-14 22:00:00,30.4,61,10.0,987.6,0,0.0,75,41.0,41.4,478.0,21.4,5.0,41.0,1.0,9,22
2025-09-14 23:00:00,29.7,65,9.9,987.9,0,0.0,75,36.8,37.4,431.0,19.2,5.3,41.0,1.0,9,23
2025-09-15 00:00:00,29.1,68,10.1,987.6,0,0.0,75,30.5,31.5,372.0,16.2,5.7,44.0,2.0,9,0
2025-09-15 01:00:00,28.8,70,9.8,987.4,0,0.0,75,25.7,27.5,301.0,12.5,6.3,48.0,3.0,9,1
2025-09-15 02:00:00,28.6,72,11.4,986.9,0,0.0,75,22.0,24.2,251.0,9.5,6.9,52.0,4.0,9,2
2025-09-15 03:00:00,28.2,74,13.0,986.7,0,0.0,75,18.6,20.5,235.0,7.7,8.0,54.0,4.0,9,3
2025-09-15 04:00:00,27.9,78,13.0,986.6,0,0.0,75,16.2,17.7,239.0,6.7,9.1,55.0,3.0,9,4
2025-09-15 05:00:00,27.7,81,12.3,986.8,0,0.0,75,14.4,18.4,254.0,5.8,11.6,58.0,7.0,9,5
2025-09-15 06:00:00,28.5,81,11.9,986.7,0,0.0,75,14.4,17.0,287.0,6.1,10.2,59.0,6.0,9,6
2025-09-15 07:00:00,28.6,80,11.2,987.1,0,0.0,75,16.6,18.9,330.0,6.4,8.3,61.0,5.0,9,7
2025-09-15 08:00:00,29.6,75,12.3,987.7,0,0.0,75,18.0,20.4,351.0,6.3,7.1,66.0,4.0,9,8
2025-09-15 09:00:00,30.9,69,12.0,988.0,0,0.0,75,18.4,21.1,327.0,5.2,7.2,79.0,4.0,9,9
2025-09-15 10:00:00,32.4,64,12.9,988.1,0,0.0,75,18.9,22.1,281.0,3.5,8.0,95.0,4.0,9,10
2025-09-15 11:00:00,33.6,59,13.2,987.8,0,0.0,75,18.7,21.7,243.0,2.3,8.3,107.0,5.0,9,11
2025-09-15 12:00:00,34.6,54,13.3,987.2,0,0.0,75,17.5,20.3,224.0,1.7,7.5,111.0,6.0,9,12
2025-09-15 13:00:00,35.3,50,13.9,986.4,0,0.0,75,16.1,19.9,215.0,1.4,6.1,110.0,8.0,9,13
2025-09-15 14:00:00,35.7,48,14.0,985.2,0,0.0,75,15.1,20.0,213.0,1.7,4.9,107.0,9.0,9,14
2025-09-15 15:00:00,35.6,47,13.9,984.4,0,0.0,75,14.1,19.6,218.0,2.3,4.0,104.0,9.0,9,15
2025-09-15 16:00:00,35.1,49,13.5,984.0,0,0.0,74,13.4,18.7,231.0,3.4,3.3,99.0,9.0,9,16
2025-09-15 17:00:00,34.3,52,12.4,983.7,0,0.0,74,15.4,24.2,257.0,5.6,2.7,90.0,17.0,9,17
2025-09-15 18:00:00,34.3,53,10.4,984.0,0,0.0,74,21.5,28.3,310.0,9.7,3.4,79.0,14.0,9,18
2025-09-15 19:00:00,32.9,60,10.0,984.3,2,0.0,74,27.6,33.2,377.0,15.2,4.2,65.0,10.0,9,19
2025-09-15 20:00:00,32.1,62,10.8,985.0,1,0.0,74,29.8,33.3,421.0,18.8,4.9,54.0,7.0,9,20
2025-09-15 21:00:00,31.5,63,11.9,985.8,0,0.0,74,30.2,31.7,426.0,18.6,5.0,51.0,4.0,9,21
2025-09-15 22:00:00,31.0,64,12.1,986.1,1,0.0,73,29.8,30.2,408.0,16.4,4.9,51.0,2.0,9,22
2025-09-15 23:00:00,30.6,65,11.7,986.2,0,0.0,72,26.8,26.9,378.0,14.0,4.9,52.0,0.0,9,23
2025-09-16 00:00:00,30.3,65,12.7,985.8,0,0.0,72,21.7,22.0,329.0,11.8,5.4,53.0,0.0,9,0
2025-09-16 01:00:00,29.8,67,14.5,985.3,0,0.0,71,18.7,19.4,268.0,9.4,6.2,54.0,1.0,9,1
2025-09-16 02:00:00,29.3,69,15.6,984.8,0,0.0,70,16.8,18.2,222.0,7.5,6.5,55.0,2.0,9,2
2025-09-16 03:00:00,29.0,70,15.7,984.6,0,0.0,70,15.9,18.0,201.0,6.4,6.1,55.0,4.0,9,3
2025-09-16 04:00:00,28.6,72,14.2,984.7,0,0.0,70,15.7,18.7,196.0,5.8,5.3,55.0,6.0,9,4
2025-09-16 05:00:00,28.2,74,12.5,985.3,0,0.0,70,15.8,25.7,206.0,4.3,3.2,62.0,19.0,9,5
2025-09-16 06:00:00,28.4,77,12.5,985.7,0,0.0,70,15.8,25.1,244.0,4.7,3.1,62.0,20.0,9,6
2025-09-16 07:00:00,28.6,77,10.0,986.4,0,0.0,70,17.7,27.8,296.0,5.2,2.9,62.0,22.0,9,7
2025-09-16 08:00:00,29.7,73,11.7,987.3,0,0.0,70,18.9,31.9,323.0,5.2,3.0,65.0,25.0,9,8
2025-09-16 09:00:00,30.9,69,12.2,987.9,0,0.0,70,19.2,37.4,299.0,4.3,3.7,74.0,32.0,9,9
2025-09-16 10:00:00,32.3,64,13.1,988.1,0,0.0,70,19.8,43.4,249.0,3.0,4.7,86.0,41.0,9,10
2025-09-16 11:00:00,33.6,58,14.2,988.0,3,0.0,70,20.0,45.1,211.0,2.0,5.2,96.0,48.0,9,11
2025-09-16 12:00:00,34.5,54,13.4,987.5,7,0.0,70,19.4,43.7,198.0,1.5,4.7,100.0,53.0,9,12
2025-09-16 13:00:00,35.0,51,12.1,986.7,5,0.0,70,18.7,45.2,196.0,1.3,3.6,102.0,56.0,9,13
2025-09-16 14:00:00,35.4,47,11.7,985.7,7,0.0,71,19.2,49.7,199.0,1.5,2.7,102.0,58.0,9,14
2025-09-16 15:00:00,35.3,46,11.4,985.0,3,0.0,71,19.7,51.6,201.0,1.7,2.1,101.0,57.0,9,15
2025-09-16 16:00:00,35.1,46,11.7,984.7,3,0.0,71,19.9,51.0,208.0,2.3,1.7,99.0,54.0,9,16
2025-09-16 17:00:00,34.2,49,11.4,984.5,9,0.0,72,21.4,49.5,236.0,5.6,1.8,90.0,53.0,9,17
2025-09-16 18:00:00,34.0,52,6.3,985.4,10,0.0,72,30.7,55.4,303.0,15.0,2.7,75.0,51.0,9,18
2025-09-16 19:00:00,33.0,58,6.7,985.5,12,0.0,73,46.4,71.7,392.0,28.1,4.1,55.0,49.0,9,19
2025-09-16 20:00:00,32.2,62,6.1,986.2,3,0.0,75,61.0,87.1,466.0,38.9,5.5,38.0,48.0,9,20
2025-09-16 21:00:00,31.8,62,7.5,986.9,1,0.0,77,71.5,99.0,521.0,44.6,7.0,29.0,48.0,9,21
2025-09-16 22:00:00,31.6,62,3.1,987.6,0,0.0,80,81.5,109.9,561.0,48.0,8.5,25.0,50.0,9,22
2025-09-16 23:00:00,30.8,67,5.8,987.5,1,0.0,84,94.8,122.9,560.0,51.4,9.6,20.0,51.0,9,23
2025-09-17 00:00:00,30.5,69,5.9,987.6,0,0.0,90,102.0,130.4,483.0,56.4,10.2,14.0,52.0,9,0
2025-09-17 01:00:00,30.5,69,6.3,987.5,0,0.0,96,105.7,134.6,364.0,61.4,10.4,9.0,53.0,9,1
2025-09-17 02:00:00,30.1,71,5.9,987.1,0,0.0,104,109.4,138.3,283.0,64.2,10.4,5.0,52.0,9,2
2025-09-17 03:00:00,29.4,75,6.0,987.2,0,0.0,113,111.8,140.6,275.0,64.5,10.1,2.0,49.0,9,3
2025-09-17 04:00:00,28.7,77,8.3,987.3,0,0.0,123,110.8,137.8,304.0,62.6,9.6,0.0,45.0,9,4
2025-09-17 05:00:00,28.5,77,9.5,987.7,0,0.0,133,56.6,70.8,338.0,25.1,6.0,27.0,25.0,9,5
2025-09-17 06:00:00,29.3,79,9.6,987.5,0,0.0,137,44.8,55.9,378.0,20.6,5.3,34.0,22.0,9,6
2025-09-17 07:00:00,29.6,78,8.5,988.2,1,0.0,141,37.8,46.0,423.0,14.3,4.3,45.0,19.0,9,7
2025-09-17 08:00:00,30.6,72,8.7,989.4,36,0.0,143,31.5,42.8,438.0,9.0,4.4,58.0,21.0,9,8
2025-09-17 09:00:00,31.2,70,6.6,989.8,39,0.0,144,27.4,48.1,396.0,5.9,6.6,76.0,30.0,9,9
2025-09-17 10:00:00,32.9,64,6.5,989.9,4,0.0,145,27.4,54.2,323.0,3.9,9.8,96.0,44.0,9,10
2025-09-17 11:00:00,34.2,57,7.0,989.7,21,0.0,146,27.3,57.4,264.0,2.5,11.6,110.0,58.0,9,11
2025-09-17 12:00:00,35.2,53,7.1,989.0,22,0.0,146,25.3,57.7,236.0,1.6,10.6,114.0,71.0,9,12
2025-09-17 13:00:00,35.9,49,6.7,988.2,14,0.0,147,24.6,65.4,221.0,1.4,8.1,112.0,83.0,9,13
2025-09-17 14:00:00,36.4,47,7.3,986.9,15,0.0,148,25.1,71.7,216.0,1.7,5.9,108.0,91.0,9,14
2025-09-17 15:00:00,36.2,47,8.6,986.1,17,0.0,148,26.2,76.6,215.0,2.2,4.6,104.0,93.0,9,15
2025-09-17 16:00:00,35.8,48,9.4,985.8,10,0.0,149,27.1,79.4,224.0,3.3,3.6,99.0,91.0,9,16
2025-09-17 17:00:00,35.3,50,9.1,985.7,46,0.0,150,28.5,76.6,250.0,5.7,3.5,92.0,92.0,9,17
2025-09-17 18:00:00,34.6,50,8.8,986.3,11,0.0,150,34.9,76.6,307.0,11.7,3.7,79.0,88.0,9,18
2025-09-17 19:00:00,33.4,55,8.5,986.3,8,0.0,150,44.7,85.4,382.0,19.9,4.1,60.0,84.0,9,19
2025-09-17 20:00:00,32.8,58,9.9,986.6,6,0.0,150,52.9,95.0,441.0,26.1,4.5,45.0,80.0,9,20
2025-09-17 21:00:00,32.4,58,9.3,987.1,3,0.0,150,58.6,103.6,478.0,28.4,5.1,38.0,80.0,9,21
2025-09-17 22:00:00,31.6,60,9.4,987.5,3,0.0,148,64.7,109.4,499.0,28.8,5.8,35.0,81.0,9,22
2025-09-17 23:00:00,31.1,63,8.7,987.4,1,0.0,147,68.5,110.6,494.0,28.1,6.2,33.0,80.0,9,23
2025-09-18 00:00:00,30.5,65,9.1,987.4,0,0.0,144,63.6,100.8,446.0,26.5,6.0,32.0,74.0,9,0
2025-09-18 01:00:00,29.7,67,8.9,987.0,0,0.0,140,58.6,92.4,371.0,24.0,5.5,31.0,66.0,9,1
2025-09-18 02:00:00,29.0,70,9.9,986.8,0,0.0,135,56.5,88.2,309.0,21.5,5.1,32.0,59.0,9,2
2025-09-18 03:00:00,28.7,70,9.7,986.5,0,0.0,130,54.8,85.4,270.0,19.2,4.8,33.0,54.0,9,3
2025-09-18 04:00:00,28.4,69,10.4,986.6,0,0.0,124,50.6,79.9,245.0,16.9,4.6,36.0,51.0,9,4
2025-09-18 05:00:00,28.1,69,11.2,986.6,0,0.0,117,25.9,44.7,243.0,8.3,4.7,54.0,36.0,9,5
2025-09-18 06:00:00,28.9,70,12.3,986.8,0,0.0,114,24.2,38.9,287.0,8.0,5.7,55.0,32.0,9,6
2025-09-18 07:00:00,29.0,71,10.8,987.4,0,0.0,112,25.0,37.7,355.0,7.5,7.1,58.0,26.0,9,7
2025-09-18 08:00:00,30.3,68,11.3,988.1,0,0.0,111,26.4,39.6,389.0,6.7,8.1,65.0,25.0,9,8
2025-09-18 09:00:00,31.9,63,12.8,988.8,0,0.0,110,27.1,44.9,352.0,5.3,8.4,81.0,32.0,9,9
2025-09-18 10:00:00,33.6,58,14.0,989.0,0,0.0,110,28.2,49.9,282.0,3.6,8.2,101.0,45.0,9,10
2025-09-18 11:00:00,34.8,53,15.5,988.9,0,0.0,110,28.6,57.0,227.0,2.3,7.7,115.0,55.0,9,11
2025-09-18 12:00:00,35.6,49,15.5,988.0,5,0.0,110,27.8,62.9,210.0,1.6,6.8,117.0,63.0,9,12
2025-09-18 13:00:00,36.0,47,15.3,987.0,5,0.0,111,26.2,63.8,208.0,1.3,5.5,113.0,69.0,9,13
2025-09-18 14:00:00,36.3,45,14.7,986.1,11,0.0,111,24.2,60.8,211.0,1.5,4.4,107.0,71.0,9,14
2025-09-18 15:00:00,36.2,44,13.9,985.3,25,0.0,111,22.4,56.5,208.0,2.2,3.5,102.0,65.0,9,15
2025-09-18 16:00:00,35.9,45,12.6,985.1,21,0.0,110,21.2,52.4,208.0,3.5,2.8,95.0,56.0,9,16
2025-09-18 17:00:00,35.4,45,12.5,985.1,9,0.0,110,21.4,48.7,231.0,6.2,3.1,86.0,53.0,9,17
2025-09-18 18:00:00,35.1,43,11.6,985.6,3,0.0,109,25.9,47.6,294.0,9.8,3.4,76.0,49.0,9,18
2025-09-18 19:00:00,33.6,48,11.0,985.9,9,0.0,108,31.7,53.1,380.0,14.8,3.8,62.0,44.0,9,19
2025-09-18 20:00:00,32.7,50,9.8,986.5,0,0.0,107,36.7,58.8,453.0,19.0,4.3,51.0,41.0,9,20
2025-09-18 21:00:00,32.0,53,7.7,987.7,0,0.0,105,41.1,64.0,512.0,21.3,5.0,46.0,43.0,9,21
2025-09-18 22:00:00,31.3,56,8.1,987.8,0,0.0,103,46.8,71.2,559.0,22.8,5.9,44.0,47.0,9,22
2025-09-18 23:00:00,30.7,59,9.5,988.0,0,0.0,101,49.7,76.1,561.0,24.0,6.4,41.0,49.0,9,23
2025-09-19 00:00:00,30.1,60,8.6,988.3,0,0.0,99,50.8,78.0,482.0,25.6,6.3,35.0,48.0,9,0
2025-09-19 01:00:00,29.6,61,8.5,988.0,0,0.0,98,56.2,82.2,358.0,27.0,5.9,29.0,45.0,9,1
2025-09-19 02:00:00,29.3,60,9.9,987.3,0,0.0,98,58.0,80.3,270.0,26.8,5.7,25.0,41.0,9,2
2025-09-19 03:00:00,29.0,61,10.5,987.2,0,0.0,98,55.3,76.1,252.0,23.8,5.8,26.0,37.0,9,3
2025-09-19 04:00:00,28.6,62,9.6,987.5,0,0.0,98,48.2,65.7,270.0,19.1,5.9,29.0,31.0,9,4
2025-09-19 05:00:00,27.6,67,7.9,988.2,0,0.0,98,35.2,41.9,300.0,13.6,5.3,36.0,11.0,9,5
2025-09-19 06:00:00,29.0,68,11.2,988.3,0,0.0,99,32.2,37.4,349.0,12.8,5.3,39.0,10.0,9,6
2025-09-19 07:00:00,29.1,70,7.6,989.2,0,0.0,100,32.1,36.4,410.0,11.5,5.5,44.0,10.0,9,7
2025-09-19 08:00:00,30.4,67,10.0,990.1,0,0.0,100,31.5,37.3,435.0,10.0,6.8,56.0,11.0,9,8
2025-09-19 09:00:00,31.9,63,12.6,990.6,0,0.0,101,30.0,40.9,388.0,8.0,10.5,82.0,16.0,9,9
2025-09-19 10:00:00,33.5,57,12.8,990.9,1,0.0,101,31.7,44.6,305.0,5.7,15.4,116.0,23.0,9,10
2025-09-19 11:00:00,34.7,53,13.6,990.7,22,0.0,101,33.5,49.5,241.0,3.9,18.0,139.0,31.0,9,11
2025-09-19 12:00:00,35.4,49,14.0,990.1,14,0.0,102,33.8,54.0,220.0,2.7,16.4,144.0,42.0,9,12
2025-09-19 13:00:00,35.9,46,15.1,989.4,23,0.0,102,30.4,57.6,219.0,2.0,12.7,139.0,55.0,9,13
2025-09-19 14:00:00,35.0,47,15.8,988.4,51,0.0,103,27.7,60.5,226.0,2.0,9.4,132.0,64.0,9,14
2025-09-19 15:00:00,34.6,49,11.2,987.6,8,0.0,103,26.0,60.3,219.0,2.6,7.4,124.0,65.0,9,15
2025-09-19 16:00:00,35.0,47,11.0,987.4,55,0.0,104,24.9,59.4,221.0,4.0,5.9,113.0,61.0,9,16
2025-09-19 17:00:00,34.4,50,7.9,987.2,14,0.0,104,28.0,54.5,286.0,8.3,8.1,108.0,51.0,9,17
2025-09-19 18:00:00,34.3,45,8.6,987.6,12,0.0,105,34.6,57.0,472.0,12.2,7.5,93.0,47.0,9,18
2025-09-19 19:00:00,32.9,52,10.5,987.8,4,0.0,106,41.6,62.6,722.0,17.6,6.6,72.0,43.0,9,19
2025-09-19 20:00:00,32.0,54,9.3,988.2,3,0.0,107,43.3,64.7,922.0,21.4,5.9,56.0,40.0,9,20
2025-09-19 21:00:00,31.3,55,8.4,988.9,1,0.0,107,43.2,66.4,1035.0,21.9,5.5,49.0,42.0,9,21
2025-09-19 22:00:00,30.7,57,8.3,989.1,2,0.0,108,44.9,69.8,1098.0,20.7,5.1,47.0,46.0,9,22
2025-09-19 23:00:00,30.3,58,8.0,988.9,0,0.0,107,47.4,74.5,1103.0,19.7,4.8,45.0,50.0,9,23
2025-09-20 00:00:00,29.7,60,8.2,988.5,0,0.0,107,46.3,76.1,1026.0,19.6,4.4,43.0,53.0,9,0
2025-09-20 01:00:00,29.0,62,6.4,988.6,0,0.0,107,45.8,76.8,892.0,19.7,4.0,40.0,57.0,9,1
2025-09-20 02:00:00,28.3,65,5.8,988.4,0,0.0,106,45.9,78.5,764.0,20.1,3.7,38.0,60.0,9,2
2025-09-20 03:00:00,27.4,69,7.9,987.8,0,0.0,104,47.5,82.7,650.0,21.4,3.6,33.0,63.0,9,3
2025-09-20 04:00:00,26.9,72,8.0,987.9,0,0.0,104,51.6,89.2,543.0,23.1,3.6,28.0,66.0,9,4
2025-09-20 05:00:00,26.8,73,7.2,988.3,0,0.0,104,58.0,97.8,488.0,24.3,4.5,29.0,74.0,9,5
2025-09-20 06:00:00,28.3,72,8.8,988.7,0,0.0,106,57.3,91.3,540.0,22.8,4.2,36.0,64.0,9,6
2025-09-20 07:00:00,28.7,70,9.5,989.3,0,0.0,109,58.1,88.5,644.0,20.5,4.1,46.0,51.0,9,7
2025-09-20 08:00:00,30.3,64,7.6,990.1,0,0.0,112,55.8,80.3,680.0,17.4,5.1,61.0,44.0,9,8
2025-09-20 09:00:00,32.1,58,8.5,990.9,0,0.0,114,43.4,78.2,573.0,12.7,8.7,87.0,48.0,9,9
2025-09-20 10:00:00,33.7,53,10.6,990.9,0,0.0,115,37.1,72.2,399.0,7.2,13.4,118.0,58.0,9,10
2025-09-20 11:00:00,35.1,46,11.7,990.7,0,0.0,116,34.0,68.5,266.0,3.2,16.8,141.0,67.0,9,11
2025-09-20 12:00:00,36.1,42,11.2,989.9,7,0.0,116,35.3,74.3,222.0,1.6,17.6,148.0,74.0,9,12
2025-09-20 13:00:00,36.7,40,10.7,988.9,11,0.0,116,35.4,76.8,220.0,1.4,16.9,146.0,79.0,9,13
2025-09-20 14:00:00,37.0,39,10.6,987.9,9,0.0,117,34.3,75.2,226.0,2.0,15.6,141.0,80.0,9,14
2025-09-20 15:00:00,36.8,40,11.5,987.3,8,0.0,117,32.7,71.9,222.0,3.1,13.4,133.0,73.0,9,15
2025-09-20 16:00:00,36.3,41,11.4,987.1,5,0.0,118,31.3,67.5,226.0,4.9,10.4,121.0,62.0,9,16
2025-09-20 17:00:00,35.5,42,11.6,987.0,4,0.0,119,31.8,62.4,264.0,8.3,9.0,108.0,60.0,9,17
2025-09-20 18:00:00,34.4,45,9.2,987.3,3,0.0,119,38.4,63.3,366.0,13.6,8.6,93.0,56.0,9,18
2025-09-20 19:00:00,33.1,50,9.2,987.4,1,0.0,120,47.4,70.8,500.0,20.9,8.1,72.0,50.0,9,19
2025-09-20 20:00:00,32.2,53,9.6,987.8,0,0.0,120,53.7,77.1,603.0,26.0,7.7,55.0,45.0,9,20
2025-09-20 21:00:00,31.4,54,8.2,988.4,0,0.0,121,56.1,79.2,653.0,27.1,7.6,48.0,43.0,9,21
2025-09-20 22:00:00,30.9,56,6.8,988.5,0,0.0,123,58.8,81.0,671.0,25.9,7.5,45.0,42.0,9,22
2025-09-20 23:00:00,30.4,58,7.5,988.3,1,0.0,124,57.9,80.6,650.0,24.0,7.3,44.0,43.0,9,23
2025-09-21 00:00:00,29.3,61,9.5,988.0,0,0.0,125,51.8,75.9,566.0,21.3,6.4,45.0,46.0,9,0
2025-09-21 01:00:00,28.5,61,10.4,987.7,0,0.0,126,47.5,73.6,444.0,17.8,5.4,48.0,50.0,9,1
2025-09-21 02:00:00,27.9,61,10.4,987.5,0,0.0,126,43.7,72.2,352.0,14.7,5.3,51.0,52.0,9,2
2025-09-21 03:00:00,27.4,61,9.4,987.1,0,0.0,126,39.6,67.5,315.0,12.5,6.8,54.0,49.0,9,3
2025-09-21 04:00:00,27.1,60,10.5,987.2,0,0.0,125,35.4,60.8,308.0,10.7,9.3,56.0,43.0,9,4
2025-09-21 05:00:00,27.0,58,12.0,987.4,0,0.0,123,24.2,40.2,330.0,8.2,15.1,62.0,30.0,9,5
2025-09-21 06:00:00,28.1,67,12.1,987.5,0,0.0,120,22.5,35.5,407.0,8.9,16.6,60.0,26.0,9,6
2025-09-21 07:00:00,28.4,66,10.8,988.1,0,0.0,116,24.6,36.8,513.0,9.8,18.5,57.0,20.0,9,7
2025-09-21 08:00:00,29.8,61,7.9,988.9,0,0.0,113,28.2,38.6,567.0,9.7,19.0,62.0,20.0,9,8
2025-09-21 09:00:00,31.3,56,10.2,989.3,0,0.0,110,28.5,45.6,521.0,7.8,17.0,81.0,31.0,9,9
2025-09-21 10:00:00,33.0,52,11.1,989.4,0,0.0,108,29.8,51.3,424.0,5.0,13.7,106.0,48.0,9,10
2025-09-21 11:00:00,34.6,47,11.9,988.9,0,0.0,107,30.2,61.7,343.0,2.9,10.7,125.0,61.0,9,11
2025-09-21 12:00:00,35.9,43,12.5,988.3,0,0.0,107,28.9,67.3,302.0,1.9,8.6,131.0,65.0,9,12
2025-09-21 13:00:00,36.8,41,12.2,987.4,0,0.0,106,26.0,62.2,277.0,1.6,6.9,130.0,65.0,9,13
2025-09-21 14:00:00,37.4,37,12.4,986.4,0,0.0,105,23.3,54.1,262.0,1.9,5.7,126.0,61.0,9,14
2025-09-21 15:00:00,37.5,35,13.7,985.9,0,0.0,104,21.4,47.3,248.0,3.1,5.0,120.0,52.0,9,15
2025-09-21 16:00:00,36.8,36,14.4,985.7,0,0.0,103,21.4,41.3,244.0,5.0,4.8,111.0,40.0,9,16
2025-09-21 17:00:00,35.7,38,13.0,985.7,0,0.0,102,21.2,35.2,276.0,6.9,5.3,102.0,27.0,9,17
2025-09-21 18:00:00,34.6,41,10.8,986.4,0,0.0,101,26.1,37.5,382.0,9.5,5.6,92.0,26.0,9,18
2025-09-21 19:00:00,33.3,46,11.3,986.7,0,0.0,100,29.6,40.5,524.0,13.0,6.0,79.0,24.0,9,19
2025-09-21 20:00:00,32.3,49,10.8,986.7,0,0.0,98,32.5,43.9,607.0,15.4,6.4,69.0,22.0,9,20
2025-09-21 21:00:00,31.5,52,10.6,987.1,0,0.0,97,34.3,46.6,581.0,15.7,6.6,65.0,21.0,9,21
2025-09-21 22:00:00,30.8,53,10.4,987.1,0,0.0,95,35.0,46.6,497.0,14.8,6.7,64.0,20.0,9,22
2025-09-21 23:00:00,30.1,54,11.4,987.0,0,0.0,93,31.8,41.2,414.0,13.4,7.4,65.0,18.0,9,23
2025-09-22 00:00:00,29.5,55,12.6,986.8,0,0.0,91,26.2,32.7,344.0,11.5,8.9,67.0,14.0,9,0
2025-09-22 01:00:00,29.1,55,13.8,986.6,0,0.0,89,22.2,26.4,275.0,9.1,10.9,70.0,10.0,9,1
2025-09-22 02:00:00,29.1,54,14.3,986.4,0,0.0,87,19.2,22.6,231.0,7.3,13.0,73.0,7.0,9,2
2025-09-22 03:00:00,28.8,54,15.3,986.4,0,0.0,85,17.1,21.1,223.0,6.4,15.5,74.0,7.0,9,3
2025-09-22 04:00:00,28.3,57,15.3,986.7,0,0.0,83,15.9,20.9,239.0,6.1,18.1,74.0,9.0,9,4
2025-09-22 05:00:00,27.9,59,15.5,987.1,0,0.0,82,16.2,20.1,270.0,6.1,16.3,71.0,7.0,9,5
2025-09-22 06:00:00,28.2,66,14.2,987.5,0,0.0,81,17.4,21.1,330.0,6.8,14.6,69.0,6.0,9,6
2025-09-22 07:00:00,28.4,67,11.7,988.1,0,0.0,81,20.4,24.3,406.0,7.8,12.2,66.0,6.0,9,7
2025-09-22 08:00:00,29.7,66,10.3,988.8,0,0.0,80,23.6,27.4,441.0,7.9,10.4,69.0,7.0,9,8
2025-09-22 09:00:00,31.4,63,13.1,989.6,0,0.0,80,24.4,30.4,399.0,6.5,9.7,82.0,10.0,9,9
2025-09-22 10:00:00,33.2,58,13.7,989.7,0,0.0,80,25.4,33.2,318.0,4.3,9.6,101.0,14.0,9,10
2025-09-22 11:00:00,34.8,51,15.0,989.4,0,0.0,79,24.9,35.6,254.0,2.6,9.1,115.0,21.0,9,11
2025-09-22 12:00:00,36.1,45,15.6,989.0,0,0.0,79,22.6,42.1,230.0,1.8,7.8,119.0,36.0,9,12
2025-09-22 13:00:00,36.8,42,15.3,987.9,0,0.0,78,19.6,50.1,224.0,1.5,6.3,118.0,54.0,9,13
2025-09-22 14:00:00,37.2,39,15.1,987.0,0,0.0,78,19.0,52.5,226.0,1.8,5.0,115.0,65.0,9,14
2025-09-22 15:00:00,37.2,38,15.0,986.8,0,0.0,78,18.3,50.2,229.0,2.9,4.2,111.0,62.0,9,15
2025-09-22 16:00:00,36.6,39,14.7,986.5,0,0.0,77,18.5,44.8,240.0,4.7,3.6,106.0,52.0,9,16
2025-09-22 17:00:00,35.8,39,14.1,986.6,0,0.0,77,20.1,46.0,266.0,7.2,3.5,99.0,49.0,9,17
2025-09-22 18:00:00,34.8,40,10.7,987.3,0,0.0,77,25.8,47.3,324.0,11.2,4.0,88.0,45.0,9,18
2025-09-22 19:00:00,33.4,44,10.8,987.3,0,0.0,77,32.1,52.3,398.0,16.8,4.7,72.0,39.0,9,19
2025-09-22 20:00:00,32.5,47,10.7,987.4,0,0.0,77,37.3,56.0,447.0,20.7,5.2,60.0,34.0,9,20
2025-09-22 21:00:00,31.7,49,10.6,988.0,0,0.0,78,40.9,58.8,453.0,21.7,5.4,55.0,31.0,9,21
2025-09-22 22:00:00,31.2,48,11.7,987.8,0,0.0,78,43.2,59.8,433.0,21.0,5.4,54.0,28.0,9,22
2025-09-22 23:00:00,30.4,48,11.2,987.6,0,0.0,79,40.6,54.5,406.0,19.4,5.6,54.0,25.0,9,23
2025-09-23 00:00:00,29.7,49,10.9,987.6,0,0.0,79,33.5,44.5,370.0,16.6,5.8,57.0,21.0,9,0
2025-09-23 01:00:00,28.6,52,11.6,987.3,0,0.0,80,28.8,37.4,325.0,13.0,6.1,61.0,16.0,9,1
2025-09-23 02:00:00,27.9,54,12.8,987.1,0,0.0,81,24.6,30.7,291.0,10.0,7.2,65.0,12.0,9,2
2025-09-23 03:00:00,27.8,53,13.5,987.0,0,0.0,81,22.1,27.3,271.0,8.3,9.9,67.0,9.0,9,3
2025-09-23 04:00:00,27.7,52,13.7,986.9,0,0.0,81,19.4,23.7,262.0,7.2,13.4,69.0,8.0,9,4
2025-09-23 05:00:00,27.3,53,14.2,987.5,0,0.0,82,17.0,17.2,268.0,6.1,11.1,70.0,0.0,9,5
2025-09-23 06:00:00,27.6,60,14.4,987.8,0,0.0,82,18.2,20.4,305.0,6.7,9.8,67.0,2.0,9,6
2025-09-23 07:00:00,27.6,64,12.7,988.2,0,0.0,82,21.3,25.2,357.0,7.4,8.0,64.0,5.0,9,7
2025-09-23 08:00:00,29.0,65,10.2,989.0,0,0.0,82,24.4,28.7,382.0,7.5,6.8,66.0,8.0,9,8
2025-09-23 09:00:00,30.8,62,12.2,989.6,0,0.0,82,24.9,31.2,352.0,6.2,6.8,80.0,9.0,9,9
2025-09-23 10:00:00,32.7,58,12.1,989.7,0,0.0,82,25.3,32.1,296.0,4.2,7.3,99.0,11.0,9,10
2025-09-23 11:00:00,34.5,53,12.5,989.3,0,0.0,82,24.6,32.2,251.0,2.7,7.5,113.0,14.0,9,11
2025-09-23 12:00:00,35.8,48,12.9,988.6,0,0.0,82,22.9,34.2,234.0,1.9,7.0,118.0,22.0,9,12
2025-09-23 13:00:00,36.6,45,13.0,987.6,0,0.0,82,21.0,38.3,228.0,1.5,6.2,117.0,32.0,9,13
2025-09-23 14:00:00,37.1,43,13.2,986.4,0,0.0,82,19.7,39.8,228.0,1.8,5.4,115.0,39.0,9,14
2025-09-23 15:00:00,37.1,42,13.9,985.9,0,0.0,82,18.7,40.2,225.0,2.9,4.5,111.0,40.0,9,15
2025-09-23 16:00:00,36.7,41,13.7,985.3,0,0.0,82,18.9,39.0,227.0,4.6,3.7,105.0,38.0,9,16
2025-09-23 17:00:00,35.8,42,13.6,985.2,0,0.0,82,20.0,41.7,252.0,7.0,3.1,98.0,41.0,9,17
2025-09-23 18:00:00,34.7,41,12.3,986.3,0,0.0,82,26.0,45.3,327.0,10.4,3.6,88.0,39.0,9,18
2025-09-23 19:00:00,33.5,45,10.8,986.2,1,0.0,82,31.4,50.4,425.0,15.1,4.2,73.0,36.0,9,19
2025-09-23 20:00:00,32.7,47,9.2,986.6,1,0.0,82,35.2,53.6,487.0,18.3,4.7,62.0,34.0,9,20
2025-09-23 21:00:00,32.1,49,9.7,986.9,0,0.0,82,37.8,56.0,480.0,18.8,4.9,58.0,32.0,9,21
2025-09-23 22:00:00,31.5,50,11.1,987.1,0,0.0,82,39.7,57.4,436.0,17.9,4.9,57.0,31.0,9,22
2025-09-23 23:00:00,30.8,51,10.4,986.9,0,0.0,81,36.9,53.0,395.0,16.4,4.9,57.0,29.0,9,23
2025-09-24 00:00:00,30.3,51,11.4,986.5,0,0.0,81,30.6,44.5,370.0,14.2,4.7,58.0,25.0,9,0
2025-09-24 01:00:00,29.5,52,12.4,986.1,0,0.0,81,26.6,37.8,347.0,11.4,4.5,60.0,20.0,9,1
2025-09-24 02:00:00,28.8,54,12.5,985.5,0,0.0,81,23.3,32.4,323.0,9.0,4.6,62.0,16.0,9,2
2025-09-24 03:00:00,28.5,54,12.5,985.5,0,0.0,81,19.8,26.1,290.0,7.4,5.3,63.0,12.0,9,3
2025-09-24 04:00:00,28.1,53,13.0,985.7,0,0.0,80,17.8,21.8,257.0,6.3,6.3,64.0,9.0,9,4
2025-09-24 05:00:00,27.5,56,13.0,986.0,0,0.0,80,16.3,16.7,243.0,5.0,6.3,67.0,1.0,9,5
2025-09-24 06:00:00,27.7,63,13.2,986.6,0,0.0,80,17.9,21.2,268.0,5.8,5.9,65.0,4.0,9,6
2025-09-24 07:00:00,27.7,66,11.0,987.1,0,0.0,80,21.2,26.4,313.0,6.7,5.4,63.0,8.0,9,7
2025-09-24 08:00:00,28.9,66,11.5,987.8,0,0.0,80,24.3,30.6,337.0,7.0,5.2,66.0,12.0,9,8
2025-09-24 09:00:00,30.5,63,12.9,988.0,0,0.0,80,24.9,33.6,319.0,5.8,5.8,78.0,15.0,9,9
2025-09-24 10:00:00,32.3,58,12.6,988.0,0,0.0,80,25.7,35.4,281.0,4.0,6.7,95.0,17.0,9,10
2025-09-24 11:00:00,33.9,52,12.1,987.7,0,0.0,80,25.6,35.5,250.0,2.5,7.3,108.0,19.0,9,11
2025-09-24 12:00:00,35.2,48,11.9,986.9,0,0.0,80,24.6,34.1,236.0,1.8,7.1,114.0,21.0,9,12
2025-09-24 13:00:00,36.0,45,12.5,985.8,0,0.0,80,23.4,33.6,228.0,1.5,6.5,116.0,23.0,9,13
2025-09-24 14:00:00,36.4,44,13.2,984.6,0,0.0,81,22.4,34.8,226.0,1.8,5.8,115.0,24.0,9,14
2025-09-24 15:00:00,36.4,43,13.5,983.9,1,0.0,81,21.4,35.3,224.0,2.7,4.9,112.0,24.0,9,15
2025-09-24 16:00:00,35.9,43,14.4,983.7,1,0.0,81,20.7,34.6,227.0,4.3,4.0,106.0,22.0,9,16
2025-09-24 17:00:00,35.1,44,14.7,983.8,3,0.0,81,19.6,26.9,245.0,6.6,4.8,100.0,14.0,9,17
2025-09-24 18:00:00,34.6,45,13.4,984.7,8,0.0,81,24.6,30.0,295.0,10.5,5.0,88.0,13.0,9,18
2025-09-24 19:00:00,33.8,48,11.5,984.6,3,0.0,81,31.0,36.3,361.0,15.9,5.2,72.0,12.0,9,19
2025-09-24 20:00:00,33.1,50,9.8,985.1,1,0.0,81,36.7,42.4,406.0,19.9,5.5,60.0,11.0,9,20
2025-09-24 21:00:00,32.3,53,8.9,985.5,1,0.0,81,39.7,45.1,418.0,21.3,6.0,54.0,9.0,9,21
2025-09-24 22:00:00,31.7,56,10.0,985.7,0,0.0,81,42.0,46.4,409.0,21.2,6.6,52.0,7.0,9,22
2025-09-24 23:00:00,31.0,56,9.9,985.8,0,0.0,82,41.1,44.5,384.0,20.1,6.8,52.0,6.0,9,23
2025-09-25 00:00:00,30.3,55,10.3,985.8,0,0.0,82,35.7,38.3,328.0,17.6,6.3,53.0,5.0,9,0
2025-09-25 01:00:00,29.7,55,10.7,985.6,0,0.0,82,31.9,34.2,254.0,14.2,5.5,56.0,5.0,9,1
2025-09-25 02:00:00,29.3,55,10.8,985.4,0,0.0,83,27.7,30.3,209.0,11.1,5.0,58.0,5.0,9,2
2025-09-25 03:00:00,28.7,57,10.2,985.6,0,0.0,83,23.4,26.5,217.0,8.8,5.3,60.0,5.0,9,3
2025-09-25 04:00:00,28.3,59,11.5,985.9,0,0.0,83,19.8,22.9,254.0,6.8,5.9,61.0,6.0,9,4
2025-09-25 05:00:00,28.0,61,12.0,986.4,0,0.0,83,17.6,20.7,289.0,5.6,5.0,61.0,6.0,9,5
2025-09-25 06:00:00,28.1,66,11.5,986.7,0,0.0,84,17.9,22.2,318.0,6.2,4.7,61.0,7.0,9,6
2025-09-25 07:00:00,28.2,67,11.2,987.2,0,0.0,84,20.7,26.0,346.0,7.0,4.4,62.0,9.0,9,7
2025-09-25 08:00:00,29.4,64,12.4,988.0,0,0.0,84,23.3,29.6,354.0,7.1,4.5,67.0,12.0,9,8
2025-09-25 09:00:00,31.0,61,13.3,988.8,0,0.0,83,23.6,33.5,326.0,5.9,5.4,80.0,16.0,9,9
2025-09-25 10:00:00,32.7,56,13.4,988.8,0,0.0,83,24.8,36.8,278.0,4.0,6.7,97.0,20.0,9,10
2025-09-25 11:00:00,34.2,51,14.7,988.6,0,0.0,83,25.4,37.6,239.0,2.5,7.5,110.0,23.0,9,11
2025-09-25 12:00:00,35.3,47,15.5,987.9,0,0.0,83,24.7,35.3,218.0,1.7,7.2,115.0,25.0,9,12
2025-09-25 13:00:00,36.1,43,15.2,986.9,0,0.0,83,23.3,35.0,207.0,1.4,6.4,116.0,27.0,9,13
2025-09-25 14:00:00,36.6,40,15.2,986.1,6,0.0,83,21.9,36.3,203.0,1.8,5.7,115.0,28.0,9,14
2025-09-25 15:00:00,36.5,38,14.8,985.6,8,0.0,83,21.0,37.0,202.0,2.8,5.2,112.0,28.0,9,15
2025-09-25 16:00:00,36.3,37,14.1,985.3,4,0.0,83,20.9,36.9,210.0,4.6,4.8,106.0,27.0,9,16
2025-09-25 17:00:00,35.6,37,11.2,985.8,6,0.0,83,19.7,32.5,241.0,6.7,4.8,98.0,24.0,9,17
2025-09-25 18:00:00,34.9,39,11.4,986.4,2,0.0,83,26.4,36.6,318.0,12.6,5.2,84.0,22.0,9,18
2025-09-25 19:00:00,33.7,42,8.9,986.8,0,0.0,83,36.1,45.4,419.0,20.7,5.8,65.0,19.0,9,19
2025-09-25 20:00:00,33.3,43,6.2,987.9,0,0.0,84,45.3,54.2,494.0,27.2,6.5,50.0,16.0,9,20
2025-09-25 21:00:00,32.5,45,7.3,988.7,2,0.0,84,54.1,63.3,525.0,30.6,7.4,43.0,14.0,9,21
2025-09-25 22:00:00,32.1,47,5.0,988.8,2,0.0,86,60.8,69.4,530.0,32.3,8.5,41.0,13.0,9,22
2025-09-25 23:00:00,31.5,49,7.7,988.7,2,0.0,87,61.5,68.7,517.0,32.7,9.0,39.0,12.0,9,23
2025-09-26 00:00:00,30.7,51,7.7,988.6,0,0.0,89,56.2,61.9,478.0,31.3,8.7,38.0,10.0,9,0
2025-09-26 01:00:00,30.2,52,7.7,988.4,0,0.0,90,54.6,59.1,422.0,28.6,7.9,37.0,8.0,9,1
2025-09-26 02:00:00,29.4,55,6.6,988.3,0,0.0,92,52.9,56.8,380.0,25.8,7.2,37.0,7.0,9,2
2025-09-26 03:00:00,28.8,56,5.8,988.3,0,0.0,94,52.4,56.2,359.0,23.3,6.6,36.0,6.0,9,3
2025-09-26 04:00:00,28.5,57,5.6,988.5,0,0.0,96,50.1,53.6,354.0,20.7,6.1,35.0,6.0,9,4
2025-09-26 05:00:00,28.0,59,5.3,989.1,0,0.0,99,65.2,70.8,377.0,29.0,6.1,25.0,8.0,9,5
2025-09-26 06:00:00,28.2,64,6.1,989.5,0,0.0,103,50.8,55.2,462.0,25.4,5.5,30.0,7.0,9,6
2025-09-26 07:00:00,28.1,65,4.6,990.1,0,0.0,107,45.4,48.7,576.0,20.2,4.9,39.0,6.0,9,7
2025-09-26 08:00:00,29.4,61,3.2,990.8,0,0.0,109,41.8,44.5,635.0,15.4,5.8,56.0,5.0,9,8
2025-09-26 09:00:00,31.4,55,3.1,991.3,0,0.0,111,34.5,38.1,586.0,11.2,9.5,87.0,5.0,9,9
2025-09-26 10:00:00,33.3,49,3.1,991.2,0,0.0,112,32.4,36.4,483.0,7.3,14.7,127.0,6.0,9,10
2025-09-26 11:00:00,35.1,44,4.4,990.8,0,0.0,113,32.9,38.0,397.0,4.5,18.8,158.0,9.0,9,11
2025-09-26 12:00:00,36.6,40,4.0,990.0,0,0.0,114,35.2,42.5,357.0,3.0,20.9,176.0,15.0,9,12
2025-09-26 13:00:00,37.6,37,3.4,989.0,2,0.0,115,37.6,49.0,335.0,2.6,21.9,186.0,23.0,9,13
2025-09-26 14:00:00,38.2,34,4.4,987.9,5,0.0,116,39.1,54.2,323.0,2.9,21.8,188.0,29.0,9,14
2025-09-26 15:00:00,38.5,32,5.1,987.1,4,0.0,118,39.9,57.5,299.0,3.8,20.1,180.0,33.0,9,15
2025-09-26 16:00:00,38.7,30,4.2,987.0,15,0.0,120,39.6,59.4,285.0,5.4,17.2,164.0,35.0,9,16
2025-09-26 17:00:00,38.0,30,1.5,987.0,0,0.0,136,34.6,51.9,337.0,8.3,17.3,147.0,34.0,9,17
2025-09-26 18:00:00,35.9,38,5.0,988.0,0,0.0,149,41.0,55.3,520.0,13.7,16.0,125.0,33.0,9,18
2025-09-26 19:00:00,34.5,46,5.7,988.2,0,0.0,148,48.0,62.2,769.0,21.0,14.1,95.0,31.0,9,19
2025-09-26 20:00:00,33.8,49,6.3,988.9,0,0.0,135,55.1,70.3,950.0,26.1,12.6,71.0,30.0,9,20
2025-09-26 21:00:00,33.3,51,8.0,989.7,0,0.0,127,59.8,76.6,1003.0,27.0,11.8,60.0,31.0,9,21
2025-09-26 22:00:00,32.4,55,7.5,990.1,0,0.0,128,59.5,77.3,988.0,25.5,11.3,56.0,33.0,9,22
2025-09-26 23:00:00,31.7,59,6.7,990.1,0,0.0,128,53.6,72.2,953.0,23.4,10.6,55.0,36.0,9,23
2025-09-27 00:00:00,31.0,62,6.5,990.1,0,0.0,127,45.3,64.7,906.0,20.3,9.5,57.0,39.0,9,0
2025-09-27 01:00:00,30.3,64,5.5,990.1,0,0.0,126,41.3,61.7,838.0,16.5,8.2,61.0,41.0,9,1
2025-09-27 02:00:00,30.0,65,4.5,989.7,0,0.0,125,39.9,62.6,769.0,14.2,7.4,64.0,44.0,9,2
2025-09-27 03:00:00,29.8,66,6.2,989.8,0,0.0,123,40.3,65.2,687.0,14.8,7.3,62.0,47.0,9,3
2025-09-27 04:00:00,29.7,66,3.2,990.2,0,0.0,122,42.4,68.2,605.0,17.0,7.6,59.0,50.0,9,4
2025-09-27 05:00:00,29.5,67,1.7,990.7,0,0.0,121,45.5,67.5,572.0,19.8,7.1,47.0,42.0,9,5
2025-09-27 06:00:00,29.9,70,6.2,990.9,0,0.0,119,49.8,67.1,654.0,19.5,6.9,48.0,35.0,9,6
2025-09-27 07:00:00,29.7,71,7.6,991.2,0,0.0,119,51.0,64.7,786.0,19.0,6.6,51.0,26.0,9,7
2025-09-27 08:00:00,31.4,64,5.6,992.1,0,0.0,120,47.5,57.4,829.0,17.1,6.8,60.0,19.0,9,8
2025-09-27 09:00:00,33.9,51,6.0,992.6,0,0.0,120,34.1,46.2,688.0,12.7,8.1,83.0,17.0,9,9
2025-09-27 10:00:00,35.9,42,5.5,992.6,26,0.0,120,24.1,34.5,458.0,7.0,9.9,114.0,17.0,9,10
2025-09-27 11:00:00,37.4,37,5.2,992.4,14,0.0,119,21.1,32.0,289.0,2.8,11.1,136.0,21.0,9,11
2025-09-27 12:00:00,38.6,33,4.7,991.8,82,0.0,118,21.5,39.0,248.0,1.2,11.3,144.0,30.0,9,12
2025-09-27 13:00:00,39.5,28,4.6,990.9,30,0.0,117,22.5,45.8,268.0,1.1,10.9,144.0,42.0,9,13
2025-09-27 14:00:00,40.1,24,4.7,989.8,57,0.0,115,23.7,49.4,292.0,2.0,10.4,141.0,50.0,9,14
2025-09-27 15:00:00,40.0,24,6.3,989.2,86,0.0,113,24.9,50.6,292.0,3.4,9.5,136.0,48.0,9,15
2025-09-27 16:00:00,39.5,25,8.4,989.1,7,0.0,112,26.4,52.0,296.0,5.9,8.5,127.0,43.0,9,16
2025-09-27 17:00:00,38.5,28,9.3,989.2,2,0.0,111,32.9,49.9,330.0,10.5,8.7,112.0,33.0,9,17
2025-09-27 18:00:00,36.4,31,8.9,990.4,0,0.0,110,44.8,62.6,412.0,19.7,9.9,99.0,36.0,9,18
2025-09-27 19:00:00,35.3,34,7.3,990.2,0,0.0,111,60.3,80.6,523.0,32.5,11.6,81.0,41.0,9,19
2025-09-27 20:00:00,34.4,37,7.9,990.5,0,0.0,112,73.1,96.4,634.0,42.2,13.1,66.0,45.0,9,20
2025-09-27 21:00:00,33.6,39,8.3,991.1,0,0.0,114,81.0,106.9,738.0,46.2,14.3,58.0,48.0,9,21
2025-09-27 22:00:00,32.9,41,6.7,991.2,0,0.0,116,88.2,114.8,841.0,47.2,15.2,53.0,50.0,9,22
2025-09-27 23:00:00,31.7,44,4.1,990.9,0,0.0,119,93.1,119.0,933.0,46.5,15.5,49.0,50.0,9,23
2025-09-28 00:00:00,30.9,46,2.9,990.7,0,0.0,123,92.4,116.6,1013.0,44.1,14.4,44.0,47.0,9,0
2025-09-28 01:00:00,30.2,47,3.0,990.4,0,0.0,128,88.9,111.1,1081.0,40.1,12.7,40.0,42.0,9,1
2025-09-28 02:00:00,29.0,54,5.8,990.2,0,0.0,133,79.9,99.4,1134.0,36.3,12.1,38.0,38.0,9,2
2025-09-28 03:00:00,28.4,58,3.5,990.2,0,0.0,137,68.9,86.4,1162.0,33.2,13.9,38.0,35.0,9,3
2025-09-28 04:00:00,28.3,58,2.4,990.4,0,0.0,140,65.4,81.0,1174.0,30.3,16.7,39.0,32.0,9,4
2025-09-28 05:00:00,28.2,56,6.3,990.8,0,0.0,143,84.5,101.5,1189.0,40.3,23.0,29.0,32.0,9,5
2025-09-28 06:00:00,29.5,62,3.9,991.0,0,0.0,147,91.3,109.0,1253.0,40.2,21.9,35.0,28.0,9,6
2025-09-28 07:00:00,29.5,61,5.0,991.3,0,0.0,150,111.3,129.5,1321.0,39.5,20.3,45.0,23.0,9,7
2025-09-28 08:00:00,31.8,52,4.0,992.0,0,0.0,152,101.3,112.5,1276.0,35.8,18.5,62.0,21.0,9,8
2025-09-28 09:00:00,34.5,43,4.1,992.0,0,0.0,154,68.9,81.7,1006.0,26.0,16.6,94.0,25.0,9,9
2025-09-28 10:00:00,36.3,37,3.7,992.0,0,0.0,155,48.4,65.7,623.0,13.0,14.6,134.0,31.0,9,10
2025-09-28 11:00:00,37.8,30,2.2,991.5,1,0.0,155,37.7,56.1,342.0,3.5,12.5,162.0,36.0,9,11
2025-09-28 12:00:00,38.8,26,1.9,990.6,7,0.0,156,33.2,51.2,271.0,0.3,10.0,168.0,37.0,9,12
2025-09-28 13:00:00,39.5,24,2.1,989.5,5,0.0,156,31.5,49.0,302.0,0.6,7.4,162.0,35.0,9,13
2025-09-28 14:00:00,40.0,24,4.9,988.4,9,0.0,157,31.3,48.3,331.0,2.0,5.6,153.0,33.0,9,14
2025-09-28 15:00:00,39.7,25,9.5,987.3,7,0.0,157,31.8,48.0,301.0,3.9,5.0,145.0,29.0,9,15
2025-09-28 16:00:00,39.1,24,11.8,987.4,1,0.0,157,33.8,47.6,268.0,6.9,5.1,135.0,25.0,9,16
2025-09-28 17:00:00,38.4,22,9.5,987.2,0,0.0,157,48.1,62.4,296.0,11.6,7.1,118.0,28.0,9,17
2025-09-28 18:00:00,36.6,27,6.9,988.0,2,0.0,158,56.8,71.0,423.0,16.1,7.6,106.0,29.0,9,18
2025-09-28 19:00:00,35.3,32,6.9,988.3,0,0.0,158,66.6,82.2,610.0,22.5,8.2,89.0,30.0,9,19
2025-09-28 20:00:00,34.3,38,5.6,988.4,0,0.0,158,76.4,92.4,804.0,27.8,9.0,74.0,31.0,9,20
2025-09-28 21:00:00,33.4,41,1.7,988.8,0,0.0,158,84.8,101.5,1035.0,30.8,9.9,65.0,31.0,9,21
2025-09-28 22:00:00,32.4,43,4.6,989.2,0,0.0,158,93.1,109.9,1274.0,32.9,10.9,60.0,32.0,9,22
2025-09-28 23:00:00,31.7,45,4.5,988.8,0,0.0,159,99.7,116.4,1378.0,34.9,11.6,54.0,32.0,9,23
2025-09-29 00:00:00,31.0,46,5.9,988.6,0,0.0,159,101.3,118.3,1232.0,37.3,11.8,48.0,33.0,9,0
2025-09-29 01:00:00,30.5,47,4.3,988.3,0,0.0,159,102.7,119.7,952.0,39.6,11.8,42.0,33.0,9,1
2025-09-29 02:00:00,30.4,47,1.1,988.0,0,0.0,159,104.5,122.0,744.0,41.9,11.7,36.0,33.0,9,2
2025-09-29 03:00:00,29.7,50,2.7,988.1,0,0.0,160,109.4,126.7,692.0,45.2,11.7,27.0,31.0,9,3
2025-09-29 04:00:00,29.1,53,4.9,988.3,0,0.0,161,114.6,130.4,712.0,48.4,11.6,18.0,28.0,9,4
2025-09-29 05:00:00,28.6,55,7.4,988.8,0,0.0,163,94.8,109.0,754.0,39.6,10.1,22.0,27.0,9,5
2025-09-29 06:00:00,29.1,60,8.8,988.8,0,0.0,163,98.5,111.3,839.0,35.8,9.7,34.0,17.0,9,6
2025-09-29 07:00:00,29.0,62,8.6,989.4,0,0.0,163,100.8,111.1,946.0,30.4,9.1,51.0,6.0,9,7
2025-09-29 08:00:00,31.1,56,5.2,990.0,0,0.0,163,80.1,87.3,961.0,24.3,8.8,72.0,14.0,9,8
2025-09-29 09:00:00,34.2,44,7.4,990.3,0,0.0,162,66.6,78.9,793.0,17.1,9.2,102.0,63.0,9,9
2025-09-29 10:00:00,36.0,35,7.3,990.3,0,0.0,162,44.4,100.8,534.0,9.4,9.8,137.0,131.0,9,10
2025-09-29 11:00:00,37.0,32,4.3,989.7,14,0.0,162,45.1,137.8,346.0,3.7,10.1,161.0,176.0,9,11
2025-09-29 12:00:00,37.9,29,2.7,988.8,14,0.0,162,38.2,143.0,308.0,1.4,9.6,166.0,176.0,9,12
2025-09-29 13:00:00,38.5,27,3.8,987.5,6,0.0,163,32.2,114.8,342.0,1.2,8.6,159.0,152.0,9,13
2025-09-29 14:00:00,38.8,26,6.5,986.5,10,0.0,163,26.9,91.5,374.0,2.0,7.8,151.0,126.0,9,14
2025-09-29 15:00:00,38.7,26,9.8,985.8,13,0.0,162,23.9,77.1,373.0,3.8,7.1,142.0,104.0,9,15
2025-09-29 16:00:00,38.0,29,11.2,985.3,4,0.0,162,25.6,68.7,371.0,6.6,6.6,131.0,81.0,9,16
2025-09-29 17:00:00,36.9,32,10.8,985.5,3,0.0,162,28.8,60.8,392.0,7.5,7.2,117.0,63.0,9,17
2025-09-29 18:00:00,35.8,32,10.7,986.3,5,0.0,161,31.1,55.1,461.0,9.0,7.2,108.0,56.0,9,18
2025-09-29 19:00:00,35.0,34,8.5,986.8,2,0.0,161,34.9,56.6,554.0,11.2,7.2,95.0,47.0,9,19
2025-09-29 20:00:00,34.0,36,7.1,987.3,0,0.0,160,40.0,60.8,623.0,13.7,7.3,83.0,40.0,9,20
2025-09-29 21:00:00,32.8,39,5.7,987.4,1,0.0,159,45.9,66.6,646.0,16.7,7.6,72.0,38.0,9,21
2025-09-29 22:00:00,32.1,44,4.9,987.3,2,0.0,157,53.7,74.7,645.0,19.9,8.0,62.0,40.0,9,22
2025-09-29 23:00:00,31.5,50,3.7,987.0,0,0.0,156,58.4,79.6,643.0,22.4,8.3,54.0,41.0,9,23
2025-09-30 00:00:00,30.9,55,4.2,986.8,0,0.0,155,55.6,77.5,645.0,23.2,8.4,51.0,42.0,9,0
2025-09-30 01:00:00,30.0,60,2.6,986.9,0,0.0,154,56.0,78.7,645.0,23.3,8.4,50.0,44.0,9,1
2025-09-30 02:00:00,29.4,61,4.5,986.5,0,0.0,152,59.3,82.9,657.0,23.9,8.5,49.0,45.0,9,2
2025-09-30 03:00:00,29.2,61,4.1,986.4,0,0.0,151,63.6,88.5,689.0,26.3,9.0,44.0,47.0,9,3
2025-09-30 04:00:00,29.0,62,2.7,986.5,0,0.0,149,67.3,92.9,732.0,29.4,9.5,39.0,49.0,9,4
2025-09-30 05:00:00,28.6,64,4.0,986.5,0,0.0,144,85.2,115.3,767.0,44.4,10.6,19.0,57.0,9,5
2025-09-30 06:00:00,29.6,74,6.2,986.7,16,0.0,143,74.3,100.4,805.0,38.0,10.1,32.0,50.0,9,6
2025-09-30 07:00:00,29.8,74,5.7,987.1,21,0.0,140,74.7,96.6,836.0,28.9,9.3,51.0,40.0,9,7
2025-09-30 08:00:00,31.5,67,5.8,987.8,1,0.0,137,61.0,77.3,810.0,20.5,8.5,72.0,32.0,9,8
2025-09-30 09:00:00,34.0,54,7.5,988.1,1,0.0,135,46.4,63.1,675.0,13.5,7.7,97.0,29.0,9,9
2025-09-30 10:00:00,36.1,41,7.8,987.8,14,0.0,133,38.4,53.0,483.0,7.2,6.8,124.0,29.0,9,10
2025-09-30 11:00:00,37.6,31,8.5,987.4,10,0.0,133,31.2,46.0,339.0,2.8,6.0,142.0,29.0,9,11
2025-09-30 12:00:00,38.5,27,9.4,986.8,28,0.0,131,25.2,38.5,292.0,0.9,5.4,146.0,28.0,9,12
2025-09-30 13:00:00,39.0,25,7.9,985.8,27,0.0,130,22.6,35.7,294.0,0.9,4.8,142.0,28.0,9,13
2025-09-30 14:00:00,39.5,23,6.2,984.7,28,0.0,129,21.1,34.7,304.0,1.9,4.4,135.0,27.0,9,14
2025-09-30 15:00:00,39.7,22,4.8,983.8,33,0.0,128,20.3,35.0,311.0,3.7,4.0,127.0,26.0,9,15
2025-09-30 16:00:00,39.5,21,4.0,983.5,25,0.0,128,20.4,36.1,327.0,6.5,3.8,118.0,25.0,9,16
2025-09-30 17:00:00,38.8,22,6.1,983.4,16,0.0,127,28.8,40.7,348.0,10.2,4.2,108.0,24.0,9,17
2025-09-30 18:00:00,36.2,33,11.9,983.8,5,0.0,127,35.4,47.5,373.0,12.9,4.7,99.0,26.0,9,18
2025-09-30 19:00:00,34.9,40,9.2,984.5,2,0.0,128,42.1,56.2,403.0,16.8,5.5,86.0,28.0,9,19
2025-09-30 20:00:00,34.1,44,10.8,985.4,3,0.0,129,48.5,64.3,439.0,20.3,6.3,75.0,31.0,9,20
2025-09-30 21:00:00,33.3,44,11.1,985.8,1,0.0,130,57.7,76.4,494.0,23.7,7.4,67.0,37.0,9,21
2025-09-30 22:00:00,32.7,45,11.8,985.8,0,0.0,131,69.6,91.0,555.0,26.7,8.6,61.0,44.0,9,22
2025-09-30 23:00:00,31.8,48,10.4,985.7,0,0.0,132,72.4,95.5,580.0,26.9,9.1,58.0,45.0,9,23
2025-10-01 00:00:00,31.0,51,10.8,985.7,0,0.0,134,60.5,82.4,537.0,22.2,8.3,61.0,36.0,10,0
2025-10-01 01:00:00,30.7,52,11.5,985.6,0,0.0,134,48.3,62.9,457.0,14.7,6.9,67.0,22.0,10,1
2025-10-01 02:00:00,30.3,53,11.4,985.3,0,0.0,134,34.7,40.6,394.0,8.8,5.5,72.0,11.0,10,2
2025-10-01 03:00:00,29.8,56,10.0,985.1,0,0.0,131,23.2,24.6,360.0,6.2,4.4,73.0,5.0,10,3
2025-10-01 04:00:00,29.4,58,9.0,984.9,0,0.0,127,16.6,16.8,342.0,5.3,3.4,73.0,2.0,10,4
2025-10-01 05:00:00,29.0,61,9.8,985.7,0,0.0,122,32.8,36.0,354.0,11.0,4.4,52.0,6.0,10,5
2025-10-01 06:00:00,28.6,64,9.0,985.9,0,0.0,116,25.7,27.1,429.0,10.9,4.1,53.0,4.0,10,6
2025-10-01 07:00:00,28.6,65,7.6,986.4,0,0.0,111,24.9,25.5,533.0,10.8,3.8,54.0,2.0,10,7
2025-10-01 08:00:00,30.3,60,5.9,987.2,0,0.0,106,23.9,24.3,581.0,9.9,3.6,62.0,1.0,10,8
2025-10-01 09:00:00,32.5,53,7.2,987.6,0,0.0,102,20.5,21.5,515.0,7.7,3.7,82.0,3.0,10,9
2025-10-01 10:00:00,34.5,42,5.8,987.6,0,0.0,99,18.2,20.7,391.0,4.9,3.9,107.0,7.0,10,10
2025-10-01 11:00:00,36.2,36,6.7,987.7,29,0.0,98,17.6,23.0,297.0,2.7,4.0,126.0,11.0,10,11
2025-10-01 12:00:00,37.4,29,7.8,987.0,21,0.0,97,19.2,28.3,267.0,1.5,3.8,133.0,14.0,10,12
2025-10-01 13:00:00,38.1,26,8.1,986.1,15,0.0,96,21.9,31.8,266.0,1.0,3.5,132.0,18.0,10,13
2025-10-01 14:00:00,38.5,24,8.2,985.3,27,0.0,96,22.6,32.4,271.0,1.6,3.2,129.0,19.0,10,14
2025-10-01 15:00:00,38.4,22,9.1,984.5,26,0.0,96,22.7,31.8,266.0,3.2,3.0,124.0,17.0,10,15
2025-10-01 16:00:00,38.2,22,7.4,984.1,9,0.0,97,23.5,31.3,267.0,5.9,3.0,116.0,14.0,10,16
2025-10-01 17:00:00,38.0,20,7.2,984.5,13,0.0,97,22.5,27.3,296.0,10.5,3.2,103.0,9.0,10,17
2025-10-01 18:00:00,36.5,21,4.4,984.6,7,0.0,96,30.7,34.8,375.0,15.5,3.9,91.0,8.0,10,18
2025-10-01 19:00:00,35.2,23,5.8,985.4,1,0.0,96,41.7,45.5,482.0,22.3,5.0,75.0,8.0,10,19
2025-10-01 20:00:00,33.8,27,8.1,986.1,0,0.0,96,48.7,52.4,574.0,26.2,5.7,64.0,7.0,10,20
2025-10-01 21:00:00,32.6,33,12.0,986.4,0,0.0,96,49.4,53.0,648.0,24.8,5.9,63.0,7.0,10,21
2025-10-01 22:00:00,31.9,35,10.5,986.8,0,0.0,95,47.7,51.2,707.0,20.6,5.7,67.0,7.0,10,22
2025-10-01 23:00:00,31.6,42,11.5,986.7,0,0.0,94,45.5,49.5,721.0,16.7,5.7,71.0,8.0,10,23
2025-10-02 00:00:00,31.4,43,10.9,986.5,0,0.0,91,40.9,45.4,658.0,14.0,5.9,74.0,9.0,10,0
2025-10-02 01:00:00,30.9,43,9.9,986.7,0,0.0,90,36.8,42.0,549.0,11.5,6.2,78.0,11.0,10,1
2025-10-02 02:00:00,30.3,44,9.6,986.8,0,0.0,89,32.7,38.2,462.0,9.6,6.4,79.0,11.0,10,2
2025-10-02 03:00:00,29.9,46,9.0,986.7,0,0.0,89,28.0,32.4,411.0,8.2,6.5,76.0,9.0,10,3
2025-10-02 04:00:00,29.2,50,9.4,987.1,0,0.0,89,23.3,25.7,382.0,7.3,6.6,69.0,5.0,10,4
2025-10-02 05:00:00,29.7,53,5.9,987.2,0,0.0,90,32.7,36.6,393.0,11.5,6.0,56.0,7.0,10,5
2025-10-02 06:00:00,29.0,56,9.2,988.0,0,0.0,90,29.0,31.1,492.0,11.8,5.6,52.0,5.0,10,6
2025-10-02 07:00:00,29.0,58,9.3,988.6,0,0.0,90,28.7,29.6,633.0,12.1,5.1,47.0,2.0,10,7
2025-10-02 08:00:00,30.7,53,7.0,989.5,0,0.0,90,27.2,27.6,693.0,11.4,4.5,50.0,1.0,10,8
2025-10-02 09:00:00,33.2,47,7.3,990.3,0,0.0,91,20.7,22.0,591.0,8.9,3.9,69.0,4.0,10,9
2025-10-02 10:00:00,35.3,40,8.6,990.5,0,0.0,91,17.4,21.9,408.0,5.4,3.2,95.0,9.0,10,10
2025-10-02 11:00:00,37.2,28,8.9,990.9,33,0.0,90,16.5,23.1,272.0,2.8,2.7,115.0,13.0,10,11
2025-10-02 12:00:00,37.7,25,8.3,990.5,34,0.0,90,14.8,21.7,238.0,1.5,2.4,122.0,14.0,10,12
2025-10-02 13:00:00,38.4,23,7.8,989.7,21,0.0,90,13.4,19.6,250.0,1.1,2.2,123.0,13.0,10,13
2025-10-02 14:00:00,38.6,23,8.3,989.0,24,0.0,89,12.5,18.6,266.0,1.7,2.1,121.0,12.0,10,14
2025-10-02 15:00:00,38.6,23,8.5,988.4,34,0.0,89,12.4,18.5,272.0,3.5,2.1,116.0,11.0,10,15
2025-10-02 16:00:00,38.1,24,9.9,988.2,17,0.0,88,14.7,20.0,281.0,6.4,2.3,108.0,9.0,10,16
2025-10-02 17:00:00,38.1,19,9.9,988.3,25,0.0,87,21.5,28.1,294.0,10.7,2.8,97.0,13.0,10,17
2025-10-02 18:00:00,37.0,21,9.9,988.5,10,0.0,87,31.0,37.3,308.0,15.1,3.4,86.0,12.0,10,18
2025-10-02 19:00:00,35.3,25,10.6,989.3,9,0.0,87,41.2,47.5,326.0,21.1,4.2,71.0,12.0,10,19
2025-10-02 20:00:00,34.0,27,10.0,990.1,8,0.0,87,46.8,52.7,351.0,24.3,4.8,61.0,11.0,10,20
2025-10-02 21:00:00,33.3,29,12.3,990.9,3,0.0,87,48.9,54.5,393.0,22.4,4.7,62.0,11.0,10,21
2025-10-02 22:00:00,32.5,32,12.5,991.2,1,0.0,87,47.5,52.9,442.0,17.8,4.4,67.0,10.0,10,22
2025-10-02 23:00:00,32.2,39,11.5,991.2,0,0.0,87,44.6,50.1,472.0,13.7,4.9,74.0,10.0,10,23
2025-10-03 00:00:00,32.2,38,11.6,991.4,0,0.0,87,42.5,48.0,466.0,11.2,7.1,81.0,10.0,10,0
2025-10-03 01:00:00,31.7,39,11.1,991.4,0,0.0,87,43.5,49.1,441.0,9.3,10.0,88.0,10.0,10,1
2025-10-03 02:00:00,30.8,43,10.9,991.3,0,0.0,87,44.2,49.6,422.0,8.0,12.6,92.0,10.0,10,2
2025-10-03 03:00:00,30.1,49,10.7,991.6,0,0.0,88,43.4,49.0,403.0,7.5,14.4,89.0,12.0,10,3
2025-10-03 04:00:00,29.5,53,11.6,991.5,0,0.0,89,42.0,48.9,391.0,7.6,15.8,81.0,14.0,10,4
2025-10-03 05:00:00,29.6,54,7.8,991.5,0,0.0,91,44.0,52.9,428.0,9.0,15.5,70.0,17.0,10,5
2025-10-03 06:00:00,29.2,56,7.1,991.9,0,0.0,92,43.7,54.1,584.0,10.7,14.5,64.0,17.0,10,6
2025-10-03 07:00:00,29.2,58,6.1,992.6,0,0.0,93,46.8,58.1,789.0,12.8,13.1,58.0,18.0,10,7
2025-10-03 08:00:00,31.0,53,4.8,993.2,0,0.0,94,48.3,57.7,882.0,13.3,11.4,60.0,18.0,10,8
2025-10-03 09:00:00,33.9,45,6.1,994.0,0,0.0,96,44.0,56.1,751.0,10.6,9.0,79.0,17.0,10,9
2025-10-03 10:00:00,36.1,34,7.1,994.3,8,0.0,98,38.8,49.4,508.0,6.2,6.3,108.0,17.0,10,10
2025-10-03 11:00:00,36.9,29,8.0,994.6,13,0.0,100,32.0,40.6,325.0,2.9,4.3,130.0,17.0,10,11
2025-10-03 12:00:00,37.6,26,9.4,994.0,15,0.0,101,31.7,41.2,275.0,1.7,3.7,140.0,19.0,10,12
2025-10-03 13:00:00,37.8,24,11.8,993.1,28,0.0,103,36.2,48.3,285.0,1.5,3.8,145.0,23.0,10,13
2025-10-03 14:00:00,37.8,22,10.8,992.6,34,0.0,105,36.0,48.9,303.0,2.2,4.0,145.0,25.0,10,14
2025-10-03 15:00:00,37.8,22,9.4,992.1,28,0.0,108,36.6,49.8,309.0,3.8,4.0,142.0,24.0,10,15
2025-10-03 16:00:00,37.5,21,8.6,991.6,26,0.0,110,38.9,52.4,323.0,6.3,4.0,135.0,22.0,10,16
2025-10-03 17:00:00,37.2,23,8.9,991.5,5,0.0,113,49.5,62.6,358.0,8.1,5.2,119.0,26.0,10,17
2025-10-03 18:00:00,36.1,26,11.5,991.8,15,0.0,116,57.5,68.5,432.0,12.1,6.1,107.0,24.0,10,18
2025-10-03 19:00:00,34.6,32,10.8,992.2,11,0.0,118,65.2,75.2,526.0,17.5,7.5,89.0,21.0,10,19
2025-10-03 20:00:00,33.9,35,12.8,992.8,3,0.0,121,72.6,82.4,594.0,21.2,8.4,76.0,19.0,10,20
2025-10-03 21:00:00,32.5,45,12.3,993.3,1,0.0,124,79.2,88.9,616.0,21.2,8.6,70.0,17.0,10,21
2025-10-03 22:00:00,31.5,52,10.0,993.5,0,0.0,127,81.0,90.1,613.0,19.5,8.5,69.0,16.0,10,22
2025-10-03 23:00:00,31.3,58,8.2,993.5,0,0.0,130,77.5,85.7,601.0,18.2,8.4,67.0,15.0,10,23
2025-10-04 00:00:00,30.9,60,8.2,993.1,0,0.0,134,72.4,80.6,579.0,18.2,8.3,65.0,15.0,10,0
2025-10-04 01:00:00,30.3,63,8.2,993.1,0,0.0,137,71.5,79.9,548.0,18.7,8.2,63.0,16.0,10,1
2025-10-04 02:00:00,29.7,66,9.0,992.6,0,0.0,140,77.1,85.4,523.0,19.6,8.1,59.0,16.0,10,2
2025-10-04 03:00:00,29.0,69,8.0,992.6,0,0.0,143,85.7,93.8,504.0,21.4,7.8,50.0,15.0,10,3
2025-10-04 04:00:00,28.5,72,1.4,992.8,0,0.0,148,90.1,97.3,491.0,23.5,7.5,39.0,14.0,10,4
2025-10-04 05:00:00,28.2,75,8.5,992.8,0,0.0,151,60.8,65.9,498.0,15.9,7.6,46.0,10.0,10,5
2025-10-04 06:00:00,27.9,77,8.1,992.8,0,0.0,151,57.0,62.6,552.0,15.8,8.8,47.0,10.0,10,6
2025-10-04 07:00:00,27.7,77,7.2,993.1,0,0.0,152,52.2,58.6,625.0,15.5,10.4,50.0,11.0,10,7
2025-10-04 08:00:00,29.2,68,6.9,993.4,0,0.0,152,47.3,53.3,654.0,14.2,10.9,58.0,11.0,10,8
2025-10-04 09:00:00,31.4,57,4.0,993.9,0,0.0,152,34.9,41.1,595.0,10.7,9.3,78.0,11.0,10,9
2025-10-04 10:00:00,33.5,49,4.0,993.6,0,0.0,151,28.9,33.9,491.0,6.2,6.7,103.0,10.0,10,10
2025-10-04 11:00:00,35.2,43,4.7,993.4,1,0.0,151,27.0,32.0,405.0,2.9,4.7,123.0,10.0,10,11
2025-10-04 12:00:00,36.9,34,7.4,992.0,5,0.0,151,26.4,32.2,361.0,1.6,4.0,134.0,11.0,10,12
2025-10-04 13:00:00,37.7,29,8.8,990.6,30,0.0,151,26.3,32.2,336.0,1.5,3.9,139.0,12.0,10,13
2025-10-04 14:00:00,38.2,26,9.7,989.4,30,0.0,151,26.6,32.8,321.0,2.3,3.8,139.0,12.0,10,14
2025-10-04 15:00:00,38.2,22,9.8,988.4,25,0.0,150,26.9,33.3,307.0,4.1,3.4,132.0,11.0,10,15
2025-10-04 16:00:00,38.0,22,11.0,987.8,13,0.0,150,27.6,33.3,303.0,6.8,3.0,119.0,10.0,10,16
2025-10-04 17:00:00,37.4,23,13.1,987.3,3,0.0,149,28.4,32.5,334.0,8.1,3.0,104.0,8.0,10,17
2025-10-04 18:00:00,36.2,25,14.2,987.2,2,0.0,147,34.9,38.4,434.0,11.8,3.5,93.0,7.0,10,18
2025-10-04 19:00:00,35.1,27,11.1,987.3,0,0.0,144,41.2,44.5,568.0,16.9,4.2,78.0,7.0,10,19
2025-10-04 20:00:00,33.7,29,11.2,987.9,0,0.0,142,44.9,48.1,656.0,20.4,5.0,67.0,6.0,10,20
2025-10-04 21:00:00,33.0,30,8.9,988.5,0,0.0,139,45.3,48.3,663.0,20.7,6.0,65.0,6.0,10,21
2025-10-04 22:00:00,32.6,30,10.5,989.1,0,0.0,135,48.2,51.5,624.0,19.5,7.2,68.0,6.0,10,22
2025-10-04 23:00:00,31.9,28,12.4,988.5,0,0.0,132,50.6,54.0,563.0,18.4,7.9,68.0,6.0,10,23
2025-10-05 00:00:00,31.6,28,14.5,988.1,0,0.0,129,55.4,58.9,459.0,18.2,7.7,63.0,6.0,10,0
2025-10-05 01:00:00,31.2,32,16.9,987.5,0,0.0,127,57.4,60.1,333.0,18.2,7.1,56.0,5.0,10,1
2025-10-05 02:00:00,30.8,39,18.1,986.8,0,0.0,126,50.3,52.9,266.0,17.6,6.9,51.0,5.0,10,2
2025-10-05 03:00:00,30.3,45,16.7,986.7,0,0.0,123,41.8,44.1,310.0,15.8,7.7,50.0,4.0,10,3
2025-10-05 04:00:00,29.5,49,13.9,987.1,0,0.0,119,36.7,38.6,413.0,13.5,9.1,51.0,4.0,10,4
2025-10-05 05:00:00,25.7,74,8.1,988.4,0,0.0,113,30.4,31.2,503.0,13.6,14.6,56.0,1.0,10,5
2025-10-05 06:00:00,25.1,69,9.2,989.2,0,0.0,110,30.7,31.9,560.0,14.3,13.2,55.0,2.0,10,6
2025-10-05 07:00:00,25.1,66,8.6,989.8,0,0.0,107,42.8,44.4,603.0,15.1,11.5,55.0,2.0,10,7
2025-10-05 08:00:00,25.9,64,8.0,990.5,0,0.0,106,50.3,52.3,619.0,14.7,10.9,66.0,4.0,10,8
2025-10-05 09:00:00,27.5,60,6.2,991.0,0,0.0,106,53.4,56.0,591.0,12.1,12.7,97.0,6.0,10,9
2025-10-05 10:00:00,29.3,54,6.8,990.9,0,0.0,108,54.9,59.0,535.0,8.4,15.7,138.0,9.0,10,10
2025-10-05 11:00:00,29.5,53,10.7,991.3,0,0.0,111,55.6,62.9,488.0,5.5,18.0,171.0,14.0,10,11
2025-10-05 12:00:00,30.9,47,11.2,990.7,0,0.0,114,55.8,67.5,463.0,3.9,19.2,189.0,25.0,10,12
2025-10-05 13:00:00,31.8,44,11.2,989.8,2,0.0,117,54.6,72.4,447.0,3.0,19.8,197.0,39.0,10,13
2025-10-05 14:00:00,32.4,42,10.5,989.2,21,0.0,120,50.4,74.7,434.0,3.4,19.3,195.0,47.0,10,14
2025-10-05 15:00:00,32.6,41,8.7,988.2,18,0.0,123,44.7,68.7,413.0,5.1,16.7,177.0,44.0,10,15
2025-10-05 16:00:00,32.6,41,7.9,987.6,14,0.0,128,38.2,58.2,395.0,7.9,13.0,147.0,34.0,10,16
2025-10-05 17:00:00,33.2,37,9.4,987.0,7,0.0,145,43.8,55.4,407.0,10.8,11.2,126.0,23.0,10,17
2025-10-05 18:00:00,31.5,44,11.4,987.0,8,0.0,151,52.7,64.3,483.0,14.4,11.0,112.0,24.0,10,18
2025-10-05 19:00:00,30.3,48,11.0,987.4,4,0.0,146,56.9,68.7,588.0,19.4,10.8,93.0,25.0,10,19
2025-10-05 20:00:00,29.7,50,10.7,988.1,2,0.0,131,59.1,71.9,650.0,22.6,10.6,78.0,25.0,10,20
2025-10-05 21:00:00,29.3,51,10.1,988.7,2,0.0,132,66.6,80.3,631.0,22.8,10.6,72.0,24.0,10,21
2025-10-05 22:00:00,28.8,53,8.3,988.8,2,0.0,134,71.0,84.5,569.0,21.3,10.7,70.0,21.0,10,22
2025-10-05 23:00:00,22.8,82,6.2,989.6,63,0.0,137,53.9,63.6,500.0,18.6,10.4,73.0,18.0,10,23
2025-10-06 00:00:00,23.5,76,14.4,991.2,100,0.1,137,33.9,37.7,427.0,14.0,9.4,84.0,14.0,10,0
2025-10-06 01:00:00,21.8,82,11.4,990.1,98,1.7,135,26.6,28.3,348.0,8.3,8.2,99.0,9.0,10,1
2025-10-06 02:00:00,22.0,83,4.1,989.4,98,0.1,132,21.2,24.2,293.0,4.2,7.2,110.0,6.0,10,2
2025-10-06 03:00:00,21.8,87,11.9,989.9,100,0.0,129,21.3,26.5,273.0,3.1,6.9,111.0,6.0,10,3
2025-10-06 04:00:00,21.7,84,10.8,989.7,99,0.0,126,22.5,27.3,277.0,3.7,6.9,107.0,8.0,10,4
2025-10-06 05:00:00,21.5,88,18.2,989.5,23,0.0,125,21.4,24.9,300.0,4.8,4.7,99.0,7.0,10,5
2025-10-06 06:00:00,21.4,85,11.7,990.4,49,0.0,124,22.6,27.5,362.0,5.6,4.7,98.0,10.0,10,6
2025-10-06 07:00:00,21.3,84,6.3,990.9,67,0.8,123,25.8,31.7,444.0,6.7,4.8,96.0,14.0,10,7
2025-10-06 08:00:00,21.5,86,9.2,991.7,45,1.1,121,27.1,35.9,485.0,7.1,4.8,97.0,17.0,10,8
2025-10-06 09:00:00,22.6,80,11.4,992.8,100,0.0,119,26.1,38.9,443.0,6.4,4.8,102.0,18.0,10,9
2025-10-06 10:00:00,22.7,78,14.4,993.0,100,0.0,116,23.9,35.3,360.0,5.0,4.9,109.0,18.0,10,10
2025-10-06 11:00:00,23.6,76,11.9,993.0,34,0.0,113,21.7,31.3,302.0,3.9,4.8,115.0,18.0,10,11
2025-10-06 12:00:00,23.9,75,9.6,992.4,59,2.2,109,20.1,27.6,300.0,3.3,4.4,118.0,18.0,10,12
2025-10-06 13:00:00,22.1,78,16.0,992.0,91,0.3,106,20.5,28.9,323.0,2.8,3.8,120.0,17.0,10,13
2025-10-06 14:00:00,24.2,69,15.1,991.5,100,0.1,102,20.5,28.9,345.0,2.9,3.8,122.0,16.0,10,14
2025-10-06 15:00:00,25.0,66,12.8,990.8,16,0.0,99,21.4,29.2,357.0,3.2,4.8,126.0,15.0,10,15
2025-10-06 16:00:00,25.0,65,11.7,990.5,17,0.0,97,22.2,29.0,369.0,4.0,6.3,129.0,13.0,10,16
2025-10-06 17:00:00,24.6,67,12.4,990.7,19,0.0,96,26.4,31.0,385.0,5.6,4.3,116.0,9.0,10,17
2025-10-06 18:00:00,23.7,69,11.4,990.9,23,0.0,95,29.9,34.6,411.0,9.2,4.8,104.0,9.0,10,18
2025-10-06 19:00:00,23.3,72,10.1,991.6,7,0.0,93,35.3,39.5,442.0,14.0,5.5,87.0,8.0,10,19
2025-10-06 20:00:00,22.5,76,9.4,992.4,10,0.0,91,38.1,42.3,462.0,17.5,6.0,74.0,8.0,10,20
2025-10-06 21:00:00,21.8,79,11.8,993.1,5,0.0,90,38.9,43.0,467.0,18.4,6.2,68.0,8.0,10,21
2025-10-06 22:00:00,21.3,83,10.7,993.3,0,0.0,87,39.1,43.1,463.0,17.8,6.3,65.0,8.0,10,22
2025-10-06 23:00:00,21.8,85,10.5,993.0,1,0.0,85,37.4,41.0,445.0,16.6,6.1,65.0,7.0,10,23
2025-10-07 00:00:00,21.5,86,9.8,993.1,0,0.0,84,31.9,34.8,405.0,14.5,5.6,67.0,6.0,10,0
2025-10-07 01:00:00,20.8,88,9.1,993.1,0,0.0,83,27.0,29.0,352.0,11.8,4.8,71.0,4.0,10,1
2025-10-07 02:00:00,20.0,91,10.8,992.8,0,0.0,84,22.8,24.0,315.0,9.6,4.2,74.0,2.0,10,2
2025-10-07 03:00:00,19.5,93,10.6,993.1,6,0.0,84,19.8,20.4,309.0,8.4,3.8,74.0,1.0,10,3
2025-10-07 04:00:00,19.0,96,9.0,993.0,8,0.0,84,18.0,18.2,319.0,7.8,3.5,74.0,0.0,10,4
2025-10-07 05:00:00,18.7,97,8.6,993.2,100,0.0,83,25.1,27.7,331.0,9.6,4.5,64.0,5.0,10,5
2025-10-07 06:00:00,18.4,98,9.1,993.6,100,0.0,83,27.8,30.9,348.0,10.4,5.1,61.0,6.0,10,6
2025-10-07 07:00:00,18.5,96,10.4,994.4,100,0.0,84,31.5,35.9,367.0,11.3,5.9,58.0,8.0,10,7
2025-10-07 08:00:00,19.7,89,12.6,995.0,94,0.0,84,32.4,37.6,369.0,11.2,6.4,63.0,10.0,10,8
2025-10-07 09:00:00,21.0,81,12.6,995.7,41,0.0,85,29.6,37.1,338.0,8.9,6.6,82.0,11.0,10,9
2025-10-07 10:00:00,22.6,73,12.8,996.0,52,0.0,85,24.6,32.5,290.0,5.6,6.5,109.0,13.0,10,10
2025-10-07 11:00:00,24.6,68,11.4,995.6,26,0.0,85,22.5,29.9,255.0,3.0,6.2,130.0,14.0,10,11
2025-10-07 12:00:00,25.8,62,10.1,995.2,11,0.0,85,20.6,28.3,244.0,1.9,5.6,139.0,15.0,10,12
2025-10-07 13:00:00,26.2,59,10.2,994.8,16,0.0,85,19.4,27.8,245.0,1.5,4.8,143.0,17.0,10,13
2025-10-07 14:00:00,26.6,56,10.1,994.3,18,0.0,85,18.4,27.4,259.0,2.0,4.2,142.0,17.0,10,14
2025-10-07 15:00:00,27.1,53,9.7,993.7,20,0.0,85,18.0,26.9,272.0,2.8,3.8,138.0,16.0,10,15
2025-10-07 16:00:00,26.7,54,9.2,993.5,3,0.0,85,17.9,26.5,298.0,4.3,3.7,129.0,14.0,10,16
2025-10-07 17:00:00,26.0,59,6.8,993.6,4,0.0,84,54.8,83.4,372.0,8.8,4.9,105.0,54.0,10,17
2025-10-07 18:00:00,24.7,67,8.3,993.6,0,0.0,87,61.7,85.9,539.0,15.8,5.9,91.0,51.0,10,18
2025-10-07 19:00:00,23.8,70,8.4,994.3,0,0.0,89,72.4,96.6,755.0,25.4,7.3,71.0,48.0,10,19
2025-10-07 20:00:00,23.2,73,6.8,994.9,0,0.0,92,85.0,109.2,923.0,32.7,8.5,56.0,45.0,10,20
2025-10-07 21:00:00,22.7,76,6.3,995.2,0,0.0,96,95.5,119.7,1014.0,35.5,9.3,48.0,43.0,10,21
2025-10-07 22:00:00,22.1,79,6.2,995.3,0,0.0,100,100.8,123.9,1059.0,36.0,9.9,45.0,42.0,10,22
2025-10-07 23:00:00,21.9,84,6.5,995.7,0,0.0,107,99.2,121.1,1049.0,35.2,10.2,43.0,41.0,10,23
2025-10-08 00:00:00,21.9,85,5.3,995.7,0,0.0,113,93.6,115.0,954.0,32.7,9.9,43.0,40.0,10,0
2025-10-08 01:00:00,21.6,86,5.6,995.9,0,0.0,119,89.6,110.4,804.0,28.9,9.3,45.0,38.0,10,1
2025-10-08 02:00:00,21.1,88,6.0,995.7,0,0.0,126,87.3,107.6,690.0,26.3,8.9,46.0,37.0,10,2
2025-10-08 03:00:00,20.7,89,6.2,995.8,0,0.0,133,87.1,106.9,628.0,26.2,8.8,44.0,37.0,10,3
2025-10-08 04:00:00,20.3,91,6.1,995.6,5,0.0,140,88.0,107.3,602.0,27.4,9.0,40.0,37.0,10,4
2025-10-08 05:00:00,20.3,89,4.3,995.8,0,0.0,147,87.8,106.4,644.0,26.1,8.5,40.0,35.0,10,5
2025-10-08 06:00:00,20.2,90,5.0,996.1,0,0.0,151,87.3,104.3,837.0,25.9,8.2,40.0,30.0,10,6
2025-10-08 07:00:00,20.3,90,5.4,996.7,0,0.0,153,93.4,108.7,1100.0,25.4,7.8,42.0,24.0,10,7
2025-10-08 08:00:00,22.0,83,4.7,997.3,0,0.0,155,89.2,101.3,1219.0,23.0,7.9,54.0,23.0,10,8
2025-10-08 09:00:00,24.2,71,5.6,997.9,0,0.0,156,72.4,91.5,1055.0,16.8,9.0,85.0,31.0,10,9
2025-10-08 10:00:00,25.9,61,5.8,998.2,0,0.0,158,56.0,80.6,747.0,8.7,10.6,125.0,44.0,10,10
2025-10-08 11:00:00,27.0,56,4.3,997.8,1,0.0,159,50.1,78.2,505.0,2.8,11.5,155.0,53.0,10,11
2025-10-08 12:00:00,27.9,53,3.5,997.3,9,0.0,159,46.9,74.5,413.0,0.8,11.2,165.0,55.0,10,12
2025-10-08 13:00:00,28.4,50,3.9,996.3,18,0.0,160,44.7,72.4,386.0,1.0,10.3,164.0,55.0,10,13
2025-10-08 14:00:00,28.7,48,3.6,995.2,9,0.0,161,43.7,70.8,384.0,2.2,9.4,159.0,52.0,10,14
2025-10-08 15:00:00,28.8,47,3.0,994.6,13,0.0,162,43.0,69.4,382.0,4.1,8.8,153.0,48.0,10,15
2025-10-08 16:00:00,28.8,46,2.7,994.1,5,0.0,162,42.7,67.8,405.0,6.9,8.3,142.0,42.0,10,16
2025-10-08 17:00:00,27.7,53,3.6,995.0,11,0.0,163,41.8,57.7,482.0,11.5,7.8,125.0,30.0,10,17
2025-10-08 18:00:00,26.5,65,2.3,995.0,4,0.0,163,54.9,69.6,673.0,18.7,7.9,107.0,28.0,10,18
2025-10-08 19:00:00,25.9,61,2.3,995.3,3,0.0,163,72.4,85.9,919.0,28.5,8.1,82.0,25.0,10,19
2025-10-08 20:00:00,24.2,71,7.2,995.7,0,0.0,163,79.9,92.4,1066.0,35.6,8.4,62.0,23.0,10,20
2025-10-08 21:00:00,23.3,73,6.7,996.3,0,0.0,162,84.8,96.9,1022.0,37.1,8.9,54.0,22.0,10,21
2025-10-08 22:00:00,22.9,76,5.2,996.4,0,0.0,162,93.1,105.2,880.0,35.8,9.4,51.0,23.0,10,22
2025-10-08 23:00:00,22.9,76,6.6,996.2,0,0.0,162,99.9,112.5,767.0,34.8,9.8,48.0,23.0,10,23
2025-10-09 00:00:00,23.0,75,5.5,996.1,0,0.0,162,102.7,115.5,734.0,35.2,9.9,42.0,24.0,10,0
2025-10-09 01:00:00,22.5,78,4.6,996.3,0,0.0,162,106.4,119.7,730.0,35.9,9.8,36.0,24.0,10,1
2025-10-09 02:00:00,22.0,81,5.0,996.2,0,0.0,163,109.9,123.4,733.0,36.5,9.7,31.0,25.0,10,2
2025-10-09 03:00:00,21.2,83,6.7,996.3,0,0.0,163,113.2,126.7,721.0,37.4,9.7,24.0,26.0,10,3
2025-10-09 04:00:00,20.9,82,7.6,996.1,0,0.0,164,115.7,129.5,716.0,38.2,9.8,18.0,26.0,10,4
2025-10-09 05:00:00,21.2,81,6.9,996.5,0,0.0,165,110.4,124.3,757.0,32.6,8.8,25.0,26.0,10,5
2025-10-09 06:00:00,21.1,82,7.0,996.6,0,0.0,166,102.0,115.0,918.0,29.7,8.3,33.0,23.0,10,6
2025-10-09 07:00:00,21.2,83,5.7,997.2,0,0.0,166,100.4,112.5,1124.0,25.5,7.7,45.0,18.0,10,7
2025-10-09 08:00:00,23.0,77,3.7,998.1,0,0.0,166,86.1,95.7,1193.0,20.6,7.4,63.0,18.0,10,8
2025-10-09 09:00:00,25.5,66,4.0,998.7,0,0.0,166,63.8,76.1,988.0,14.4,7.4,93.0,25.0,10,9
2025-10-09 10:00:00,27.6,56,5.2,998.8,0,0.0,166,48.5,65.4,645.0,7.6,7.6,130.0,35.0,10,10
2025-10-09 11:00:00,29.0,49,4.7,998.8,11,0.0,166,47.7,71.7,388.0,2.7,8.4,156.0,46.0,10,11
2025-10-09 12:00:00,29.6,46,3.6,998.2,16,0.0,166,50.1,83.4,315.0,0.9,10.4,165.0,58.0,10,12
2025-10-09 13:00:00,30.1,43,2.3,997.5,16,0.0,166,52.6,90.8,327.0,1.0,13.0,164.0,71.0,10,13
2025-10-09 14:00:00,30.3,42,1.6,996.5,16,0.0,166,54.6,95.5,351.0,2.2,14.6,159.0,78.0,10,14
2025-10-09 15:00:00,30.4,41,1.5,996.0,17,0.0,166,55.8,97.3,341.0,4.5,14.2,149.0,76.0,10,15
2025-10-09 16:00:00,30.2,41,1.5,995.6,14,0.0,167,56.8,98.3,343.0,7.9,12.8,135.0,68.0,10,16
2025-10-09 17:00:00,29.8,44,3.1,995.7,9,0.0,167,51.1,78.0,426.0,11.9,10.2,115.0,51.0,10,17
2025-10-09 18:00:00,27.9,55,3.3,995.6,4,0.0,167,61.5,85.9,675.0,15.9,10.3,102.0,48.0,10,18
2025-10-09 19:00:00,25.9,64,5.5,996.0,2,0.0,167,71.7,94.5,1005.0,21.4,10.5,84.0,44.0,10,19
2025-10-09 20:00:00,24.8,69,6.1,996.3,0,0.0,167,76.6,98.5,1230.0,25.0,10.6,70.0,41.0,10,20
2025-10-09 21:00:00,23.9,73,7.8,996.5,0,0.0,167,81.5,101.7,1260.0,25.3,10.6,64.0,39.0,10,21
2025-10-09 22:00:00,23.4,72,7.7,996.5,0,0.0,167,87.8,106.6,1184.0,23.7,10.6,61.0,37.0,10,22
2025-10-09 23:00:00,23.4,78,8.4,996.2,0,0.0,167,89.2,107.6,1083.0,21.8,10.4,60.0,35.0,10,23
2025-10-10 00:00:00,23.3,78,8.4,996.1,0,0.0,167,84.3,102.4,959.0,19.6,10.0,60.0,34.0,10,0
2025-10-10 01:00:00,22.9,79,7.6,995.8,0,0.0,166,82.0,100.1,810.0,17.0,9.6,62.0,34.0,10,1
2025-10-10 02:00:00,22.4,80,7.5,995.2,0,0.0,166,81.0,98.5,708.0,15.1,9.2,62.0,33.0,10,2
2025-10-10 03:00:00,21.9,81,6.8,995.2,0,0.0,165,80.3,97.6,683.0,14.5,9.0,59.0,32.0,10,3
2025-10-10 04:00:00,21.5,82,6.3,995.0,0,0.0,164,80.3,96.9,707.0,14.6,9.0,55.0,31.0,10,4
2025-10-10 05:00:00,21.6,86,5.1,995.1,0,0.0,163,71.0,83.6,764.0,12.0,9.1,61.0,24.0,10,5
2025-10-10 06:00:00,21.6,85,7.4,995.2,0,0.0,161,68.0,78.9,902.0,13.2,9.1,59.0,20.0,10,6
2025-10-10 07:00:00,21.8,83,7.4,995.5,0,0.0,160,68.0,77.5,1075.0,14.6,9.0,56.0,14.0,10,7
2025-10-10 08:00:00,23.5,77,4.3,996.2,0,0.0,159,64.5,71.7,1125.0,14.4,8.9,62.0,13.0,10,8
2025-10-10 09:00:00,26.0,67,4.2,996.6,0,0.0,159,54.2,63.6,935.0,11.0,8.7,84.0,19.0,10,9
2025-10-10 10:00:00,28.1,55,5.7,996.6,0,0.0,159,48.7,61.5,624.0,6.1,8.5,114.0,28.0,10,10
2025-10-10 11:00:00,30.1,44,6.5,996.6,12,0.0,159,44.0,64.7,387.0,2.4,8.6,136.0,39.0,10,11
2025-10-10 12:00:00,30.8,40,6.1,995.9,16,0.0,158,44.0,74.3,312.0,1.0,9.4,145.0,52.0,10,12
2025-10-10 13:00:00,31.4,38,5.9,995.0,6,0.0,158,45.4,81.5,311.0,1.0,10.5,146.0,66.0,10,13
2025-10-10 14:00:00,31.7,36,6.4,994.4,7,0.0,158,46.4,84.5,323.0,2.0,11.1,142.0,73.0,10,14
2025-10-10 15:00:00,31.8,34,7.1,993.7,4,0.0,158,46.7,84.5,322.0,4.2,10.6,133.0,69.0,10,15
2025-10-10 16:00:00,31.4,34,8.4,993.5,1,0.0,158,47.0,82.7,334.0,7.5,9.5,119.0,59.0,10,16
2025-10-10 17:00:00,30.5,38,6.9,993.4,10,0.0,157,43.0,64.7,373.0,14.8,9.5,103.0,42.0,10,17
2025-10-10 18:00:00,28.9,45,8.1,993.4,3,0.0,157,54.1,74.5,454.0,19.8,9.6,88.0,40.0,10,18
2025-10-10 19:00:00,27.5,48,9.2,993.7,1,0.0,157,65.2,84.3,561.0,26.7,9.8,68.0,37.0,10,19
2025-10-10 20:00:00,26.7,47,8.5,993.9,0,0.0,157,75.4,94.1,661.0,32.1,10.1,51.0,35.0,10,20
2025-10-10 21:00:00,25.9,51,8.1,994.1,0,0.0,157,83.8,102.7,754.0,35.1,10.8,42.0,35.0,10,21
2025-10-10 22:00:00,25.0,55,7.6,994.2,0,0.0,157,95.0,114.8,841.0,36.7,11.8,37.0,37.0,10,22
2025-10-10 23:00:00,24.3,64,6.3,994.0,0,0.0,157,103.4,122.9,886.0,36.1,12.2,35.0,37.0,10,23
2025-10-11 00:00:00,23.7,67,7.2,994.0,0,0.0,157,99.9,118.0,853.0,32.0,11.8,36.0,35.0,10,0
2025-10-11 01:00:00,22.9,71,8.4,993.9,0,0.0,158,89.9,106.4,779.0,25.7,10.9,40.0,31.0,10,1
2025-10-11 02:00:00,22.1,72,8.9,993.9,0,0.0,158,79.4,94.1,738.0,20.4,10.1,44.0,27.0,10,2
2025-10-11 03:00:00,22.0,71,9.3,994.0,0,0.0,158,71.0,83.4,762.0,17.2,9.4,46.0,23.0,10,3
2025-10-11 04:00:00,21.8,69,9.7,994.1,0,0.0,158,64.5,74.5,819.0,15.1,8.8,48.0,19.0,10,4
2025-10-11 05:00:00,22.5,73,10.4,994.6,0,0.0,157,61.7,69.2,884.0,16.2,8.2,44.0,14.0,10,5
2025-10-11 06:00:00,22.2,74,9.3,995.1,0,0.0,157,53.0,57.9,975.0,16.5,7.8,43.0,10.0,10,6
2025-10-11 07:00:00,22.2,74,5.1,995.8,0,0.0,156,52.5,55.6,1074.0,16.6,7.4,42.0,6.0,10,7
2025-10-11 08:00:00,23.5,71,2.0,996.9,0,0.0,156,49.4,51.0,1098.0,15.7,7.6,51.0,3.0,10,8
2025-10-11 09:00:00,25.6,63,1.2,997.3,0,0.0,156,42.6,44.4,987.0,12.6,9.2,80.0,3.0,10,9
2025-10-11 10:00:00,27.8,55,0.9,997.4,0,0.0,155,39.7,42.4,801.0,8.3,11.6,118.0,5.0,10,10
2025-10-11 11:00:00,29.7,48,0.8,997.3,0,0.0,155,38.0,44.0,638.0,4.9,13.3,147.0,11.0,10,11
2025-10-11 12:00:00,31.2,40,1.5,996.9,0,0.0,155,37.4,51.0,524.0,2.9,14.0,158.0,25.0,10,12
2025-10-11 13:00:00,31.9,36,0.7,996.2,0,0.0,155,38.1,60.5,432.0,1.8,14.0,160.0,42.0,10,13
2025-10-11 14:00:00,32.3,34,0.0,995.3,0,0.0,154,38.9,66.6,378.0,2.2,13.6,155.0,53.0,10,14
2025-10-11 15:00:00,32.3,33,1.2,994.8,0,0.0,154,39.5,68.7,321.0,4.6,12.3,144.0,52.0,10,15
2025-10-11 16:00:00,32.1,33,2.4,994.6,0,0.0,154,40.2,68.5,300.0,8.5,10.6,127.0,45.0,10,16
2025-10-11 17:00:00,31.6,31,3.3,994.7,0,0.0,154,35.2,52.2,453.0,12.0,13.1,135.0,33.0,10,17
2025-10-11 18:00:00,29.9,39,3.7,994.9,0,0.0,153,50.4,65.2,961.0,18.5,12.4,112.0,30.0,10,18
2025-10-11 19:00:00,28.2,46,3.1,995.1,0,0.0,153,63.6,76.8,1642.0,27.6,11.5,80.0,26.0,10,19
2025-10-11 20:00:00,26.8,54,2.9,995.4,0,0.0,153,73.3,86.1,2084.0,35.2,11.2,54.0,24.0,10,20
2025-10-11 21:00:00,26.0,59,3.8,995.5,0,0.0,153,85.4,98.5,2065.0,39.7,11.8,40.0,24.0,10,21
2025-10-11 22:00:00,25.2,61,5.9,995.6,0,0.0,153,102.4,115.9,1807.0,42.7,13.0,33.0,25.0,10,22
2025-10-11 23:00:00,24.9,65,4.6,995.2,0,0.0,153,116.2,130.9,1564.0,45.3,14.1,27.0,27.0,10,23
2025-10-12 00:00:00,24.4,67,5.4,995.0,0,0.0,154,122.5,138.8,1420.0,47.9,15.1,22.0,30.0,10,0
2025-10-12 01:00:00,24.1,65,5.4,994.6,0,0.0,155,126.7,145.8,1290.0,50.1,16.1,19.0,34.0,10,1
2025-10-12 02:00:00,23.8,63,6.3,994.3,0,0.0,156,129.9,152.3,1176.0,51.9,16.7,16.0,37.0,10,2
2025-10-12 03:00:00,22.9,66,6.5,994.2,0,0.0,157,135.0,158.8,1057.0,54.2,16.8,10.0,40.0,10,3
2025-10-12 04:00:00,22.3,69,6.0,994.1,0,0.0,159,138.3,163.4,954.0,56.0,16.5,4.0,43.0,10,4
2025-10-12 05:00:00,22.0,75,5.2,994.2,0,0.0,161,115.7,142.0,932.0,41.0,12.7,13.0,46.0,10,5
2025-10-12 06:00:00,22.1,75,5.7,994.6,0,0.0,163,113.2,138.3,1095.0,36.4,12.5,23.0,41.0,10,6
2025-10-12 07:00:00,22.2,75,5.8,995.0,0,0.0,165,116.2,138.8,1339.0,29.8,12.2,39.0,34.0,10,7
2025-10-12 08:00:00,24.0,67,3.6,995.8,0,0.0,167,92.9,109.0,1420.0,23.0,12.3,59.0,30.0,10,8
2025-10-12 09:00:00,26.5,55,3.1,996.3,0,0.0,168,70.8,88.5,1168.0,15.9,13.3,88.0,32.0,10,9
2025-10-12 10:00:00,29.1,45,4.5,996.2,0,0.0,169,49.5,71.2,754.0,8.5,14.7,122.0,37.0,10,10
2025-10-12 11:00:00,31.0,37,6.3,996.2,0,0.0,169,43.0,64.3,440.0,3.3,15.7,147.0,41.0,10,11
2025-10-12 12:00:00,32.0,34,5.8,995.5,0,0.0,169,41.6,63.3,345.0,1.2,16.2,156.0,44.0,10,12
2025-10-12 13:00:00,32.7,33,5.0,994.7,0,0.0,169,41.1,64.5,351.0,1.2,16.3,156.0,46.0,10,13
2025-10-12 14:00:00,33.0,32,5.0,993.8,0,0.0,169,40.3,64.3,370.0,2.3,15.6,151.0,46.0,10,14
2025-10-12 15:00:00,33.1,31,5.5,993.3,0,0.0,169,39.3,63.1,352.0,4.4,13.6,140.0,42.0,10,15
2025-10-12 16:00:00,32.6,32,7.4,993.0,0,0.0,169,39.1,59.8,347.0,7.6,10.9,123.0,36.0,10,16
2025-10-12 17:00:00,31.8,32,8.9,993.1,0,0.0,169,47.3,68.5,422.0,14.0,12.2,115.0,41.0,10,17
2025-10-12 18:00:00,30.7,35,7.2,993.4,0,0.0,170,57.7,75.9,647.0,18.1,11.3,99.0,38.0,10,18
2025-10-12 19:00:00,29.6,39,6.5,993.7,0,0.0,170,65.4,81.7,953.0,23.9,10.2,75.0,33.0,10,19
2025-10-12 20:00:00,27.8,47,5.9,994.4,0,0.0,170,72.9,88.7,1197.0,29.2,9.6,56.0,30.0,10,20
2025-10-12 21:00:00,27.4,49,4.2,994.8,0,0.0,170,84.1,100.6,1329.0,33.8,10.3,44.0,30.0,10,21
2025-10-12 22:00:00,26.4,53,3.6,994.8,0,0.0,170,100.1,117.8,1400.0,38.0,11.5,35.0,33.0,10,22
2025-10-12 23:00:00,25.6,59,8.8,994.9,0,0.0,170,113.2,131.3,1418.0,40.2,12.3,29.0,34.0,10,23
2025-10-13 00:00:00,25.2,61,8.0,994.5,0,0.0,170,116.9,135.0,1347.0,39.5,12.0,26.0,34.0,10,0
2025-10-13 01:00:00,24.3,64,8.4,994.6,0,0.0,170,115.9,133.6,1223.0,36.9,11.2,25.0,32.0,10,1
2025-10-13 02:00:00,23.4,66,8.9,994.1,0,0.0,169,110.8,127.6,1163.0,33.4,10.5,27.0,31.0,10,2
2025-10-13 03:00:00,22.9,67,7.9,993.9,0,0.0,169,100.8,116.4,1242.0,28.8,10.3,32.0,30.0,10,3
2025-10-13 04:00:00,22.2,69,6.0,993.9,0,0.0,168,91.5,106.6,1385.0,23.3,10.2,39.0,28.0,10,4
2025-10-13 05:00:00,22.4,68,8.2,994.1,0,0.0,166,99.2,114.1,1479.0,25.3,10.0,35.0,28.0,10,5
2025-10-13 06:00:00,21.9,69,8.6,994.5,0,0.0,166,90.6,103.6,1492.0,24.3,9.9,38.0,24.0,10,6
2025-10-13 07:00:00,21.9,68,7.7,995.3,0,0.0,165,91.7,103.4,1456.0,22.7,9.7,44.0,19.0,10,7
2025-10-13 08:00:00,23.5,62,3.8,996.0,0,0.0,164,84.1,92.4,1354.0,20.0,9.9,58.0,16.0,10,8
2025-10-13 09:00:00,25.9,53,3.1,996.5,0,0.0,164,72.9,82.0,1145.0,15.1,10.9,89.0,18.0,10,9
2025-10-13 10:00:00,28.4,45,2.8,996.5,0,0.0,164,56.9,68.2,871.0,9.0,12.2,128.0,22.0,10,10
2025-10-13 11:00:00,30.9,39,3.2,996.3,0,0.0,164,47.6,61.7,641.0,4.4,13.1,156.0,27.0,10,11
2025-10-13 12:00:00,32.5,33,3.6,995.7,0,0.0,165,41.0,58.8,493.0,2.3,13.3,164.0,34.0,10,12
2025-10-13 13:00:00,33.5,28,4.3,995.1,0,0.0,165,37.1,58.9,390.0,1.6,13.0,160.0,42.0,10,13
2025-10-13 14:00:00,33.9,26,4.8,994.4,0,0.0,164,36.2,59.8,329.0,2.2,12.3,152.0,46.0,10,14
2025-10-13 15:00:00,33.9,25,5.5,993.8,0,0.0,164,36.1,59.8,288.0,4.2,11.0,141.0,43.0,10,15
2025-10-13 16:00:00,33.4,26,6.7,993.5,0,0.0,164,37.4,57.3,290.0,7.5,9.3,126.0,36.0,10,16
2025-10-13 17:00:00,32.7,27,7.3,993.5,0,0.0,164,41.0,54.9,403.0,13.1,8.9,105.0,27.0,10,17
2025-10-13 18:00:00,31.3,33,8.0,993.7,0,0.0,164,52.5,64.3,714.0,16.2,9.2,95.0,24.0,10,18
2025-10-13 19:00:00,29.4,39,9.2,994.1,0,0.0,164,59.1,69.6,1137.0,20.5,9.6,82.0,21.0,10,19
2025-10-13 20:00:00,27.8,43,8.6,994.6,0,0.0,164,64.0,73.6,1476.0,24.1,10.1,70.0,18.0,10,20
2025-10-13 21:00:00,26.6,45,6.4,995.1,0,0.0,163,70.1,79.6,1687.0,26.6,11.0,63.0,18.0,10,21
2025-10-13 22:00:00,25.8,48,3.7,995.0,0,0.0,163,82.4,92.2,1814.0,28.3,12.0,58.0,19.0,10,22
2025-10-13 23:00:00,25.4,55,7.3,995.0,0,0.0,162,93.6,103.6,1798.0,28.8,12.6,54.0,19.0,10,23
2025-10-14 00:00:00,25.0,55,8.8,994.6,0,0.0,162,96.6,106.6,1535.0,27.5,12.6,52.0,18.0,10,0
2025-10-14 01:00:00,24.3,57,8.5,994.2,0,0.0,161,96.2,105.7,1130.0,24.9,12.1,52.0,17.0,10,1
2025-10-14 02:00:00,23.5,59,9.0,993.7,0,0.0,161,89.4,98.7,831.0,22.1,11.7,52.0,17.0,10,2
2025-10-14 03:00:00,22.7,61,9.6,993.2,0,0.0,160,79.9,88.0,746.0,18.9,11.3,53.0,17.0,10,3
2025-10-14 04:00:00,22.1,63,9.5,993.0,0,0.0,159,70.5,79.2,768.0,15.5,10.9,56.0,18.0,10,4
2025-10-14 05:00:00,22.2,66,8.8,993.4,0,0.0,159,80.6,90.8,828.0,19.3,10.5,42.0,19.0,10,5
2025-10-14 06:00:00,21.9,67,8.7,993.6,0,0.0,158,72.2,83.4,945.0,19.5,10.4,40.0,20.0,10,6
2025-10-14 07:00:00,21.9,67,7.3,994.0,0,0.0,158,73.1,86.4,1100.0,19.6,10.3,39.0,20.0,10,7
2025-10-14 08:00:00,23.3,61,2.3,994.7,0,0.0,157,66.4,78.5,1163.0,18.3,10.5,48.0,23.0,10,8
2025-10-14 09:00:00,25.8,52,2.0,995.2,0,0.0,157,56.5,73.1,1054.0,14.5,11.3,79.0,29.0,10,9
2025-10-14 10:00:00,28.3,43,2.2,995.4,0,0.0,156,46.3,67.1,853.0,9.3,12.4,120.0,37.0,10,10
2025-10-14 11:00:00,30.7,37,2.4,995.1,0,0.0,156,41.9,63.1,669.0,5.2,13.0,150.0,41.0,10,11
2025-10-14 12:00:00,32.5,31,3.0,994.4,0,0.0,156,37.7,58.8,527.0,3.0,12.6,160.0,40.0,10,12
2025-10-14 13:00:00,33.6,24,5.7,993.6,0,0.0,156,34.6,53.1,403.0,1.8,11.6,159.0,36.0,10,13
2025-10-14 14:00:00,33.9,23,7.6,992.7,0,0.0,155,33.3,49.2,333.0,2.1,10.7,153.0,31.0,10,14
2025-10-14 15:00:00,33.7,24,8.4,992.2,0,0.0,155,32.7,46.8,310.0,4.1,9.9,143.0,26.0,10,15
2025-10-14 16:00:00,33.2,26,8.3,991.9,0,0.0,155,34.1,44.7,341.0,7.6,9.2,129.0,21.0,10,16
2025-10-14 17:00:00,32.4,28,7.1,991.6,0,0.0,155,32.4,38.3,483.0,13.1,8.9,108.0,11.0,10,17
2025-10-14 18:00:00,31.2,32,5.5,991.9,0,0.0,155,43.4,49.2,847.0,17.1,9.3,97.0,11.0,10,18
2025-10-14 19:00:00,29.6,39,6.9,992.2,0,0.0,155,51.3,57.3,1321.0,22.4,9.9,82.0,11.0,10,19
2025-10-14 20:00:00,27.8,47,6.4,992.5,0,0.0,154,57.2,63.1,1634.0,25.9,10.3,71.0,11.0,10,20
2025-10-14 21:00:00,26.3,52,7.6,992.9,0,0.0,154,61.5,67.3,1644.0,25.9,10.5,67.0,11.0,10,21
2025-10-14 22:00:00,25.4,53,9.6,992.9,0,0.0,154,64.7,70.3,1492.0,24.0,10.6,67.0,11.0,10,22
2025-10-14 23:00:00,24.9,55,9.7,992.9,0,0.0,153,64.0,69.4,1325.0,21.6,10.6,67.0,10.0,10,23
2025-10-15 00:00:00,24.7,51,9.9,992.8,0,0.0,153,58.0,62.2,1181.0,18.8,10.4,68.0,8.0,10,0
2025-10-15 01:00:00,24.2,49,11.2,993.0,0,0.0,151,50.5,53.1,1022.0,15.5,10.1,69.0,4.0,10,1
2025-10-15 02:00:00,23.6,50,11.6,992.5,0,0.0,150,42.7,44.6,884.0,13.1,9.8,69.0,3.0,10,2
2025-10-15 03:00:00,22.9,52,12.1,992.6,0,0.0,145,36.0,38.5,762.0,12.0,9.5,65.0,5.0,10,3
2025-10-15 04:00:00,22.4,52,11.5,992.4,0,0.0,141,31.2,35.6,661.0,11.8,9.3,60.0,9.0,10,4
2025-10-15 05:00:00,22.3,55,11.2,992.9,0,0.0,136,23.2,30.3,629.0,11.1,9.0,59.0,13.0,10,5
2025-10-15 06:00:00,22.0,56,6.7,993.4,0,0.0,131,22.9,31.7,730.0,12.7,8.6,52.0,13.0,10,6
2025-10-15 07:00:00,21.8,58,3.6,994.3,0,0.0,125,27.6,37.0,900.0,14.8,7.9,45.0,14.0,10,7
2025-10-15 08:00:00,23.0,54,3.1,995.2,0,0.0,121,30.9,38.5,992.0,15.4,7.5,48.0,14.0,10,8
2025-10-15 09:00:00,25.2,47,1.3,995.8,0,0.0,117,27.7,37.0,928.0,12.9,7.4,72.0,14.0,10,9
2025-10-15 10:00:00,27.3,41,0.6,995.8,0,0.0,114,27.8,35.9,786.0,8.9,7.5,107.0,13.0,10,10
2025-10-15 11:00:00,29.3,37,1.4,995.7,0,0.0,112,28.1,35.0,656.0,5.7,7.6,136.0,13.0,10,11
2025-10-15 12:00:00,31.2,33,2.4,995.2,0,0.0,111,28.0,34.3,565.0,3.8,7.7,154.0,13.0,10,12
2025-10-15 13:00:00,32.4,31,2.8,994.6,0,0.0,110,27.1,33.3,485.0,2.8,7.9,165.0,13.0,10,13
2025-10-15 14:00:00,33.2,28,4.3,993.7,0,0.0,109,26.0,32.1,426.0,3.1,7.9,167.0,12.0,10,14
2025-10-15 15:00:00,33.5,25,7.1,993.5,0,0.0,108,24.6,30.7,361.0,5.1,7.6,156.0,11.0,10,15
2025-10-15 16:00:00,32.8,26,9.5,993.2,0,0.0,107,24.6,30.3,317.0,8.5,7.1,136.0,9.0,10,16
2025-10-15 17:00:00,32.2,26,7.2,993.3,0,0.0,106,32.6,38.2,380.0,14.0,7.4,104.0,11.0,10,17
2025-10-15 18:00:00,30.6,31,7.2,993.6,0,0.0,106,46.3,51.8,657.0,22.7,8.5,89.0,11.0,10,18
2025-10-15 19:00:00,29.0,37,7.6,993.8,0,0.0,107,61.7,67.3,1041.0,34.6,10.1,68.0,11.0,10,19
2025-10-15 20:00:00,27.7,42,6.9,994.0,0,0.0,108,76.1,82.0,1295.0,43.0,11.3,52.0,11.0,10,20
2025-10-15 21:00:00,26.8,46,5.8,994.5,0,0.0,110,89.4,95.0,1298.0,45.4,11.9,44.0,11.0,10,21
2025-10-15 22:00:00,25.8,50,6.5,994.5,0,0.0,112,99.9,105.2,1172.0,44.3,12.1,40.0,10.0,10,22
2025-10-15 23:00:00,24.9,57,5.6,994.6,0,0.0,116,98.5,103.4,1046.0,40.4,11.9,40.0,9.0,10,23
2025-10-16 00:00:00,24.2,61,6.2,994.2,0,0.0,120,80.1,84.1,954.0,32.1,10.9,47.0,8.0,10,0
2025-10-16 01:00:00,23.7,61,7.2,994.3,0,0.0,122,61.7,64.7,863.0,21.1,9.5,59.0,6.0,10,1
2025-10-16 02:00:00,23.2,60,6.8,994.1,0,0.0,123,52.2,54.8,800.0,12.9,8.5,68.0,5.0,10,2
2025-10-16 03:00:00,22.7,61,6.2,994.1,0,0.0,124,47.1,49.4,764.0,10.1,8.4,70.0,4.0,10,3
2025-10-16 04:00:00,22.2,62,5.4,993.9,0,0.0,125,43.8,45.5,757.0,10.2,8.7,68.0,3.0,10,4
2025-10-16 05:00:00,22.2,66,5.1,993.9,0,0.0,127,55.1,58.2,806.0,11.9,8.9,61.0,6.0,10,5
2025-10-16 06:00:00,21.9,67,6.3,994.4,0,0.0,130,53.1,55.9,987.0,13.9,8.9,57.0,5.0,10,6
2025-10-16 07:00:00,21.8,67,6.8,995.1,0,0.0,133,57.3,60.1,1226.0,16.4,8.8,53.0,4.0,10,7
2025-10-16 08:00:00,23.4,61,2.5,995.6,0,0.0,136,49.8,52.4,1322.0,17.0,9.2,59.0,5.0,10,8
2025-10-16 09:00:00,26.0,51,0.7,996.3,0,0.0,138,37.3,42.3,1144.0,13.9,10.6,85.0,10.0,10,9
2025-10-16 10:00:00,28.6,42,1.1,996.5,0,0.0,139,30.4,39.2,824.0,9.0,12.3,121.0,16.0,10,10
2025-10-16 11:00:00,31.0,35,3.8,995.8,0,0.0,139,24.2,34.8,563.0,5.0,12.9,148.0,20.0,10,11
2025-10-16 12:00:00,32.6,29,5.3,995.3,0,0.0,139,22.3,29.7,434.0,2.7,11.2,158.0,18.0,10,12
2025-10-16 13:00:00,33.2,27,5.4,994.5,0,0.0,138,21.9,27.9,363.0,1.4,8.3,159.0,14.0,10,13
2025-10-16 14:00:00,33.5,26,5.6,993.7,0,0.0,138,20.7,25.8,329.0,1.8,6.1,155.0,10.0,10,14
2025-10-16 15:00:00,33.5,26,6.4,993.5,0,0.0,137,20.0,24.7,315.0,4.4,5.4,144.0,8.0,10,15
2025-10-16 16:00:00,33.1,26,7.2,993.4,0,0.0,137,22.8,26.5,339.0,8.7,5.3,128.0,7.0,10,16
2025-10-16 17:00:00,32.4,27,7.0,993.4,0,0.0,137,29.8,32.7,432.0,15.4,5.9,110.0,6.0,10,17
2025-10-16 18:00:00,30.8,31,7.5,993.5,0,0.0,136,43.2,46.2,654.0,21.2,6.7,98.0,6.0,10,18
2025-10-16 19:00:00,29.5,34,6.7,994.1,0,0.0,136,55.4,58.7,944.0,29.0,7.9,80.0,6.0,10,19
2025-10-16 20:00:00,28.1,37,6.1,994.7,0,0.0,135,63.8,67.1,1153.0,34.6,8.9,67.0,6.0,10,20
2025-10-16 21:00:00,27.1,40,6.0,995.3,0,0.0,134,71.0,74.3,1209.0,36.0,9.8,61.0,6.0,10,21
2025-10-16 22:00:00,26.3,42,5.7,995.5,0,0.0,132,81.3,84.5,1183.0,35.1,10.5,59.0,6.0,10,22
2025-10-16 23:00:00,25.5,47,3.4,995.5,0,0.0,130,87.3,90.6,1139.0,32.8,10.8,58.0,6.0,10,23
2025-10-17 00:00:00,24.7,51,6.0,995.2,0,0.0,129,84.8,87.8,1092.0,28.7,10.2,59.0,5.0,10,0
2025-10-17 01:00:00,24.1,54,7.3,995.0,0,0.0,130,78.0,80.6,1028.0,23.3,9.1,61.0,5.0,10,1
2025-10-17 02:00:00,23.6,57,8.1,995.1,0,0.0,131,70.8,73.1,964.0,18.8,8.2,63.0,4.0,10,2
2025-10-17 03:00:00,23.0,59,9.1,995.0,0,0.0,133,65.4,67.5,886.0,15.9,7.7,63.0,4.0,10,3
2025-10-17 04:00:00,22.5,61,9.3,995.0,0,0.0,135,61.7,63.8,808.0,13.8,7.4,63.0,4.0,10,4
2025-10-17 05:00:00,23.0,64,8.2,995.1,0,0.0,137,54.8,57.6,792.0,11.7,9.2,65.0,5.0,10,5
2025-10-17 06:00:00,22.7,66,8.7,995.6,0,0.0,137,50.2,53.2,917.0,12.6,10.8,64.0,5.0,10,6
2025-10-17 07:00:00,22.5,68,8.5,996.2,0,0.0,137,50.3,54.0,1104.0,13.6,12.9,64.0,6.0,10,7
2025-10-17 08:00:00,24.2,63,3.7,997.0,0,0.0,136,45.8,49.6,1182.0,13.4,14.5,72.0,7.0,10,8
2025-10-17 09:00:00,26.6,54,0.6,997.7,0,0.0,136,40.4,47.0,1042.0,10.8,15.3,94.0,11.0,10,9
2025-10-17 10:00:00,29.2,46,0.7,997.9,0,0.0,136,36.7,45.5,793.0,6.9,15.5,124.0,16.0,10,10
2025-10-17 11:00:00,31.7,37,3.4,997.5,0,0.0,137,31.2,41.2,587.0,3.8,15.0,146.0,19.0,10,11
2025-10-17 12:00:00,33.0,31,3.7,996.7,0,0.0,137,27.1,36.1,478.0,2.0,13.3,156.0,18.0,10,12
2025-10-17 13:00:00,33.6,29,3.5,996.0,0,0.0,138,24.9,31.8,413.0,1.1,10.8,159.0,14.0,10,13
2025-10-17 14:00:00,34.0,28,4.2,995.1,0,0.0,138,24.4,30.3,379.0,1.8,8.9,156.0,11.0,10,14
2025-10-17 15:00:00,34.0,27,5.5,994.8,0,0.0,138,24.7,29.9,352.0,4.6,7.9,146.0,9.0,10,15
2025-10-17 16:00:00,33.6,28,7.2,994.5,0,0.0,139,27.9,31.9,356.0,9.1,7.4,129.0,7.0,10,16
2025-10-17 17:00:00,33.0,28,7.3,994.4,0,0.0,139,38.4,42.4,459.0,15.1,7.6,111.0,8.0,10,17
2025-10-17 18:00:00,31.4,32,6.7,994.8,0,0.0,140,52.0,56.1,753.0,21.9,8.5,98.0,8.0,10,18
2025-10-17 19:00:00,30.3,35,6.9,995.1,0,0.0,141,65.7,69.8,1146.0,31.3,9.8,81.0,8.0,10,19
2025-10-17 20:00:00,29.6,37,7.7,995.6,0,0.0,142,78.5,82.9,1420.0,38.0,10.9,67.0,8.0,10,20
2025-10-17 21:00:00,28.5,40,7.6,996.0,0,0.0,144,88.7,93.1,1475.0,39.9,11.8,61.0,8.0,10,21
2025-10-17 22:00:00,27.1,45,7.0,996.2,0,0.0,146,99.4,103.8,1412.0,39.1,12.6,58.0,8.0,10,22
2025-10-17 23:00:00,26.3,51,5.6,996.2,0,0.0,148,105.9,110.1,1320.0,37.0,12.8,57.0,8.0,10,23
2025-10-18 00:00:00,25.6,55,5.6,995.7,0,0.0,150,103.4,107.3,1206.0,33.5,12.3,57.0,7.0,10,0
2025-10-18 01:00:00,25.0,59,5.9,995.6,0,0.0,150,98.5,102.2,1062.0,28.7,11.2,57.0,7.0,10,1
2025-10-18 02:00:00,24.2,62,5.9,995.1,0,0.0,151,92.4,95.9,952.0,24.3,10.2,58.0,6.0,10,2
2025-10-18 03:00:00,23.7,64,6.2,995.1,0,0.0,152,84.8,87.5,891.0,20.5,9.3,58.0,6.0,10,3
2025-10-18 04:00:00,23.2,65,6.7,995.3,0,0.0,152,78.2,81.0,863.0,17.1,8.5,57.0,5.0,10,4
2025-10-18 05:00:00,23.1,68,5.7,995.4,0,0.0,153,78.9,81.7,891.0,15.3,8.2,57.0,5.0,10,5
2025-10-18 06:00:00,23.0,66,6.1,995.7,0,0.0,153,74.0,76.8,1046.0,17.3,8.3,53.0,5.0,10,6
2025-10-18 07:00:00,22.8,67,6.4,996.1,0,0.0,154,78.9,82.4,1256.0,19.9,8.5,50.0,5.0,10,7
2025-10-18 08:00:00,24.5,60,4.6,996.7,0,0.0,155,72.4,75.4,1324.0,20.1,8.8,58.0,6.0,10,8
2025-10-18 09:00:00,27.3,51,1.5,997.5,0,0.0,156,58.6,63.3,1109.0,15.7,9.6,90.0,7.0,10,9
2025-10-18 10:00:00,29.7,43,1.9,997.5,0,0.0,156,48.0,55.1,753.0,9.0,10.5,133.0,9.0,10,10
2025-10-18 11:00:00,31.9,35,4.2,997.1,0,0.0,157,39.9,45.3,482.0,3.9,10.7,165.0,10.0,10,11
2025-10-18 12:00:00,32.8,32,3.8,996.4,0,0.0,157,35.2,39.2,398.0,1.7,9.4,175.0,9.0,10,12
2025-10-18 13:00:00,33.4,30,4.1,995.3,0,0.0,157,32.8,36.6,401.0,1.1,7.3,172.0,8.0,10,13
2025-10-18 14:00:00,33.7,29,5.0,994.5,0,0.0,157,31.7,35.0,414.0,2.0,5.7,165.0,6.0,10,14
2025-10-18 15:00:00,33.6,29,6.2,994.0,0,0.0,158,30.7,33.9,397.0,4.9,5.1,152.0,5.0,10,15
2025-10-18 16:00:00,33.1,30,8.2,993.5,0,0.0,158,33.8,36.1,392.0,9.3,4.9,135.0,4.0,10,16
2025-10-18 17:00:00,32.3,31,9.0,993.6,0,0.0,158,45.4,49.9,446.0,14.7,4.8,110.0,8.0,10,17
2025-10-18 18:00:00,30.6,35,9.8,993.8,0,0.0,158,58.2,62.6,614.0,21.4,6.0,96.0,8.0,10,18
2025-10-18 19:00:00,29.8,37,8.3,994.1,0,0.0,158,70.8,75.4,842.0,30.6,7.7,78.0,9.0,10,19
2025-10-18 20:00:00,28.5,43,7.4,994.4,0,0.0,159,80.3,85.2,1015.0,36.3,9.0,64.0,9.0,10,20
2025-10-18 21:00:00,27.3,48,6.1,994.6,0,0.0,159,85.9,90.8,1086.0,35.7,9.6,60.0,10.0,10,21
2025-10-18 22:00:00,26.6,51,5.8,994.7,0,0.0,159,89.4,94.8,1103.0,31.6,9.9,61.0,10.0,10,22
2025-10-18 23:00:00,26.1,55,6.2,994.8,0,0.0,158,85.2,91.0,1095.0,27.0,9.9,63.0,11.0,10,23
2025-10-19 00:00:00,25.4,57,7.4,994.6,0,0.0,158,73.8,80.1,1062.0,22.3,9.3,64.0,12.0,10,0
2025-10-19 01:00:00,24.5,61,8.3,994.3,0,0.0,157,64.3,71.5,1005.0,17.1,8.5,66.0,12.0,10,1
2025-10-19 02:00:00,23.7,65,7.6,994.0,0,0.0,156,57.7,65.9,955.0,13.2,8.3,68.0,15.0,10,2
2025-10-19 03:00:00,23.1,65,7.8,994.0,0,0.0,155,53.9,64.3,913.0,11.4,9.2,69.0,21.0,10,3
2025-10-19 04:00:00,22.7,64,8.1,993.9,0,0.0,154,51.8,65.9,879.0,11.0,10.8,69.0,28.0,10,4
2025-10-19 05:00:00,22.9,67,8.4,994.4,0,0.0,153,40.2,64.5,885.0,9.2,14.1,76.0,45.0,10,5
2025-10-19 06:00:00,22.4,68,7.1,994.7,0,0.0,152,42.1,76.1,987.0,11.8,14.7,71.0,53.0,10,6
2025-10-19 07:00:00,22.2,69,5.8,995.4,0,0.0,151,50.4,96.6,1128.0,15.2,15.5,65.0,65.0,10,7
2025-10-19 08:00:00,23.6,64,3.3,996.4,0,0.0,150,50.6,95.5,1175.0,16.5,15.7,68.0,84.0,10,8
2025-10-19 09:00:00,26.3,53,2.5,997.0,0,0.0,148,44.7,110.6,1041.0,13.5,14.8,90.0,120.0,10,9
2025-10-19 10:00:00,28.9,43,1.9,997.1,0,0.0,146,46.7,135.5,811.0,8.4,13.2,122.0,162.0,10,10
2025-10-19 11:00:00,30.8,38,0.3,996.9,0,0.0,146,45.4,141.1,610.0,4.3,11.4,146.0,181.0,10,11
2025-10-19 12:00:00,32.7,31,1.5,996.3,0,0.0,147,36.4,113.6,472.0,2.1,9.2,154.0,156.0,10,12
2025-10-19 13:00:00,33.8,23,3.7,995.3,0,0.0,147,30.2,81.7,363.0,1.0,6.9,154.0,108.0,10,13
2025-10-19 14:00:00,34.2,20,6.1,994.2,0,0.0,147,25.9,62.2,296.0,1.8,5.1,148.0,70.0,10,14
2025-10-19 15:00:00,34.1,20,8.0,993.5,0,0.0,146,23.6,55.2,268.0,5.7,4.3,135.0,54.0,10,15
2025-10-19 16:00:00,33.5,21,9.0,992.9,0,0.0,145,26.9,53.1,283.0,11.6,4.2,117.0,48.0,10,16
2025-10-19 17:00:00,32.6,23,8.8,993.0,0,0.0,145,40.7,60.1,369.0,15.0,5.0,99.0,37.0,10,17
2025-10-19 18:00:00,31.2,25,9.4,993.2,0,0.0,144,49.0,67.5,594.0,17.4,5.8,92.0,34.0,10,18
2025-10-19 19:00:00,30.5,25,7.4,993.5,0,0.0,143,53.9,70.1,891.0,20.5,7.0,81.0,29.0,10,19
2025-10-19 20:00:00,29.5,27,5.7,993.8,0,0.0,141,56.3,69.4,1084.0,22.2,8.0,74.0,24.0,10,20
2025-10-19 21:00:00,27.7,32,8.5,994.2,0,0.0,139,58.1,68.2,1077.0,21.1,8.6,72.0,18.0,10,21
2025-10-19 22:00:00,26.7,38,7.9,994.3,0,0.0,136,60.1,67.3,966.0,18.6,9.0,72.0,12.0,10,22
2025-10-19 23:00:00,25.9,45,3.4,994.2,0,0.0,133,58.9,63.3,870.0,16.2,9.3,73.0,8.0,10,23
2025-10-20 00:00:00,25.3,47,2.5,994.1,1,0.0,130,55.1,57.3,827.0,14.5,9.5,73.0,6.0,10,0
2025-10-20 01:00:00,24.8,49,4.2,994.0,1,0.0,128,51.7,54.5,799.0,12.9,9.7,72.0,7.0,10,1
2025-10-20 02:00:00,23.9,52,5.1,993.8,0,0.0,127,49.1,55.6,789.0,11.9,9.9,72.0,12.0,10,2
2025-10-20 03:00:00,23.5,54,3.5,993.8,0,0.0,126,46.9,60.1,782.0,11.2,10.3,73.0,25.0,10,3
2025-10-20 04:00:00,23.1,57,3.8,993.6,0,0.0,125,44.8,65.7,793.0,11.0,10.7,75.0,41.0,10,4
2025-10-20 05:00:00,22.9,61,5.9,994.1,0,0.0,125,40.5,66.6,872.0,10.7,10.4,73.0,49.0,10,5
2025-10-20 06:00:00,22.3,64,6.1,994.5,0,0.0,125,40.6,71.5,1114.0,14.1,10.5,66.0,48.0,10,6
2025-10-20 07:00:00,22.1,67,4.3,995.1,0,0.0,124,48.9,83.8,1425.0,18.6,10.6,56.0,48.0,10,7
2025-10-20 08:00:00,23.6,62,1.0,995.8,0,0.0,124,50.6,77.5,1570.0,20.4,10.8,59.0,51.0,10,8
2025-10-20 09:00:00,26.2,53,0.7,996.7,0,0.0,124,39.2,74.7,1403.0,16.8,11.3,84.0,60.0,10,9
2025-10-20 10:00:00,28.7,46,0.7,996.7,0,0.0,124,36.4,80.1,1070.0,10.4,11.9,121.0,73.0,10,10
2025-10-20 11:00:00,30.6,42,2.7,996.4,8,0.0,123,35.9,78.9,776.0,5.3,11.9,149.0,83.0,10,11
2025-10-20 12:00:00,32.6,27,5.0,995.9,30,0.0,122,34.2,75.9,582.0,2.6,10.9,162.0,89.0,10,12
2025-10-20 13:00:00,33.1,23,5.8,995.0,30,0.0,121,31.0,79.2,426.0,1.2,9.4,167.0,92.0,10,13
2025-10-20 14:00:00,33.5,22,6.7,994.1,41,0.0,121,31.4,78.7,327.0,2.2,8.2,165.0,91.0,10,14
2025-10-20 15:00:00,33.3,21,8.2,993.8,32,0.0,122,32.4,77.8,293.0,6.7,7.6,153.0,83.0,10,15
2025-10-20 16:00:00,33.0,21,8.2,993.6,19,0.0,123,39.9,74.3,316.0,13.5,7.3,135.0,70.0,10,16
2025-10-20 17:00:00,31.9,21,3.5,993.4,11,0.0,124,51.1,88.9,386.0,16.5,8.0,112.0,72.0,10,17
2025-10-20 18:00:00,30.1,26,6.6,994.0,6,0.0,125,60.1,98.0,539.0,20.0,8.8,102.0,69.0,10,18
2025-10-20 19:00:00,28.8,33,10.6,994.5,10,0.0,127,66.4,101.3,740.0,24.8,10.0,88.0,65.0,10,19
2025-10-20 20:00:00,28.1,34,10.9,995.0,11,0.0,128,69.4,101.5,870.0,27.6,10.9,78.0,61.0,10,20
2025-10-20 21:00:00,27.3,36,10.6,995.5,4,0.0,129,70.5,100.4,862.0,26.8,11.5,75.0,56.0,10,21
2025-10-20 22:00:00,26.4,40,10.2,995.7,2,0.0,131,71.7,99.4,783.0,24.1,11.8,76.0,51.0,10,22
2025-10-20 23:00:00,25.5,48,8.5,995.6,3,0.0,132,70.5,94.5,717.0,21.4,11.9,75.0,45.0,10,23
2025-10-21 00:00:00,25.2,50,7.3,995.8,2,0.0,133,66.8,86.1,691.0,19.2,11.6,72.0,37.0,10,0
2025-10-21 01:00:00,24.9,51,6.4,995.6,1,0.0,134,65.4,80.1,677.0,17.0,11.0,68.0,28.0,10,1
2025-10-21 02:00:00,24.3,53,6.1,995.5,0,0.0,136,66.1,77.3,679.0,15.7,10.3,63.0,21.0,10,2
2025-10-21 03:00:00,23.7,55,5.8,995.7,7,0.0,137,68.7,77.5,685.0,15.7,9.4,56.0,16.0,10,3
2025-10-21 04:00:00,23.1,57,6.5,995.8,23,0.0,140,71.0,77.8,705.0,16.5,8.5,47.0,13.0,10,4
2025-10-21 05:00:00,22.8,61,7.1,995.9,27,0.0,142,46.8,50.9,777.0,10.7,11.1,72.0,8.0,10,5
2025-10-21 06:00:00,22.5,63,8.5,996.4,12,0.0,143,51.8,55.2,979.0,14.3,10.4,62.0,6.0,10,6
2025-10-21 07:00:00,22.3,64,7.2,997.2,4,0.0,144,60.5,63.8,1232.0,19.1,9.5,51.0,4.0,10,7
2025-10-21 08:00:00,23.7,60,6.3,998.1,5,0.0,145,61.2,64.5,1332.0,21.0,9.2,52.0,6.0,10,8
2025-10-21 09:00:00,26.7,47,4.9,998.7,8,0.0,147,56.7,61.0,1137.0,17.5,10.1,79.0,13.0,10,9
2025-10-21 10:00:00,29.7,35,5.6,998.7,5,0.0,148,49.9,59.6,791.0,11.1,11.6,119.0,25.0,10,10
2025-10-21 11:00:00,31.8,30,6.4,998.5,17,0.0,150,44.4,63.8,516.0,6.1,12.4,150.0,37.0,10,11
2025-10-21 12:00:00,33.0,23,6.3,997.7,13,0.0,150,43.9,73.3,404.0,3.5,11.9,166.0,53.0,10,12
2025-10-21 13:00:00,33.4,21,6.0,996.9,23,0.0,150,45.3,82.4,365.0,2.1,10.7,173.0,71.0,10,13
2025-10-21 14:00:00,33.6,21,7.6,995.8,9,0.0,151,47.3,88.9,350.0,2.9,9.7,172.0,80.0,10,14
2025-10-21 15:00:00,33.4,22,9.9,995.6,12,0.0,151,47.5,87.8,334.0,6.8,8.9,159.0,74.0,10,15
2025-10-21 16:00:00,32.7,22,11.6,995.5,9,0.0,152,51.0,80.8,344.0,12.8,8.3,137.0,60.0,10,16
2025-10-21 17:00:00,31.8,25,9.5,995.7,18,0.0,152,63.1,80.3,407.0,17.8,8.9,105.0,32.0,10,17
2025-10-21 18:00:00,30.4,28,8.8,996.5,3,0.0,153,75.9,92.2,571.0,23.9,10.1,94.0,31.0,10,18
2025-10-21 19:00:00,29.6,30,8.2,996.8,1,0.0,153,87.1,102.9,788.0,32.3,11.8,78.0,30.0,10,19
2025-10-21 20:00:00,28.9,32,8.3,997.1,0,0.0,154,96.9,112.5,950.0,38.2,13.3,66.0,29.0,10,20
2025-10-21 21:00:00,27.8,36,7.0,997.3,0,0.0,154,104.8,119.7,1008.0,39.1,14.3,63.0,28.0,10,21
2025-10-21 22:00:00,26.3,41,7.1,997.5,0,0.0,155,112.9,127.6,1010.0,37.5,15.0,63.0,28.0,10,22
2025-10-21 23:00:00,25.5,50,4.8,997.1,0,0.0,157,118.3,132.7,992.0,36.8,15.6,62.0,27.0,10,23
2025-10-22 00:00:00,25.3,52,4.0,997.2,0,0.0,158,120.1,134.1,948.0,38.1,16.0,58.0,27.0,10,0
2025-10-22 01:00:00,24.7,54,2.1,997.3,0,0.0,160,124.8,139.2,884.0,40.2,16.2,52.0,26.0,10,1
2025-10-22 02:00:00,24.3,56,1.9,997.3,0,0.0,161,131.8,145.8,853.0,42.5,16.6,45.0,26.0,10,2
2025-10-22 03:00:00,23.8,59,0.6,997.7,0,0.0,163,137.8,151.8,855.0,45.2,17.5,35.0,26.0,10,3
2025-10-22 04:00:00,23.0,61,4.9,997.6,0,0.0,165,137.8,151.3,890.0,48.2,18.6,24.0,26.0,10,4
2025-10-22 05:00:00,22.2,67,4.6,997.7,0,0.0,167,149.5,161.1,1012.0,47.8,17.2,27.0,22.0,10,5
2025-10-22 06:00:00,21.9,68,2.9,998.0,0,0.0,170,155.1,166.7,1353.0,53.5,18.0,24.0,20.0,10,6
2025-10-22 07:00:00,22.1,67,2.0,998.4,0,0.0,174,171.4,183.0,1781.0,60.6,19.0,22.0,17.0,10,7
2025-10-22 08:00:00,24.0,58,1.5,999.2,0,0.0,177,187.7,196.0,1947.0,60.4,18.8,35.0,15.0,10,8
2025-10-22 09:00:00,27.6,45,1.3,999.8,0,0.0,181,153.7,162.1,1599.0,45.7,16.4,79.0,14.0,10,9
2025-10-22 10:00:00,30.4,36,2.6,999.9,0,0.0,184,93.1,100.8,988.0,23.8,12.9,138.0,13.0,10,10
2025-10-22 11:00:00,32.1,28,3.0,999.3,0,0.0,185,73.1,80.6,525.0,7.2,10.2,181.0,14.0,10,11
2025-10-22 12:00:00,33.1,25,3.2,998.5,0,0.0,186,66.1,74.5,387.0,1.4,9.3,193.0,17.0,10,12
2025-10-22 13:00:00,33.9,23,3.4,997.4,0,0.0,186,62.9,72.6,395.0,0.9,9.3,187.0,21.0,10,13
2025-10-22 14:00:00,34.2,22,3.8,996.3,0,0.0,187,61.0,73.1,424.0,2.7,9.2,176.0,23.0,10,14
2025-10-22 15:00:00,34.0,22,5.6,995.5,0,0.0,187,60.5,74.3,408.0,6.3,8.6,159.0,23.0,10,15
2025-10-22 16:00:00,33.4,23,7.5,995.1,0,0.0,188,63.8,75.7,412.0,12.1,8.0,136.0,21.0,10,16
2025-10-22 17:00:00,32.1,23,7.0,995.2,0,0.0,188,65.0,79.2,506.0,16.3,13.8,154.0,27.0,10,17
2025-10-22 18:00:00,31.2,24,5.0,995.5,0,0.0,188,83.1,96.6,755.0,23.5,13.3,129.0,25.0,10,18
2025-10-22 19:00:00,30.2,26,7.1,995.8,0,0.0,188,103.1,115.5,1094.0,33.6,12.6,94.0,23.0,10,19
2025-10-22 20:00:00,29.0,31,6.7,996.3,0,0.0,189,118.5,129.9,1392.0,42.0,12.3,65.0,21.0,10,20
2025-10-22 21:00:00,27.9,35,6.1,996.6,0,0.0,189,132.2,143.9,1641.0,46.9,13.0,48.0,21.0,10,21
2025-10-22 22:00:00,27.0,37,3.7,996.5,0,0.0,190,147.6,159.7,1850.0,50.1,14.2,38.0,22.0,10,22
2025-10-22 23:00:00,26.1,48,1.5,996.4,0,0.0,191,156.9,169.0,1913.0,52.1,14.9,30.0,23.0,10,23
2025-10-23 00:00:00,25.2,44,5.0,996.6,0,0.0,192,155.5,168.6,1714.0,52.8,14.8,24.0,24.0,10,0
2025-10-23 01:00:00,25.3,44,5.7,996.3,0,0.0,193,153.2,167.2,1369.0,52.4,14.2,21.0,26.0,10,1
2025-10-23 02:00:00,25.2,44,5.1,995.5,0,0.0,194,153.7,168.6,1124.0,51.8,13.5,18.0,27.0,10,2
2025-10-23 03:00:00,23.9,48,4.3,995.6,0,0.0,195,157.4,172.3,1075.0,51.9,12.9,13.0,27.0,10,3
2025-10-23 04:00:00,23.0,51,6.9,995.5,0,0.0,196,158.3,172.8,1126.0,51.9,12.3,9.0,27.0,10,4
2025-10-23 05:00:00,22.9,58,6.0,995.3,0,0.0,196,115.7,122.5,1238.0,28.2,8.2,34.0,12.0,10,5
2025-10-23 06:00:00,22.3,64,4.8,995.8,0,0.0,195,95.5,99.4,1485.0,25.4,7.5,36.0,9.0,10,6
2025-10-23 07:00:00,21.5,70,5.7,996.3,0,0.0,193,80.6,82.4,1793.0,21.3,6.5,41.0,4.0,10,7
2025-10-23 08:00:00,23.3,60,4.3,997.1,0,0.0,191,60.5,60.8,1900.0,17.2,6.1,51.0,1.0,10,8
2025-10-23 09:00:00,26.2,50,2.7,997.8,0,0.0,187,45.5,45.8,1624.0,12.9,6.7,72.0,0.0,10,9
2025-10-23 10:00:00,29.2,39,2.2,997.9,0,0.0,184,36.3,36.7,1149.0,8.5,7.9,99.0,1.0,10,10
2025-10-23 11:00:00,31.6,34,1.4,997.5,0,0.0,182,31.7,32.7,759.0,5.2,8.9,121.0,2.0,10,11
2025-10-23 12:00:00,32.9,29,2.6,996.6,0,0.0,181,30.2,32.2,563.0,3.2,9.4,135.0,5.0,10,12
2025-10-23 13:00:00,33.7,26,3.0,995.5,0,0.0,180,30.4,34.2,453.0,2.2,9.7,144.0,8.0,10,13
2025-10-23 14:00:00,34.1,24,3.0,994.6,0,0.0,179,31.4,36.8,394.0,2.7,9.7,146.0,10.0,10,14
2025-10-23 15:00:00,34.2,24,4.5,994.0,0,0.0,178,32.7,38.5,344.0,5.1,9.1,137.0,10.0,10,15
2025-10-23 16:00:00,33.6,25,6.9,993.9,0,0.0,177,36.8,41.4,346.0,9.1,8.3,119.0,8.0,10,16
2025-10-23 17:00:00,32.9,22,7.2,993.8,0,0.0,176,44.7,52.4,489.0,17.7,8.8,95.0,15.0,10,17
2025-10-23 18:00:00,31.0,26,6.0,994.4,0,0.0,176,59.8,67.8,909.0,26.6,10.0,80.0,15.0,10,18
2025-10-23 19:00:00,29.6,30,4.8,994.6,0,0.0,175,78.5,86.4,1471.0,39.1,11.7,60.0,15.0,10,19
2025-10-23 20:00:00,28.6,35,4.6,995.1,0,0.0,174,100.6,108.5,1860.0,49.0,13.1,42.0,15.0,10,20
2025-10-23 21:00:00,28.0,37,4.8,995.5,0,0.0,174,120.6,128.5,1938.0,54.6,14.2,30.0,15.0,10,21
2025-10-23 22:00:00,27.3,38,7.3,995.5,0,0.0,173,136.9,144.8,1842.0,57.8,15.1,20.0,14.0,10,22
2025-10-23 23:00:00,26.9,41,5.2,995.6,0,0.0,173,146.2,153.7,1670.0,57.8,15.2,15.0,14.0,10,23
2025-10-24 00:00:00,26.3,42,5.2,995.4,0,0.0,173,143.0,150.4,1392.0,53.3,14.2,16.0,14.0,10,0
2025-10-24 01:00:00,25.2,44,6.1,995.0,0,0.0,172,135.0,142.0,1038.0,45.7,12.5,21.0,13.0,10,1
2025-10-24 02:00:00,24.3,44,7.1,994.9,0,0.0,172,121.5,128.5,799.0,38.3,10.9,26.0,13.0,10,2
2025-10-24 03:00:00,23.3,45,6.8,995.0,0,0.0,171,109.2,115.7,751.0,31.9,9.8,29.0,12.0,10,3
2025-10-24 04:00:00,22.4,48,7.0,995.0,0,0.0,169,98.7,105.0,819.0,25.8,8.8,33.0,11.0,10,4
2025-10-24 05:00:00,22.5,54,3.8,995.0,0,0.0,168,79.9,84.3,966.0,16.5,8.2,43.0,8.0,10,5
2025-10-24 06:00:00,22.0,56,3.6,995.7,0,0.0,166,61.5,64.3,1273.0,16.2,8.5,43.0,6.0,10,6
2025-10-24 07:00:00,22.1,56,2.6,996.2,0,0.0,165,53.3,54.8,1661.0,15.7,8.9,44.0,3.0,10,7
2025-10-24 08:00:00,23.5,51,3.2,997.1,0,0.0,165,43.9,44.6,1851.0,14.4,9.0,52.0,1.0,10,8
2025-10-24 09:00:00,26.2,42,1.5,997.5,0,0.0,164,34.3,35.2,1672.0,11.5,8.5,72.0,1.0,10,9
2025-10-24 10:00:00,29.1,35,2.4,997.5,0,0.0,164,28.8,30.5,1297.0,7.7,7.8,100.0,3.0,10,10
2025-10-24 11:00:00,31.4,31,4.5,997.2,0,0.0,164,27.1,29.3,963.0,4.8,7.3,123.0,4.0,10,11
2025-10-24 12:00:00,32.9,26,5.9,996.6,0,0.0,163,27.3,30.0,742.0,3.2,7.4,141.0,5.0,10,12
2025-10-24 13:00:00,33.8,23,7.0,995.5,0,0.0,163,28.6,31.9,564.0,2.5,7.7,154.0,6.0,10,13
2025-10-24 14:00:00,34.1,21,7.2,994.5,0,0.0,163,29.7,33.2,453.0,3.4,7.8,158.0,7.0,10,14
2025-10-24 15:00:00,33.9,21,6.9,993.8,2,0.0,163,30.3,34.0,419.0,6.2,7.4,148.0,7.0,10,15
2025-10-24 16:00:00,33.5,22,6.6,993.6,0,0.0,163,32.7,36.0,453.0,10.6,6.9,128.0,6.0,10,16
2025-10-24 17:00:00,32.6,24,5.8,993.4,0,0.0,163,60.5,67.5,556.0,24.7,10.1,126.0,13.0,10,17
2025-10-24 18:00:00,31.0,28,5.5,993.9,1,0.0,164,77.5,84.3,755.0,34.1,10.7,105.0,13.0,10,18
2025-10-24 19:00:00,29.9,28,6.8,994.4,17,0.0,164,98.7,105.5,1023.0,47.1,11.6,75.0,12.0,10,19
2025-10-24 20:00:00,29.1,29,1.3,994.6,0,0.0,165,118.0,124.3,1277.0,57.2,12.4,50.0,12.0,10,20
2025-10-24 21:00:00,27.6,35,5.1,994.8,0,0.0,165,134.1,140.2,1526.0,61.5,13.1,36.0,11.0,10,21
2025-10-24 22:00:00,27.1,38,3.3,994.8,0,0.0,166,147.6,153.2,1761.0,62.9,13.6,27.0,11.0,10,22
2025-10-24 23:00:00,26.8,40,4.1,994.7,0,0.0,166,155.1,160.7,1871.0,63.4,13.9,21.0,10.0,10,23
2025-10-25 00:00:00,25.2,45,6.2,994.6,0,0.0,166,155.5,161.1,1754.0,64.4,13.8,16.0,10.0,10,0
2025-10-25 01:00:00,24.6,46,5.1,994.1,0,0.0,167,156.0,161.6,1513.0,64.5,13.5,14.0,10.0,10,1
2025-10-25 02:00:00,24.3,44,5.8,993.8,0,0.0,167,153.7,158.8,1344.0,61.6,12.8,14.0,10.0,10,2
2025-10-25 03:00:00,23.1,46,6.6,993.8,0,0.0,168,146.2,150.9,1309.0,53.2,11.4,17.0,10.0,10,3
2025-10-25 04:00:00,22.4,48,4.4,993.9,0,0.0,169,131.8,136.4,1348.0,41.8,9.6,23.0,9.0,10,4
2025-10-25 05:00:00,22.1,65,1.3,994.3,0,0.0,170,106.6,110.8,1471.0,23.4,7.4,36.0,8.0,10,5
2025-10-25 06:00:00,22.0,64,0.4,994.9,0,0.0,171,94.5,98.5,1798.0,23.6,7.6,36.0,7.0,10,6
2025-10-25 07:00:00,21.6,67,1.2,995.6,0,0.0,172,94.8,98.7,2211.0,23.7,8.0,37.0,5.0,10,7
2025-10-25 08:00:00,23.0,62,0.2,996.2,0,0.0,173,87.3,90.1,2366.0,22.0,8.5,48.0,5.0,10,8
2025-10-25 09:00:00,26.0,50,2.3,996.6,0,0.0,175,68.0,71.9,2030.0,17.1,9.3,76.0,9.0,10,9
2025-10-25 10:00:00,28.8,39,3.4,997.0,0,0.0,176,50.1,57.6,1436.0,10.4,10.3,113.0,16.0,10,10
2025-10-25 11:00:00,31.2,32,3.3,996.7,0,0.0,176,44.8,55.2,943.0,5.3,10.9,142.0,20.0,10,11
2025-10-25 12:00:00,32.8,26,4.5,996.1,0,0.0,177,40.0,51.9,681.0,2.6,10.9,156.0,21.0,10,12
2025-10-25 13:00:00,33.7,22,5.7,995.2,0,0.0,177,36.7,47.5,521.0,1.5,10.5,162.0,20.0,10,13
2025-10-25 14:00:00,34.0,21,6.3,994.2,0,0.0,177,35.3,44.6,432.0,2.4,9.9,159.0,18.0,10,14
2025-10-25 15:00:00,34.1,20,6.6,993.7,0,0.0,177,34.6,43.0,349.0,6.3,9.0,145.0,15.0,10,15
2025-10-25 16:00:00,33.7,21,6.8,993.6,0,0.0,178,38.4,44.9,338.0,12.1,8.0,122.0,12.0,10,16
2025-10-25 17:00:00,32.4,24,6.0,993.5,0,0.0,178,52.2,61.2,564.0,24.6,8.5,108.0,17.0,10,17
2025-10-25 18:00:00,30.9,29,4.7,993.6,0,0.0,178,69.8,79.2,1253.0,33.2,9.3,90.0,17.0,10,18
2025-10-25 19:00:00,29.4,32,6.2,993.9,0,0.0,177,92.7,101.7,2179.0,44.7,10.4,64.0,16.0,10,19
2025-10-25 20:00:00,28.4,33,5.9,994.3,0,0.0,177,104.3,112.9,2830.0,50.9,11.1,47.0,16.0,10,20
2025-10-25 21:00:00,27.9,36,4.3,994.8,0,0.0,177,103.4,111.5,2963.0,46.8,11.1,45.0,16.0,10,21
2025-10-25 22:00:00,26.8,41,4.0,995.3,0,0.0,176,104.3,112.7,2822.0,37.3,10.7,51.0,15.0,10,22
2025-10-25 23:00:00,25.9,46,4.4,995.1,0,0.0,175,106.9,114.8,2627.0,28.9,10.1,56.0,15.0,10,23
2025-10-26 00:00:00,25.1,48,6.2,995.1,0,0.0,173,102.9,110.8,2424.0,23.8,9.4,57.0,15.0,10,0
2025-10-26 01:00:00,25.1,47,2.9,995.0,0,0.0,172,99.2,106.9,2167.0,19.8,8.5,58.0,15.0,10,1
2025-10-26 02:00:00,24.5,49,1.9,995.1,0,0.0,170,95.2,102.7,1933.0,16.6,7.9,58.0,14.0,10,2
2025-10-26 03:00:00,23.3,54,3.7,995.2,0,0.0,168,92.0,99.0,1741.0,14.0,7.9,59.0,13.0,10,3
2025-10-26 04:00:00,22.5,56,2.1,995.4,0,0.0,166,89.9,95.9,1573.0,12.2,8.2,61.0,11.0,10,4
2025-10-26 05:00:00,22.1,54,5.7,995.5,0,0.0,165,73.8,76.6,1446.0,9.0,8.5,64.0,5.0,10,5
2025-10-26 06:00:00,21.7,50,7.3,995.8,0,0.0,164,67.3,70.1,1406.0,11.2,8.7,59.0,5.0,10,6
2025-10-26 07:00:00,21.6,48,6.9,996.5,0,0.0,163,65.0,68.9,1408.0,14.1,8.9,53.0,6.0,10,7
2025-10-26 08:00:00,22.9,44,4.7,997.1,0,0.0,163,55.8,61.0,1334.0,15.1,8.8,56.0,10.0,10,8
2025-10-26 09:00:00,25.6,38,2.9,997.7,0,0.0,162,45.8,54.1,1097.0,12.4,8.2,76.0,22.0,10,9
2025-10-26 10:00:00,28.4,32,3.3,997.5,0,0.0,161,39.6,56.8,783.0,7.8,7.3,106.0,39.0,10,10
2025-10-26 11:00:00,30.7,28,4.7,997.3,0,0.0,161,38.1,64.5,538.0,4.2,6.6,130.0,50.0,10,11
2025-10-26 12:00:00,32.2,25,6.2,996.6,0,0.0,160,38.4,71.7,420.0,2.2,6.3,144.0,53.0,10,12
2025-10-26 13:00:00,33.2,23,7.2,995.8,0,0.0,160,37.4,68.2,371.0,1.2,6.2,153.0,50.0,10,13
2025-10-26 14:00:00,33.6,22,7.1,994.9,0,0.0,160,35.4,59.5,358.0,2.2,6.1,154.0,46.0,10,14
2025-10-26 15:00:00,33.6,22,7.2,994.1,0,0.0,160,34.5,54.1,341.0,5.7,5.9,143.0,39.0,10,15
2025-10-26 16:00:00,33.1,22,6.8,993.8,0,0.0,160,37.4,52.3,362.0,11.2,5.8,124.0,30.0,10,16
2025-10-26 17:00:00,32.0,25,5.6,994.1,1,0.0,160,62.6,79.9,511.0,23.2,6.8,103.0,33.0,10,17
2025-10-26 18:00:00,30.4,30,3.6,994.4,1,0.0,161,81.3,99.0,919.0,33.9,8.1,84.0,33.0,10,18
2025-10-26 19:00:00,29.5,33,3.0,994.6,0,0.0,161,103.4,121.5,1456.0,48.2,9.9,58.0,34.0,10,19
2025-10-26 20:00:00,28.7,35,3.9,995.0,0,0.0,161,118.0,136.0,1824.0,56.1,11.1,41.0,34.0,10,20
2025-10-26 21:00:00,27.6,37,8.1,995.3,0,0.0,162,119.7,136.9,1869.0,51.5,11.2,42.0,33.0,10,21
2025-10-26 22:00:00,26.1,40,5.8,995.7,0,0.0,162,117.3,134.1,1745.0,40.5,10.6,52.0,32.0,10,22
2025-10-26 23:00:00,25.5,43,4.4,995.9,0,0.0,163,117.6,133.6,1618.0,30.9,10.2,60.0,30.0,10,23
2025-10-27 00:00:00,25.3,43,3.9,995.5,0,0.0,163,114.1,129.5,1538.0,25.3,10.0,63.0,28.0,10,0
2025-10-27 01:00:00,24.7,46,5.8,995.4,0,0.0,163,112.9,127.6,1456.0,21.2,9.9,65.0,27.0,10,1
2025-10-27 02:00:00,23.5,50,6.4,995.2,0,0.0,164,113.4,127.1,1388.0,18.5,9.9,65.0,25.0,10,2
2025-10-27 03:00:00,22.7,52,3.1,995.2,0,0.0,164,115.0,127.6,1341.0,17.2,9.9,62.0,23.0,10,3
2025-10-27 04:00:00,22.2,54,4.6,995.2,0,0.0,165,117.8,129.5,1308.0,17.4,10.0,57.0,22.0,10,4
2025-10-27 05:00:00,21.7,54,6.4,995.4,0,0.0,166,110.4,120.1,1285.0,15.4,9.6,52.0,18.0,10,5
2025-10-27 06:00:00,21.2,56,5.6,995.9,0,0.0,167,104.8,115.9,1292.0,18.2,9.9,45.0,18.0,10,6
2025-10-27 07:00:00,21.0,56,6.4,996.4,0,0.0,168,106.4,121.5,1310.0,21.8,10.4,37.0,19.0,10,7
2025-10-27 08:00:00,22.3,52,2.6,997.3,0,0.0,169,98.3,113.6,1269.0,22.7,10.7,41.0,29.0,10,8
2025-10-27 09:00:00,24.8,46,2.3,998.0,0,0.0,170,74.3,102.2,1117.0,18.3,11.0,68.0,58.0,10,9
2025-10-27 10:00:00,27.5,39,2.6,998.3,0,0.0,171,56.5,106.2,907.0,11.2,11.2,108.0,96.0,10,10
2025-10-27 11:00:00,30.0,37,2.7,998.2,0,0.0,172,50.9,115.3,734.0,5.7,11.0,139.0,123.0,10,11
2025-10-27 12:00:00,31.5,32,2.7,997.4,0,0.0,172,49.2,120.1,630.0,3.0,10.1,156.0,131.0,10,12
2025-10-27 13:00:00,32.4,29,3.1,996.4,0,0.0,173,46.4,116.9,563.0,1.8,8.8,164.0,129.0,10,13
2025-10-27 14:00:00,32.9,27,4.0,995.3,0,0.0,173,45.8,107.8,525.0,2.7,7.8,164.0,120.0,10,14
2025-10-27 15:00:00,32.9,27,4.3,994.8,0,0.0,173,46.8,99.0,519.0,6.6,7.3,150.0,102.0,10,15
2025-10-27 16:00:00,32.5,27,5.9,994.6,0,0.0,173,51.8,89.2,543.0,12.5,7.1,128.0,78.0,10,16
2025-10-27 17:00:00,31.4,29,8.4,994.7,0,0.0,174,73.1,115.5,581.0,23.3,11.4,119.0,81.0,10,17
2025-10-27 18:00:00,30.0,32,7.6,995.3,0,0.0,174,86.4,129.0,638.0,26.3,11.7,108.0,82.0,10,18
2025-10-27 19:00:00,29.4,33,9.4,995.7,0,0.0,174,97.3,139.7,709.0,30.3,12.1,92.0,83.0,10,19
2025-10-27 20:00:00,28.6,36,9.7,996.1,0,0.0,174,103.6,147.6,767.0,32.9,12.5,79.0,83.0,10,20
2025-10-27 21:00:00,27.7,40,9.5,996.8,0,0.0,174,109.7,153.2,800.0,32.7,12.7,72.0,81.0,10,21
2025-10-27 22:00:00,26.9,42,9.5,996.9,0,0.0,173,117.3,158.8,821.0,31.1,12.9,68.0,77.0,10,22
2025-10-27 23:00:00,25.9,48,9.2,996.7,0,0.0,173,123.4,163.0,839.0,29.8,13.0,65.0,74.0,10,23
2025-10-28 00:00:00,24.8,53,5.5,996.8,0,0.0,174,123.9,161.6,857.0,29.1,13.1,63.0,73.0,10,0
2025-10-28 01:00:00,23.9,56,4.2,996.6,0,0.0,174,124.3,161.1,872.0,28.7,13.2,63.0,74.0,10,1
2025-10-28 02:00:00,23.5,56,5.6,996.7,0,0.0,174,128.5,166.7,890.0,29.0,13.2,59.0,72.0,10,2
2025-10-28 03:00:00,23.3,56,6.6,997.0,0,0.0,175,136.4,174.2,898.0,30.5,13.0,49.0,67.0,10,3
2025-10-28 04:00:00,22.9,56,7.4,996.7,0,0.0,175,137.8,170.9,909.0,32.6,12.6,37.0,60.0,10,4
2025-10-28 05:00:00,22.7,61,6.8,996.6,0,0.0,176,115.5,132.2,961.0,16.5,11.7,61.0,31.0,10,5
2025-10-28 06:00:00,22.2,64,9.1,997.4,0,0.0,176,113.6,125.3,1123.0,21.6,11.7,51.0,24.0,10,6
2025-10-28 07:00:00,22.0,65,6.3,997.8,0,0.0,176,122.0,130.4,1326.0,28.3,11.7,39.0,14.0,10,7
2025-10-28 08:00:00,23.3,60,2.8,998.2,0,0.0,177,129.9,134.6,1409.0,30.8,11.8,40.0,9.0,10,8
2025-10-28 09:00:00,25.8,51,1.9,999.0,0,0.0,178,100.8,106.4,1261.0,24.8,11.9,67.0,13.0,10,9
2025-10-28 10:00:00,28.1,43,2.5,999.3,0,0.0,179,78.9,88.9,993.0,14.6,12.1,109.0,21.0,10,10
2025-10-28 11:00:00,29.8,40,4.0,999.0,0,0.0,179,68.2,83.4,769.0,6.7,12.4,143.0,28.0,10,11
2025-10-28 12:00:00,31.1,35,5.0,998.2,0,0.0,180,66.6,85.4,648.0,3.5,12.9,165.0,31.0,10,12
2025-10-28 13:00:00,32.0,32,5.7,997.0,5,0.0,180,66.8,86.6,571.0,2.7,13.5,180.0,33.0,10,13
2025-10-28 14:00:00,32.5,29,5.8,996.1,11,0.0,181,70.3,87.5,528.0,3.6,13.8,185.0,33.0,10,14
2025-10-28 15:00:00,32.5,28,5.9,995.7,0,0.0,182,75.4,89.9,500.0,6.4,13.5,175.0,29.0,10,15
2025-10-28 16:00:00,32.1,29,6.8,995.5,0,0.0,182,79.9,90.8,506.0,11.0,13.0,154.0,22.0,10,16
2025-10-28 17:00:00,31.1,31,6.4,995.4,0,0.0,183,99.9,110.8,589.0,18.1,13.3,132.0,21.0,10,17
2025-10-28 18:00:00,29.4,35,5.4,995.9,0,0.0,184,115.7,127.6,828.0,24.7,14.2,116.0,22.0,10,18
2025-10-28 19:00:00,28.3,37,5.1,996.3,0,0.0,185,134.1,146.7,1146.0,33.7,15.4,95.0,24.0,10,19
2025-10-28 20:00:00,27.6,40,5.6,996.9,0,0.0,186,150.9,164.8,1350.0,40.3,16.5,77.0,26.0,10,20
2025-10-28 21:00:00,26.9,42,6.5,997.4,0,0.0,187,165.3,179.3,1335.0,43.0,17.5,67.0,26.0,10,21
2025-10-28 22:00:00,26.0,45,7.4,997.5,0,0.0,189,177.9,192.3,1207.0,43.2,18.3,61.0,26.0,10,22
2025-10-28 23:00:00,25.3,52,8.3,997.3,0,0.0,191,183.9,197.9,1094.0,41.0,18.4,59.0,27.0,10,23
2025-10-29 00:00:00,24.3,54,7.5,997.3,0,0.0,193,171.4,184.9,1036.0,34.6,17.1,63.0,28.0,10,0
2025-10-29 01:00:00,23.7,53,8.1,997.1,0,0.0,194,153.7,168.1,993.0,25.7,14.9,71.0,29.0,10,1
2025-10-29 02:00:00,23.2,53,8.3,997.2,0,0.0,195,143.9,162.1,974.0,19.1,13.2,75.0,33.0,10,2
2025-10-29 03:00:00,22.8,54,6.6,997.0,0,0.0,195,139.7,161.6,983.0,16.5,12.3,72.0,41.0,10,3
2025-10-29 04:00:00,22.5,56,5.7,996.8,0,0.0,196,137.4,163.9,1017.0,16.3,11.9,65.0,51.0,10,4
2025-10-29 05:00:00,21.9,66,0.3,996.8,0,0.0,196,94.5,122.0,1072.0,11.1,11.3,60.0,51.0,10,5
2025-10-29 06:00:00,21.5,62,5.2,997.1,0,0.0,195,91.5,116.6,1197.0,15.6,11.4,49.0,43.0,10,6
2025-10-29 07:00:00,21.1,65,6.7,997.2,0,0.0,194,100.4,122.9,1343.0,21.6,11.6,36.0,32.0,10,7
2025-10-29 08:00:00,22.6,62,7.8,998.1,0,0.0,194,100.8,113.4,1362.0,24.1,11.2,35.0,23.0,10,8
2025-10-29 09:00:00,25.1,55,6.0,998.5,0,0.0,193,74.3,82.4,1130.0,19.7,9.9,57.0,16.0,10,9
2025-10-29 10:00:00,27.7,46,6.6,998.6,0,0.0,192,57.6,62.2,770.0,11.7,8.0,91.0,11.0,10,10
2025-10-29 11:00:00,29.4,41,4.0,998.3,0,0.0,191,49.7,55.1,503.0,5.5,6.7,119.0,10.0,10,11
2025-10-29 12:00:00,30.5,37,1.1,997.4,0,0.0,191,47.6,62.9,427.0,2.7,6.3,137.0,18.0,10,12
2025-10-29 13:00:00,31.4,33,0.8,996.3,0,0.0,190,54.5,77.1,445.0,1.5,6.5,148.0,32.0,10,13
2025-10-29 14:00:00,31.9,31,1.6,995.1,0,0.0,190,58.2,79.2,479.0,2.3,6.5,151.0,40.0,10,14
2025-10-29 15:00:00,32.0,29,2.2,994.5,0,0.0,189,58.4,77.5,491.0,5.2,6.0,140.0,38.0,10,15
2025-10-29 16:00:00,31.7,29,1.8,994.2,0,0.0,189,59.5,75.7,521.0,10.0,5.4,121.0,31.0,10,16
2025-10-29 17:00:00,30.9,30,2.6,994.1,0,0.0,188,78.2,99.7,610.0,19.2,5.5,89.0,40.0,10,17
2025-10-29 18:00:00,29.3,35,2.6,994.4,0,0.0,188,91.7,114.6,797.0,26.8,6.6,76.0,42.0,10,18
2025-10-29 19:00:00,28.5,39,5.4,994.5,0,0.0,187,109.2,133.6,1045.0,37.6,8.3,58.0,46.0,10,19
2025-10-29 20:00:00,28.0,42,5.0,994.8,0,0.0,186,126.7,152.7,1278.0,47.3,10.0,42.0,49.0,10,20
2025-10-29 21:00:00,27.2,43,4.7,995.1,0,0.0,186,143.0,170.4,1510.0,54.6,11.9,32.0,52.0,10,21
2025-10-29 22:00:00,26.1,44,4.7,995.4,0,0.0,185,160.2,189.1,1728.0,60.8,14.0,24.0,55.0,10,22
2025-10-29 23:00:00,24.6,52,3.3,995.5,0,0.0,184,172.3,203.0,1822.0,66.3,15.6,18.0,57.0,10,23
2025-10-30 00:00:00,24.6,52,0.4,995.5,0,0.0,184,175.1,206.3,1696.0,71.7,16.6,13.0,59.0,10,0
2025-10-30 01:00:00,23.7,53,4.6,995.0,0,0.0,184,177.9,210.0,1446.0,76.2,17.3,9.0,60.0,10,1
2025-10-30 02:00:00,23.3,51,5.5,995.0,0,0.0,185,180.7,213.7,1249.0,78.2,17.4,7.0,61.0,10,2
2025-10-30 03:00:00,22.8,52,8.0,995.0,0,0.0,186,181.1,213.7,1168.0,76.3,16.9,6.0,61.0,10,3
2025-10-30 04:00:00,21.8,57,9.6,994.9,0,0.0,187,179.3,211.4,1140.0,71.8,15.9,6.0,60.0,10,4
2025-10-30 05:00:00,21.2,61,8.8,995.2,0,0.0,188,148.1,174.6,1157.0,44.5,10.9,27.0,49.0,10,5
2025-10-30 06:00:00,21.0,62,7.5,995.7,0,0.0,190,133.6,157.9,1267.0,40.3,10.1,28.0,43.0,10,6
2025-10-30 07:00:00,20.8,64,6.7,996.3,0,0.0,191,135.0,158.3,1422.0,34.2,9.1,32.0,36.0,10,7
2025-10-30 08:00:00,22.2,61,2.3,997.1,0,0.0,192,133.2,150.4,1464.0,27.7,8.7,46.0,32.0,10,8
2025-10-30 09:00:00,24.8,53,1.8,997.7,0,0.0,193,123.9,140.2,1284.0,20.5,9.7,83.0,37.0,10,9
2025-10-30 10:00:00,27.5,45,2.0,998.0,0,0.0,195,107.1,131.8,992.0,12.8,11.3,130.0,45.0,10,10
2025-10-30 11:00:00,29.3,40,2.8,998.0,0,0.0,196,87.5,115.0,757.0,7.0,12.1,164.0,52.0,10,11
2025-10-30 12:00:00,30.6,35,3.4,997.1,0,0.0,197,75.9,107.3,650.0,3.6,11.1,173.0,55.0,10,12
2025-10-30 13:00:00,31.4,33,5.0,996.0,0,0.0,198,67.8,98.7,600.0,2.0,9.2,167.0,56.0,10,13
2025-10-30 14:00:00,31.7,32,6.0,995.1,0,0.0,199,61.9,90.1,566.0,2.7,7.8,157.0,54.0,10,14
2025-10-30 15:00:00,31.7,31,7.3,994.5,0,0.0,199,59.8,85.4,522.0,6.4,7.2,143.0,48.0,10,15
2025-10-30 16:00:00,31.3,32,8.7,994.0,0,0.0,199,63.1,82.9,493.0,12.4,7.0,124.0,39.0,10,16
2025-10-30 17:00:00,30.5,32,9.9,994.0,0,0.0,199,94.8,119.2,513.0,24.5,12.7,114.0,47.0,10,17
2025-10-30 18:00:00,29.2,35,8.9,994.1,0,0.0,199,112.5,137.4,598.0,30.8,12.7,99.0,48.0,10,18
2025-10-30 19:00:00,28.4,37,7.4,994.6,0,0.0,200,130.9,156.5,731.0,39.6,12.9,78.0,51.0,10,19
2025-10-30 20:00:00,27.7,39,6.1,994.8,0,0.0,201,145.3,172.8,894.0,47.6,13.7,59.0,52.0,10,20
2025-10-30 21:00:00,26.9,40,4.2,995.4,0,0.0,202,159.3,188.6,1108.0,54.6,15.6,46.0,53.0,10,21
2025-10-30 22:00:00,26.1,43,2.0,995.4,0,0.0,202,175.6,205.4,1353.0,60.8,18.1,35.0,54.0,10,22
2025-10-30 23:00:00,24.7,51,2.0,995.3,0,0.0,203,187.7,215.1,1550.0,63.6,20.8,28.0,52.0,10,23
2025-10-31 00:00:00,24.1,54,1.6,995.0,0,0.0,204,183.9,206.8,1670.0,60.5,23.6,26.0,46.0,10,0
2025-10-31 01:00:00,23.7,55,1.0,995.0,0,0.0,204,170.9,190.5,1743.0,54.0,26.6,28.0,39.0,10,1
2025-10-31 02:00:00,23.4,56,4.3,994.9,0,0.0,204,164.4,182.1,1781.0,48.9,29.3,29.0,33.0,10,2
2025-10-31 03:00:00,22.6,57,6.3,994.7,0,0.0,203,164.8,182.1,1770.0,46.8,31.7,27.0,32.0,10,3
2025-10-31 04:00:00,21.8,59,6.8,994.4,0,0.0,202,168.1,185.8,1723.0,46.1,33.9,24.0,33.0,10,4
2025-10-31 05:00:00,21.4,63,4.5,994.4,0,0.0,202,187.2,209.1,1696.0,62.9,29.4,14.0,40.0,10,5
2025-10-31 06:00:00,21.1,65,5.4,994.9,0,0.0,203,193.7,216.1,1754.0,62.6,27.5,13.0,36.0,10,6
2025-10-31 07:00:00,20.8,68,5.9,995.3,0,0.0,206,209.5,231.9,1832.0,61.6,24.9,13.0,31.0,10,7
2025-10-31 08:00:00,22.4,64,3.3,995.9,0,0.0,209,216.5,231.9,1785.0,55.9,23.3,27.0,28.0,10,8
2025-10-31 09:00:00,25.4,53,1.0,996.4,0,0.0,213,168.6,182.1,1493.0,41.0,23.9,70.0,30.0,10,9
2025-10-31 10:00:00,28.3,44,2.2,996.4,0,0.0,214,131.3,148.5,1078.0,21.5,25.4,127.0,35.0,10,10
2025-10-31 11:00:00,30.5,35,3.7,996.3,0,0.0,215,103.1,123.9,756.0,7.0,25.6,169.0,39.0,10,11
2025-10-31 12:00:00,31.5,31,4.0,995.1,0,0.0,216,99.9,121.5,621.0,1.6,23.0,184.0,40.0,10,12
2025-10-31 13:00:00,32.2,29,4.5,994.1,0,0.0,217,96.6,118.0,580.0,1.2,19.1,183.0,40.0,10,13
2025-10-31 14:00:00,32.6,28,5.1,993.1,0,0.0,218,95.0,115.3,576.0,3.2,15.7,175.0,39.0,10,14
2025-10-31 15:00:00,32.6,28,5.4,992.7,0,0.0,220,94.1,113.2,531.0,7.4,13.4,159.0,35.0,10,15
2025-10-31 16:00:00,32.2,29,5.5,992.5,0,0.0,221,96.9,113.2,523.0,14.1,11.6,136.0,30.0,10,16
2025-10-31 17:00:00,31.1,29,5.6,992.6,0,0.0,222,121.5,143.0,727.0,24.0,17.2,141.0,41.0,10,17
2025-10-31 18:00:00,29.5,34,3.1,992.9,0,0.0,224,143.4,164.4,1326.0,32.5,17.1,118.0,40.0,10,18
2025-10-31 19:00:00,28.4,37,3.9,993.4,0,0.0,225,166.7,187.2,2137.0,44.3,17.1,86.0,40.0,10,19
2025-10-31 20:00:00,27.7,37,3.9,993.9,0,0.0,226,186.7,207.2,2793.0,53.4,17.2,60.0,39.0,10,20
2025-10-31 21:00:00,27.0,40,3.3,994.1,0,0.0,228,203.5,224.4,3227.0,57.1,17.8,46.0,39.0,10,21
2025-10-31 22:00:00,26.4,42,0.9,994.3,0,0.0,230,215.1,235.6,3505.0,58.0,18.6,38.0,38.0,10,22
2025-10-31 23:00:00,25.0,51,2.2,994.2,0,0.0,232,218.4,238.4,3460.0,58.0,19.0,32.0,38.0,10,23
2025-11-01 00:00:00,25.1,48,4.8,993.7,0,0.0,233,218.9,239.3,2855.0,58.3,19.0,25.0,39.0,11,0
2025-11-01 01:00:00,23.9,51,6.7,993.5,0,0.0,234,222.6,244.0,1926.0,57.7,18.6,20.0,39.0,11,1
2025-11-01 02:00:00,23.1,53,7.8,993.4,0,0.0,236,228.6,249.6,1214.0,54.5,17.7,19.0,39.0,11,2
2025-11-01 03:00:00,22.4,55,8.8,993.4,0,0.0,239,227.2,246.8,937.0,46.5,15.9,25.0,37.0,11,3
2025-11-01 04:00:00,21.9,56,9.3,993.1,0,0.0,242,208.6,227.2,877.0,35.9,13.6,36.0,34.0,11,4
2025-11-01 05:00:00,21.8,58,8.0,993.3,0,0.0,243,185.3,202.1,922.0,29.4,11.7,46.0,31.0,11,5
2025-11-01 06:00:00,21.2,61,6.9,993.9,0,0.0,243,159.7,173.7,1125.0,26.9,10.9,50.0,27.0,11,6
2025-11-01 07:00:00,21.0,62,4.7,994.9,0,0.0,242,149.9,162.1,1434.0,23.2,9.8,57.0,21.0,11,7
2025-11-01 08:00:00,21.9,58,2.4,995.9,0,0.0,239,139.7,149.0,1575.0,19.2,9.0,71.0,17.0,11,8
2025-11-01 09:00:00,24.4,49,2.1,996.3,0,0.0,236,127.1,135.0,1381.0,14.8,8.8,97.0,16.0,11,9
2025-11-01 10:00:00,27.3,41,3.8,996.6,0,0.0,234,112.5,121.1,1020.0,10.1,8.9,130.0,18.0,11,10
2025-11-01 11:00:00,29.6,36,5.0,996.3,0,0.0,234,100.6,110.4,725.0,6.4,9.5,154.0,19.0,11,11
2025-11-01 12:00:00,31.6,29,6.7,995.3,0,0.0,234,93.8,105.2,582.0,3.8,10.9,164.0,20.0,11,12
2025-11-01 13:00:00,32.8,25,8.0,994.3,0,0.0,233,87.5,99.4,506.0,2.3,12.6,164.0,21.0,11,13
2025-11-01 14:00:00,33.3,23,9.1,993.5,0,0.0,233,78.9,89.9,473.0,2.9,13.6,158.0,21.0,11,14
2025-11-01 15:00:00,33.2,23,9.8,993.1,0,0.0,232,72.2,81.7,478.0,6.4,12.8,142.0,18.0,11,15
2025-11-01 16:00:00,32.7,24,10.0,992.8,0,0.0,231,72.6,80.1,527.0,12.1,11.2,118.0,15.0,11,16
2025-11-01 17:00:00,31.7,26,8.6,993.1,0,0.0,230,91.3,100.4,608.0,21.9,11.4,103.0,17.0,11,17
2025-11-01 18:00:00,30.7,28,8.8,993.2,0,0.0,229,106.2,115.5,745.0,30.1,12.1,87.0,17.0,11,18
2025-11-01 19:00:00,29.8,30,9.0,993.7,0,0.0,228,127.1,136.4,916.0,41.6,13.2,65.0,18.0,11,19
2025-11-01 20:00:00,28.1,34,10.2,994.1,0,0.0,226,148.5,157.9,1040.0,51.5,14.6,46.0,18.0,11,20
2025-11-01 21:00:00,26.7,39,8.7,994.5,0,0.0,224,169.0,178.8,1079.0,57.9,16.5,34.0,18.0,11,21
2025-11-01 22:00:00,26.2,40,7.1,994.6,0,0.0,223,185.8,195.6,1073.0,62.8,18.6,25.0,18.0,11,22
2025-11-01 23:00:00,25.3,45,4.2,994.5,0,0.0,222,191.4,201.2,1058.0,66.4,20.2,19.0,18.0,11,23
2025-11-02 00:00:00,24.7,47,4.0,994.2,0,0.0,221,188.1,197.9,1039.0,69.1,21.1,15.0,19.0,11,0
2025-11-02 01:00:00,24.1,49,1.8,993.9,0,0.0,219,187.2,197.4,1012.0,70.7,21.6,13.0,20.0,11,1
2025-11-02 02:00:00,23.2,52,2.1,993.9,0,0.0,218,190.9,201.2,1000.0,70.7,21.4,11.0,20.0,11,2
2025-11-02 03:00:00,22.6,55,2.4,993.7,0,0.0,216,194.6,205.4,980.0,68.6,20.2,7.0,19.0,11,3
2025-11-02 04:00:00,21.8,57,3.0,993.4,0,0.0,215,197.0,207.2,974.0,65.0,18.3,4.0,18.0,11,4
2025-11-02 05:00:00,20.5,69,1.8,993.9,0,0.0,214,132.7,139.2,1079.0,29.3,8.2,24.0,12.0,11,5
2025-11-02 06:00:00,20.4,68,3.1,994.4,0,0.0,212,114.6,120.6,1451.0,28.1,7.6,22.0,11.0,11,6
2025-11-02 07:00:00,19.9,73,2.7,994.9,0,0.0,210,109.9,115.7,1933.0,26.3,7.0,21.0,9.0,11,7
2025-11-02 08:00:00,20.7,70,1.0,995.8,0,0.0,209,105.9,110.4,2145.0,23.4,7.2,31.0,8.0,11,8
2025-11-02 09:00:00,23.9,54,1.9,996.1,0,0.0,207,93.8,98.5,1830.0,18.4,8.8,62.0,8.0,11,9
2025-11-02 10:00:00,27.1,41,3.5,996.1,0,0.0,206,82.0,87.3,1246.0,12.2,11.2,104.0,10.0,11,10
2025-11-02 11:00:00,29.3,33,5.1,996.1,0,0.0,205,74.7,80.8,789.0,7.4,14.1,137.0,11.0,11,11
2025-11-02 12:00:00,30.7,29,6.5,995.4,0,0.0,203,74.0,81.0,613.0,4.6,18.1,156.0,13.0,11,12
2025-11-02 13:00:00,31.6,27,7.1,994.5,0,0.0,203,66.8,75.2,562.0,3.2,22.6,167.0,15.0,11,13
2025-11-02 14:00:00,32.0,26,7.5,993.5,0,0.0,202,58.0,66.6,571.0,3.6,25.0,167.0,16.0,11,14
2025-11-02 15:00:00,31.9,26,7.3,993.2,0,0.0,201,52.6,60.8,626.0,6.7,23.4,152.0,14.0,11,15
2025-11-02 16:00:00,31.4,28,6.1,992.8,0,0.0,200,52.2,58.7,739.0,11.6,19.7,128.0,11.0,11,16
2025-11-02 17:00:00,30.8,29,5.2,992.8,0,0.0,199,59.8,66.4,880.0,18.2,19.5,106.0,12.0,11,17
2025-11-02 18:00:00,29.7,33,3.1,993.1,0,0.0,199,68.9,75.0,1077.0,22.8,18.9,91.0,11.0,11,18
2025-11-02 19:00:00,28.2,35,6.5,993.5,0,0.0,197,77.1,82.7,1303.0,29.2,18.1,71.0,11.0,11,19
2025-11-02 20:00:00,26.8,37,7.7,993.8,0,0.0,196,85.9,91.3,1439.0,34.5,17.6,55.0,10.0,11,20
2025-11-02 21:00:00,26.1,39,7.2,994.1,0,0.0,194,95.2,100.8,1427.0,38.1,17.9,46.0,10.0,11,21
2025-11-02 22:00:00,25.7,41,6.7,993.8,0,0.0,192,105.9,111.5,1326.0,40.5,18.6,41.0,10.0,11,22
2025-11-02 23:00:00,24.9,44,10.6,993.8,0,0.0,190,112.9,118.3,1197.0,40.8,18.8,39.0,10.0,11,23
2025-11-03 00:00:00,24.1,43,10.4,993.4,0,0.0,187,110.6,115.9,1034.0,37.6,18.1,39.0,9.0,11,0
2025-11-03 01:00:00,23.1,43,9.4,993.0,0,0.0,185,105.9,110.6,843.0,32.2,16.9,42.0,8.0,11,1
2025-11-03 02:00:00,22.5,43,8.1,992.5,0,0.0,182,101.0,105.0,703.0,27.4,15.9,44.0,7.0,11,2
2025-11-03 03:00:00,21.9,44,7.2,992.4,0,0.0,180,98.0,101.5,622.0,24.1,15.1,43.0,6.0,11,3
2025-11-03 04:00:00,21.4,45,6.9,991.9,0,0.0,177,95.5,98.5,591.0,21.5,14.5,42.0,6.0,11,4
2025-11-03 05:00:00,20.4,54,6.0,992.3,0,0.0,174,70.1,72.4,664.0,13.5,14.9,53.0,4.0,11,5
2025-11-03 06:00:00,19.4,62,4.2,992.3,0,0.0,172,72.6,75.2,951.0,16.8,14.7,46.0,4.0,11,6
2025-11-03 07:00:00,18.4,72,4.8,992.8,0,0.0,171,83.1,85.7,1343.0,21.0,14.5,37.0,4.0,11,7
2025-11-03 08:00:00,19.2,73,4.2,993.5,0,0.0,170,83.1,85.2,1562.0,22.7,15.1,39.0,4.0,11,8
2025-11-03 09:00:00,21.8,63,4.0,994.0,0,0.0,169,69.6,72.2,1451.0,19.3,16.9,62.0,5.0,11,9
2025-11-03 10:00:00,24.8,53,4.4,994.1,0,0.0,169,61.9,65.7,1168.0,13.2,19.4,97.0,7.0,11,10
2025-11-03 11:00:00,27.3,45,4.8,994.0,0,0.0,168,56.8,61.5,913.0,8.4,22.0,127.0,9.0,11,11
2025-11-03 12:00:00,29.1,40,4.6,992.7,0,0.0,167,56.3,61.7,742.0,6.0,25.1,151.0,10.0,11,12
2025-11-03 13:00:00,30.5,33,4.8,991.8,0,0.0,167,55.6,61.7,600.0,4.9,28.2,170.0,12.0,11,13
2025-11-03 14:00:00,31.4,26,6.3,990.5,0,0.0,167,52.6,58.9,517.0,5.3,29.2,177.0,12.0,11,14
2025-11-03 15:00:00,31.4,24,7.6,989.9,0,0.0,166,47.7,53.9,509.0,8.0,26.2,163.0,11.0,11,15
2025-11-03 16:00:00,30.9,25,6.8,989.6,0,0.0,166,44.2,49.5,561.0,12.3,21.1,136.0,10.0,11,16
2025-11-03 17:00:00,30.4,25,4.8,989.3,0,0.0,166,56.3,63.8,661.0,17.4,17.6,108.0,14.0,11,17
2025-11-03 18:00:00,29.5,26,5.1,989.4,0,0.0,166,65.4,72.2,862.0,20.7,16.1,93.0,13.0,11,18
2025-11-03 19:00:00,27.8,30,7.1,989.7,0,0.0,166,71.2,76.8,1111.0,25.1,13.9,73.0,12.0,11,19
2025-11-03 20:00:00,26.9,32,7.4,989.8,0,0.0,166,73.3,78.5,1233.0,27.2,12.2,59.0,10.0,11,20
2025-11-03 21:00:00,26.6,31,11.5,990.3,0,0.0,165,71.2,75.9,1116.0,24.8,11.1,58.0,8.0,11,21
2025-11-03 22:00:00,25.4,30,11.9,990.3,0,0.0,165,65.4,69.2,872.0,20.0,10.5,63.0,6.0,11,22
2025-11-03 23:00:00,24.5,34,11.5,990.1,0,0.0,163,57.5,60.3,668.0,15.7,10.4,68.0,5.0,11,23
2025-11-04 00:00:00,23.7,37,11.5,989.9,0,0.0,162,47.8,50.2,560.0,12.7,11.3,70.0,5.0,11,0
2025-11-04 01:00:00,23.2,38,12.1,989.2,0,0.0,160,41.1,43.7,491.0,10.3,12.8,71.0,6.0,11,1
2025-11-04 02:00:00,22.7,40,12.8,988.8,0,0.0,158,36.6,40.0,456.0,8.6,14.0,70.0,7.0,11,2
2025-11-04 03:00:00,22.0,42,9.7,988.7,0,0.0,156,34.2,38.9,434.0,7.7,14.6,68.0,9.0,11,3
2025-11-04 04:00:00,21.2,45,8.7,988.5,0,0.0,154,33.6,39.0,447.0,7.7,14.9,64.0,11.0,11,4
2025-11-04 05:00:00,20.6,50,6.3,988.9,0,0.0,152,33.2,37.1,554.0,7.7,12.2,63.0,8.0,11,5
2025-11-04 06:00:00,19.7,53,6.6,989.0,0,0.0,151,34.3,38.5,866.0,10.0,11.4,56.0,8.0,11,6
2025-11-04 07:00:00,18.8,57,5.7,989.5,0,0.0,150,41.4,45.9,1271.0,13.0,10.5,47.0,8.0,11,7
2025-11-04 08:00:00,19.5,56,4.1,990.1,0,0.0,146,44.1,48.2,1500.0,14.5,10.5,47.0,8.0,11,8
2025-11-04 09:00:00,21.8,51,3.3,991.0,0,0.0,142,41.8,46.7,1388.0,13.1,11.9,61.0,9.0,11,9
2025-11-04 10:00:00,24.1,48,3.8,991.4,0,0.0,139,37.6,44.1,1098.0,10.3,14.3,84.0,11.0,11,10
2025-11-04 11:00:00,26.6,42,5.1,991.1,0,0.0,136,36.1,42.5,851.0,8.0,17.4,106.0,12.0,11,11
2025-11-04 12:00:00,28.1,39,6.2,990.5,0,0.0,134,38.6,44.0,717.0,6.5,22.4,127.0,12.0,11,12
2025-11-04 13:00:00,29.3,36,8.1,990.0,0,0.0,132,43.3,48.0,626.0,5.6,28.1,147.0,11.0,11,13
2025-11-04 14:00:00,29.8,35,7.8,989.5,0,0.0,131,46.7,51.7,585.0,6.5,31.1,157.0,10.0,11,14
2025-11-04 15:00:00,30.3,29,7.3,989.2,0,0.0,130,48.2,53.8,609.0,9.7,28.9,150.0,9.0,11,15
2025-11-04 16:00:00,30.0,26,8.1,989.3,0,0.0,130,51.5,56.5,683.0,14.8,24.1,133.0,8.0,11,16
2025-11-04 17:00:00,29.9,27,8.8,989.2,0,0.0,131,62.4,69.6,768.0,30.1,20.3,104.0,13.0,11,17
2025-11-04 18:00:00,28.4,32,7.5,990.1,0,0.0,132,84.3,91.5,876.0,47.0,22.9,84.0,14.0,11,18
2025-11-04 19:00:00,26.9,37,3.6,990.8,0,0.0,134,108.0,115.5,994.0,69.5,26.3,57.0,14.0,11,19
2025-11-04 20:00:00,25.0,43,6.5,991.3,0,0.0,138,127.6,135.5,1047.0,80.7,27.1,38.0,14.0,11,20
2025-11-04 21:00:00,23.1,49,10.0,992.5,0,0.0,143,129.5,136.9,984.0,70.0,22.9,35.0,11.0,11,21
2025-11-04 22:00:00,21.8,48,11.9,993.1,0,0.0,149,101.7,106.9,855.0,48.1,16.1,41.0,8.0,11,22
2025-11-04 23:00:00,21.8,51,9.4,992.5,0,0.0,151,69.4,71.9,740.0,29.4,10.9,49.0,5.0,11,23
2025-11-05 00:00:00,21.4,51,11.2,992.8,0,0.0,151,59.0,60.8,662.0,19.3,9.2,57.0,4.0,11,0
2025-11-05 01:00:00,20.8,53,12.4,993.2,0,0.0,152,58.4,59.8,598.0,12.6,9.2,68.0,3.0,11,1
2025-11-05 02:00:00,20.1,55,11.9,993.3,0,0.0,152,59.5,61.0,554.0,8.1,9.4,74.0,3.0,11,2
2025-11-05 03:00:00,19.6,58,11.4,993.3,0,0.0,153,60.1,61.7,527.0,5.9,9.5,74.0,3.0,11,3
2025-11-05 04:00:00,18.9,62,11.3,993.8,0,0.0,154,59.6,61.2,521.0,5.9,9.8,71.0,3.0,11,4
2025-11-05 05:00:00,17.8,77,10.5,994.5,0,0.0,154,61.9,64.7,547.0,8.4,8.2,57.0,5.0,11,5
2025-11-05 06:00:00,17.7,78,10.5,995.1,0,0.0,155,61.2,63.6,642.0,10.5,8.3,50.0,4.0,11,6
2025-11-05 07:00:00,17.5,80,9.7,995.9,0,0.0,156,64.5,67.1,770.0,13.3,8.5,42.0,3.0,11,7
2025-11-05 08:00:00,18.4,75,7.2,996.7,0,0.0,157,67.8,69.8,835.0,14.4,9.1,44.0,4.0,11,8
2025-11-05 09:00:00,20.4,66,7.2,997.7,0,0.0,157,66.8,71.5,782.0,12.4,10.8,65.0,11.0,11,9
2025-11-05 10:00:00,22.7,58,7.2,997.8,0,0.0,158,64.5,73.6,667.0,8.7,13.0,96.0,20.0,11,10
2025-11-05 11:00:00,25.5,51,6.8,997.8,0,0.0,159,56.9,70.8,560.0,5.6,14.0,121.0,26.0,11,11
2025-11-05 12:00:00,27.6,42,7.0,997.2,0,0.0,160,53.9,68.2,474.0,3.4,12.9,133.0,25.0,11,12
2025-11-05 13:00:00,29.3,27,6.6,996.5,0,0.0,160,47.7,61.0,397.0,1.9,10.6,139.0,22.0,11,13
2025-11-05 14:00:00,29.8,21,6.1,995.8,0,0.0,160,33.6,43.4,361.0,2.2,8.8,138.0,18.0,11,14
2025-11-05 15:00:00,29.7,20,7.1,995.3,0,0.0,160,28.9,37.6,394.0,5.1,7.8,128.0,16.0,11,15
2025-11-05 16:00:00,29.1,20,8.8,995.0,0,0.0,159,29.7,37.1,468.0,9.9,7.3,112.0,13.0,11,16
2025-11-05 17:00:00,28.0,27,9.3,994.9,0,0.0,158,70.1,83.4,537.0,20.0,7.2,89.0,24.0,11,17
2025-11-05 18:00:00,26.4,31,9.4,995.4,0,0.0,159,80.8,94.3,584.0,24.5,7.8,79.0,24.0,11,18
2025-11-05 19:00:00,24.7,33,9.7,996.0,0,0.0,159,90.3,103.8,625.0,30.6,8.6,65.0,25.0,11,19
2025-11-05 20:00:00,23.7,30,9.8,996.4,0,0.0,158,95.9,110.1,666.0,34.9,9.4,54.0,25.0,11,20
2025-11-05 21:00:00,22.9,29,9.4,996.6,0,0.0,157,101.7,116.2,716.0,35.2,9.9,49.0,26.0,11,21
2025-11-05 22:00:00,22.1,30,7.9,996.7,0,0.0,156,109.2,124.3,765.0,33.6,10.4,46.0,26.0,11,22
2025-11-05 23:00:00,21.0,42,7.0,996.7,0,0.0,157,115.3,130.4,794.0,33.3,10.8,43.0,27.0,11,23
2025-11-06 00:00:00,20.5,44,6.2,996.6,0,0.0,158,117.3,132.7,779.0,35.7,11.2,38.0,28.0,11,0
2025-11-06 01:00:00,19.8,46,6.6,996.5,0,0.0,160,122.5,138.3,744.0,39.4,11.7,33.0,29.0,11,1
2025-11-06 02:00:00,19.2,48,6.1,996.3,0,0.0,162,130.9,147.6,736.0,43.1,12.0,28.0,29.0,11,2
2025-11-06 03:00:00,18.2,52,2.7,996.3,0,0.0,164,138.8,155.1,762.0,46.9,12.2,22.0,29.0,11,3
2025-11-06 04:00:00,17.4,55,2.6,996.1,0,0.0,166,144.4,160.2,815.0,50.7,12.3,15.0,28.0,11,4
2025-11-06 05:00:00,17.1,56,4.3,996.3,0,0.0,169,151.3,165.8,929.0,56.3,13.2,8.0,26.0,11,5
2025-11-06 06:00:00,16.7,60,6.1,996.9,0,0.0,171,154.6,168.1,1196.0,55.5,12.9,7.0,22.0,11,6
2025-11-06 07:00:00,16.4,63,5.1,997.7,0,0.0,174,167.2,179.7,1524.0,54.0,12.5,7.0,17.0,11,7
2025-11-06 08:00:00,17.5,59,3.0,998.4,0,0.0,177,170.0,177.9,1668.0,49.0,12.1,20.0,14.0,11,8
2025-11-06 09:00:00,20.5,46,2.0,999.2,0,0.0,180,135.5,142.0,1460.0,37.4,11.1,55.0,14.0,11,9
2025-11-06 10:00:00,23.3,35,2.7,999.7,0,0.0,182,86.4,95.0,1068.0,22.4,10.1,103.0,15.0,11,10
2025-11-06 11:00:00,25.7,30,3.1,999.6,0,0.0,183,61.7,71.2,751.0,10.9,10.5,141.0,17.0,11,11
2025-11-06 12:00:00,27.4,25,2.4,998.8,0,0.0,183,49.0,60.1,599.0,5.7,13.8,163.0,20.0,11,12
2025-11-06 13:00:00,28.5,22,3.1,997.8,0,0.0,183,51.6,64.7,522.0,4.1,18.5,177.0,23.0,11,13
2025-11-06 14:00:00,29.1,20,3.1,996.8,0,0.0,183,55.6,69.4,510.0,4.9,21.3,179.0,25.0,11,14
2025-11-06 15:00:00,29.1,20,2.8,996.3,0,0.0,184,57.3,70.5,582.0,8.7,20.1,165.0,23.0,11,15
2025-11-06 16:00:00,28.8,20,2.8,996.1,0,0.0,184,60.1,70.8,718.0,14.9,17.0,141.0,18.0,11,16
2025-11-06 17:00:00,27.3,24,5.1,996.1,0,0.0,185,92.4,104.8,851.0,28.3,20.7,128.0,23.0,11,17
2025-11-06 18:00:00,25.6,30,7.5,996.6,0,0.0,186,111.8,123.9,960.0,33.6,19.6,109.0,22.0,11,18
2025-11-06 19:00:00,24.7,32,5.2,997.3,0,0.0,187,128.1,139.2,1064.0,40.9,18.1,83.0,21.0,11,19
2025-11-06 20:00:00,23.8,33,6.2,997.8,0,0.0,188,140.2,151.3,1156.0,46.1,17.2,62.0,20.0,11,20
2025-11-06 21:00:00,23.0,35,6.9,998.0,0,0.0,189,150.9,162.5,1235.0,46.6,17.4,54.0,20.0,11,21
2025-11-06 22:00:00,22.2,37,6.0,997.8,0,0.0,191,163.4,175.1,1301.0,45.1,18.3,51.0,21.0,11,22
2025-11-06 23:00:00,21.0,42,3.7,997.9,0,0.0,192,173.7,185.8,1345.0,45.1,19.0,47.0,22.0,11,23
2025-11-07 00:00:00,20.0,46,5.6,997.7,0,0.0,194,179.7,192.3,1354.0,48.7,19.4,38.0,22.0,11,0
2025-11-07 01:00:00,19.2,48,6.5,997.1,3,0.0,196,185.3,197.9,1340.0,53.9,19.7,27.0,23.0,11,1
2025-11-07 02:00:00,18.5,50,7.1,997.3,0,0.0,198,189.1,202.1,1331.0,58.3,19.8,18.0,23.0,11,2
2025-11-07 03:00:00,17.8,52,7.2,997.3,0,0.0,200,191.4,204.4,1306.0,61.5,19.5,11.0,23.0,11,3
2025-11-07 04:00:00,17.3,53,7.1,997.0,0,0.0,202,191.9,204.4,1285.0,63.9,18.9,5.0,23.0,11,4
2025-11-07 05:00:00,16.2,61,2.9,997.1,0,0.0,204,200.2,214.2,1360.0,58.4,20.9,17.0,25.0,11,5
2025-11-07 06:00:00,15.8,63,4.6,997.7,0,0.0,206,203.5,217.5,1670.0,61.1,21.4,15.0,23.0,11,6
2025-11-07 07:00:00,15.3,66,3.5,998.5,0,0.0,208,217.9,231.4,2075.0,64.0,22.1,15.0,21.0,11,7
2025-11-07 08:00:00,16.4,62,2.0,999.0,0,0.0,210,231.9,243.1,2250.0,60.9,22.2,28.0,19.0,11,8
2025-11-07 09:00:00,19.5,50,1.3,999.8,0,0.0,212,183.9,191.9,1985.0,45.9,20.9,69.0,19.0,11,9
2025-11-07 10:00:00,22.9,37,0.5,999.8,0,0.0,214,124.3,134.1,1491.0,24.9,18.9,124.0,19.0,11,10
2025-11-07 11:00:00,25.6,31,1.8,999.9,0,0.0,216,89.4,99.9,1071.0,9.1,17.9,164.0,19.0,11,11
2025-11-07 12:00:00,27.3,27,2.3,999.1,0,0.0,217,67.3,77.8,815.0,3.1,19.0,177.0,20.0,11,12
2025-11-07 13:00:00,28.4,24,3.7,998.4,0,0.0,218,61.9,73.1,633.0,2.3,21.1,176.0,20.0,11,13
2025-11-07 14:00:00,29.0,22,4.7,997.7,0,0.0,218,59.8,71.0,562.0,4.0,21.9,167.0,20.0,11,14
2025-11-07 15:00:00,29.1,20,5.5,997.0,0,0.0,218,57.9,68.9,596.0,8.0,20.1,151.0,18.0,11,15
2025-11-07 16:00:00,28.7,20,5.6,996.8,0,0.0,219,58.2,67.8,741.0,14.5,17.0,128.0,16.0,11,16
2025-11-07 17:00:00,27.2,23,6.6,996.7,0,0.0,218,82.7,93.1,1055.0,26.7,22.1,123.0,19.0,11,17
2025-11-07 18:00:00,25.7,29,6.0,996.9,0,0.0,218,102.7,112.7,1667.0,34.0,21.1,102.0,18.0,11,18
2025-11-07 19:00:00,24.7,32,4.9,997.5,0,0.0,218,122.0,131.3,2448.0,44.2,19.8,73.0,17.0,11,19
2025-11-07 20:00:00,23.6,33,5.5,998.1,0,0.0,217,140.2,149.5,3063.0,52.1,18.9,49.0,16.0,11,20
2025-11-07 21:00:00,22.8,34,2.9,998.2,0,0.0,217,156.0,164.8,3391.0,55.1,18.8,36.0,16.0,11,21
2025-11-07 22:00:00,22.0,37,4.1,998.1,0,0.0,218,170.9,180.2,3553.0,55.9,19.2,29.0,16.0,11,22
2025-11-07 23:00:00,21.0,43,5.2,998.1,0,0.0,218,182.1,191.4,3579.0,57.1,19.5,23.0,16.0,11,23
2025-11-08 00:00:00,19.9,48,6.4,997.8,0,0.0,218,185.3,194.6,3433.0,60.6,19.6,17.0,16.0,11,0
2025-11-08 01:00:00,19.0,51,6.0,997.6,0,0.0,218,187.2,197.0,3152.0,64.5,19.6,11.0,17.0,11,1
2025-11-08 02:00:00,18.4,51,5.1,997.5,0,0.0,219,190.5,200.2,2869.0,65.9,19.3,8.0,17.0,11,2
2025-11-08 03:00:00,17.9,52,2.3,997.3,0,0.0,219,192.8,202.6,2585.0,62.8,18.4,7.0,17.0,11,3
2025-11-08 04:00:00,17.1,55,3.0,997.2,0,0.0,219,191.9,201.2,2300.0,57.3,17.3,8.0,17.0,11,4
2025-11-08 05:00:00,15.9,66,1.9,997.4,0,0.0,219,135.5,143.9,2150.0,24.0,13.6,47.0,14.0,11,5
2025-11-08 06:00:00,15.7,64,3.6,997.8,0,0.0,216,129.0,136.9,2296.0,26.3,13.5,43.0,12.0,11,6
2025-11-08 07:00:00,15.1,65,3.1,998.6,0,0.0,213,135.0,143.0,2577.0,29.1,13.4,38.0,10.0,11,7
2025-11-08 08:00:00,16.0,61,2.4,999.3,0,0.0,209,134.6,139.7,2644.0,28.9,13.4,44.0,9.0,11,8
2025-11-08 09:00:00,18.9,50,2.3,1000.1,0,0.0,205,115.0,119.7,2280.0,22.7,13.6,71.0,10.0,11,9
2025-11-08 10:00:00,22.2,40,2.4,1000.3,0,0.0,203,94.3,100.4,1702.0,13.4,13.8,110.0,11.0,11,10
2025-11-08 11:00:00,25.3,34,2.9,1000.3,0,0.0,201,66.6,73.8,1216.0,6.2,14.2,139.0,13.0,11,11
2025-11-08 12:00:00,27.1,29,3.5,999.6,0,0.0,200,51.8,59.6,923.0,2.7,14.9,152.0,14.0,11,12
2025-11-08 13:00:00,28.3,25,3.8,999.0,0,0.0,200,47.4,55.9,722.0,1.4,15.6,156.0,15.0,11,13
2025-11-08 14:00:00,28.9,22,3.4,998.2,0,0.0,199,46.4,55.1,612.0,2.4,16.0,152.0,15.0,11,14
2025-11-08 15:00:00,28.9,21,3.8,997.7,0,0.0,199,45.4,53.9,627.0,6.5,15.5,138.0,14.0,11,15
2025-11-08 16:00:00,28.4,22,5.2,997.5,0,0.0,199,47.5,54.4,734.0,13.1,14.5,117.0,12.0,11,16
2025-11-08 17:00:00,26.9,27,8.3,997.7,0,0.0,198,68.7,78.0,833.0,25.4,14.3,93.0,17.0,11,17
2025-11-08 18:00:00,25.3,31,11.5,998.0,0,0.0,198,88.5,97.6,886.0,32.5,14.9,79.0,16.0,11,18
2025-11-08 19:00:00,24.3,31,10.8,998.3,0,0.0,197,107.1,115.9,931.0,42.1,15.6,60.0,16.0,11,19
2025-11-08 20:00:00,23.7,33,8.7,998.6,0,0.0,197,120.1,128.5,984.0,48.2,16.3,46.0,15.0,11,20
2025-11-08 21:00:00,22.5,36,7.4,998.9,0,0.0,196,126.2,134.1,1070.0,47.1,16.8,43.0,15.0,11,21
2025-11-08 22:00:00,21.3,39,6.6,998.7,0,0.0,195,132.7,140.6,1164.0,42.4,17.1,45.0,14.0,11,22
2025-11-08 23:00:00,20.1,46,6.6,998.8,0,0.0,194,138.8,146.7,1212.0,39.0,17.4,46.0,14.0,11,23
2025-11-09 00:00:00,19.4,48,6.9,998.3,0,0.0,193,139.2,147.6,1176.0,38.7,17.6,44.0,14.0,11,0
2025-11-09 01:00:00,18.5,51,7.3,998.1,0,0.0,192,142.5,150.4,1094.0,39.8,17.8,40.0,15.0,11,1
2025-11-09 02:00:00,17.8,54,8.2,997.9,0,0.0,190,148.1,156.9,1029.0,41.3,17.9,36.0,15.0,11,2
2025-11-09 03:00:00,17.0,56,8.5,997.5,0,0.0,189,155.1,163.9,975.0,43.5,17.9,29.0,15.0,11,3
2025-11-09 04:00:00,16.4,59,8.6,997.2,0,0.0,188,161.1,170.0,938.0,46.2,17.8,22.0,15.0,11,4
2025-11-09 05:00:00,16.0,67,7.8,997.4,0,0.0,187,151.3,158.8,992.0,32.8,14.4,24.0,13.0,11,5
2025-11-09 06:00:00,15.6,69,6.6,997.7,0,0.0,188,150.4,157.4,1251.0,35.3,14.3,21.0,11.0,11,6
2025-11-09 07:00:00,15.0,72,5.1,998.6,0,0.0,188,159.3,166.2,1602.0,38.4,14.2,19.0,9.0,11,7
2025-11-09 08:00:00,15.8,70,3.5,999.2,0,0.0,189,166.2,170.9,1776.0,37.6,14.3,30.0,8.0,11,8
2025-11-09 09:00:00,18.5,59,2.0,999.7,0,0.0,190,138.3,143.0,1609.0,29.1,14.8,68.0,9.0,11,9
2025-11-09 10:00:00,21.9,46,2.1,999.7,0,0.0,191,107.3,113.9,1266.0,16.8,15.6,120.0,11.0,11,10
2025-11-09 11:00:00,25.1,36,2.2,999.2,0,0.0,191,84.3,91.7,975.0,7.3,16.6,158.0,13.0,11,11
2025-11-09 12:00:00,26.9,28,2.3,998.4,0,0.0,191,61.9,69.8,798.0,3.1,18.1,172.0,13.0,11,12
2025-11-09 13:00:00,27.9,25,2.9,997.3,0,0.0,192,57.6,64.7,674.0,1.8,19.7,172.0,12.0,11,13
2025-11-09 14:00:00,28.5,23,2.6,996.4,0,0.0,192,55.9,62.2,647.0,3.0,20.2,165.0,11.0,11,14
2025-11-09 15:00:00,28.6,22,2.2,995.7,0,0.0,192,55.5,61.5,747.0,7.4,18.7,149.0,10.0,11,15
2025-11-09 16:00:00,28.2,23,2.1,995.4,5,0.0,193,57.6,62.4,946.0,14.2,16.0,126.0,8.0,11,16
2025-11-09 17:00:00,27.1,24,2.8,995.4,0,0.0,193,77.8,83.1,1199.0,26.3,17.9,107.0,10.0,11,17
2025-11-09 18:00:00,25.6,28,3.2,995.5,0,0.0,193,98.5,103.8,1532.0,32.4,17.2,90.0,9.0,11,18
2025-11-09 19:00:00,24.4,31,2.8,996.0,0,0.0,193,113.9,118.7,1920.0,40.8,16.3,66.0,9.0,11,19
2025-11-09 20:00:00,23.6,34,2.7,996.3,0,0.0,194,126.7,131.8,2248.0,47.3,15.8,47.0,8.0,11,20
2025-11-09 21:00:00,22.8,36,0.9,996.4,0,0.0,194,140.2,144.8,2506.0,50.3,16.3,37.0,8.0,11,21
2025-11-09 22:00:00,21.7,39,2.9,996.4,0,0.0,194,153.2,158.3,2705.0,51.4,17.2,31.0,9.0,11,22
2025-11-09 23:00:00,20.7,42,3.5,996.3,0,0.0,195,161.6,166.7,2759.0,51.3,17.6,27.0,9.0,11,23
2025-11-10 00:00:00,19.7,42,5.5,995.8,0,0.0,196,161.1,166.2,2570.0,50.3,17.0,24.0,9.0,11,0
2025-11-10 01:00:00,18.9,44,4.6,995.4,0,0.0,196,159.3,163.9,2237.0,48.0,15.8,22.0,8.0,11,1
2025-11-10 02:00:00,17.9,46,6.0,995.3,0,0.0,197,153.7,158.3,1971.0,44.2,14.6,23.0,8.0,11,2
2025-11-10 03:00:00,17.1,47,6.0,995.0,0,0.0,197,143.9,148.1,1820.0,37.4,13.3,29.0,7.0,11,3
2025-11-10 04:00:00,16.6,49,3.0,995.0,0,0.0,197,130.4,134.6,1736.0,29.0,11.8,38.0,7.0,11,4
2025-11-10 05:00:00,15.9,57,2.1,995.7,0,0.0,196,112.7,116.4,1781.0,21.7,11.4,47.0,7.0,11,5
2025-11-10 06:00:00,15.2,59,4.9,995.7,0,0.0,195,106.6,110.1,2118.0,23.0,11.0,43.0,6.0,11,6
2025-11-10 07:00:00,14.8,59,4.5,996.6,0,0.0,193,110.6,114.1,2584.0,24.5,10.5,38.0,5.0,11,7
2025-11-10 08:00:00,15.8,54,3.5,997.3,0,0.0,192,109.9,112.5,2758.0,23.9,10.4,44.0,4.0,11,8
2025-11-10 09:00:00,19.1,43,0.7,997.9,0,0.0,190,99.2,101.5,2361.0,19.3,10.9,69.0,4.0,11,9
2025-11-10 10:00:00,22.2,34,0.7,998.2,0,0.0,189,87.3,90.3,1671.0,12.7,11.8,103.0,5.0,11,10
2025-11-10 11:00:00,24.7,30,1.3,998.1,0,0.0,188,71.0,74.3,1101.0,7.4,13.2,131.0,6.0,11,11
2025-11-10 12:00:00,26.6,25,2.0,997.3,0,0.0,188,48.0,52.3,791.0,4.2,15.9,146.0,8.0,11,12
2025-11-10 13:00:00,27.9,22,3.0,996.5,0,0.0,188,40.9,46.7,601.0,2.3,19.1,155.0,11.0,11,13
2025-11-10 14:00:00,28.6,19,3.4,995.6,0,0.0,187,37.7,44.2,522.0,2.9,20.8,154.0,12.0,11,14
2025-11-10 15:00:00,28.8,18,4.1,995.1,0,0.0,186,35.9,42.6,587.0,6.9,19.4,140.0,11.0,11,15
2025-11-10 16:00:00,28.4,18,4.8,995.0,0,0.0,186,37.8,43.3,762.0,13.4,16.4,118.0,9.0,11,16
2025-11-10 17:00:00,26.7,22,4.5,995.1,0,0.0,185,53.3,60.3,941.0,24.9,16.1,94.0,13.0,11,17
2025-11-10 18:00:00,24.8,29,5.6,995.5,0,0.0,185,73.3,80.1,1098.0,33.1,16.4,77.0,12.0,11,18
2025-11-10 19:00:00,23.4,35,5.3,996.1,0,0.0,184,94.1,100.4,1259.0,44.3,16.8,54.0,12.0,11,19
2025-11-10 20:00:00,22.4,38,5.7,996.3,0,0.0,183,112.9,119.2,1390.0,52.3,17.2,35.0,11.0,11,20
2025-11-10 21:00:00,21.5,39,6.5,996.9,0,0.0,183,127.6,133.6,1489.0,53.8,17.5,27.0,11.0,11,21
2025-11-10 22:00:00,20.6,41,5.6,996.9,0,0.0,182,140.6,146.7,1558.0,52.0,17.6,24.0,11.0,11,22
2025-11-10 23:00:00,19.7,47,2.7,997.1,0,0.0,182,149.9,156.0,1568.0,50.6,17.6,21.0,11.0,11,23
2025-11-11 00:00:00,19.1,49,3.2,997.0,0,0.0,182,152.7,158.8,1488.0,51.4,17.3,17.0,11.0,11,0
2025-11-11 01:00:00,17.8,54,6.1,996.7,0,0.0,181,156.0,162.1,1348.0,52.6,16.9,14.0,11.0,11,1
2025-11-11 02:00:00,16.5,59,8.0,996.4,0,0.0,181,157.9,163.9,1209.0,51.7,16.2,12.0,11.0,11,2
2025-11-11 03:00:00,15.5,63,7.8,996.4,0,0.0,181,155.5,161.6,1061.0,47.0,15.1,13.0,11.0,11,3
2025-11-11 04:00:00,14.7,66,7.2,996.5,0,0.0,182,148.5,154.1,914.0,40.3,13.7,16.0,10.0,11,4
2025-11-11 05:00:00,13.8,72,8.3,996.9,0,0.0,182,128.1,133.2,862.0,27.7,11.0,24.0,9.0,11,5
2025-11-11 06:00:00,13.3,74,8.6,997.4,0,0.0,183,126.2,130.9,999.0,29.4,10.7,19.0,8.0,11,6
2025-11-11 07:00:00,13.1,76,8.0,998.2,0,0.0,183,138.8,143.4,1231.0,31.4,10.4,13.0,6.0,11,7
2025-11-11 08:00:00,14.2,71,4.9,999.2,0,0.0,184,145.8,148.5,1374.0,30.7,10.7,21.0,5.0,11,8
2025-11-11 09:00:00,16.7,60,4.3,999.9,0,0.0,185,127.1,130.4,1343.0,24.9,12.2,55.0,5.0,11,9
2025-11-11 10:00:00,19.7,49,5.2,1000.2,0,0.0,186,109.0,112.9,1224.0,16.5,14.4,102.0,7.0,11,10
2025-11-11 11:00:00,22.8,39,5.6,1000.0,0,0.0,187,95.9,100.6,1085.0,9.7,16.3,139.0,8.0,11,11
2025-11-11 12:00:00,24.7,34,6.0,999.2,0,0.0,188,80.8,85.9,916.0,5.4,17.7,158.0,10.0,11,12
2025-11-11 13:00:00,26.1,30,6.0,998.5,0,0.0,189,57.6,63.8,728.0,2.7,18.9,167.0,12.0,11,13
2025-11-11 14:00:00,27.0,26,5.4,997.6,0,0.0,189,45.8,52.6,624.0,3.2,19.3,167.0,13.0,11,14
2025-11-11 15:00:00,27.2,25,5.0,997.2,0,0.0,189,43.1,49.9,657.0,8.4,18.4,154.0,13.0,11,15
2025-11-11 16:00:00,26.7,25,5.8,997.2,0,0.0,189,46.2,52.2,773.0,16.9,16.6,132.0,11.0,11,16
2025-11-11 17:00:00,25.6,28,8.0,997.1,0,0.0,190,85.0,93.4,916.0,31.3,17.8,106.0,16.0,11,17
2025-11-11 18:00:00,24.3,31,9.0,997.5,0,0.0,191,104.5,112.9,1083.0,40.0,17.9,87.0,16.0,11,18
2025-11-11 19:00:00,23.8,32,7.4,998.2,0,0.0,192,125.3,133.6,1277.0,52.0,18.0,61.0,15.0,11,19
2025-11-11 20:00:00,22.9,34,5.4,998.3,0,0.0,193,143.9,151.8,1449.0,61.2,18.4,40.0,15.0,11,20
2025-11-11 21:00:00,21.5,38,4.5,998.7,0,0.0,193,159.3,167.6,1616.0,64.5,19.2,30.0,15.0,11,21
2025-11-11 22:00:00,19.9,44,6.1,998.9,0,0.0,194,173.7,182.1,1762.0,65.0,20.2,25.0,16.0,11,22
2025-11-11 23:00:00,18.9,50,5.9,999.1,0,0.0,195,183.9,192.8,1791.0,65.2,20.8,21.0,16.0,11,23
2025-11-12 00:00:00,17.9,55,7.2,998.7,0,0.0,196,187.7,196.0,1613.0,67.2,20.7,16.0,15.0,11,0
2025-11-12 01:00:00,17.1,58,6.7,998.4,0,0.0,197,184.4,192.8,1317.0,69.0,20.3,11.0,14.0,11,1
2025-11-12 02:00:00,16.6,60,6.5,998.2,0,0.0,198,172.8,180.2,1082.0,67.4,19.6,10.0,13.0,11,2
2025-11-12 03:00:00,15.9,62,6.7,997.9,0,0.0,199,154.6,161.1,954.0,59.0,18.6,15.0,12.0,11,3
2025-11-12 04:00:00,15.1,66,6.7,997.9,0,0.0,199,139.2,145.3,887.0,47.1,17.4,22.0,11.0,11,4
2025-11-12 05:00:00,14.8,71,6.2,998.2,0,0.0,198,205.8,215.1,910.0,75.0,21.0,1.0,17.0,11,5
2025-11-12 06:00:00,14.6,73,5.6,998.5,0,0.0,201,210.5,219.3,1113.0,71.6,20.2,0.0,15.0,11,6
2025-11-12 07:00:00,14.1,77,5.1,999.3,0,0.0,205,224.4,233.3,1407.0,66.3,19.1,2.0,12.0,11,7
2025-11-12 08:00:00,14.9,74,3.7,1000.0,0,0.0,208,235.2,242.1,1559.0,57.6,18.5,18.0,11.0,11,8
2025-11-12 09:00:00,17.8,61,2.3,1000.7,0,0.0,212,192.8,197.9,1435.0,42.5,18.0,63.0,12.0,11,9
2025-11-12 10:00:00,21.4,47,1.9,1001.1,0,0.0,215,137.8,145.8,1170.0,24.1,17.8,123.0,14.0,11,10
2025-11-12 11:00:00,24.6,37,1.8,1000.8,0,0.0,216,106.9,115.7,934.0,10.4,19.8,169.0,16.0,11,11
2025-11-12 12:00:00,26.4,28,3.5,1000.2,0,0.0,216,90.1,98.7,766.0,4.4,26.2,189.0,17.0,11,12
2025-11-12 13:00:00,27.3,25,5.1,999.5,0,0.0,217,70.5,79.6,626.0,3.0,34.6,195.0,17.0,11,13
2025-11-12 14:00:00,27.6,24,5.6,998.7,0,0.0,217,65.7,74.7,567.0,5.0,39.8,191.0,17.0,11,14
2025-11-12 15:00:00,27.5,24,5.8,998.4,0,0.0,218,63.1,71.9,617.0,11.1,38.7,176.0,16.0,11,15
2025-11-12 16:00:00,27.0,25,5.9,998.4,0,0.0,219,67.3,75.0,747.0,20.6,34.2,152.0,14.0,11,16
2025-11-12 17:00:00,25.6,29,7.5,998.3,0,0.0,220,96.6,107.3,923.0,31.6,34.9,131.0,20.0,11,17
2025-11-12 18:00:00,24.5,31,7.6,998.5,0,0.0,220,118.7,129.0,1151.0,39.9,33.1,108.0,19.0,11,18
2025-11-12 19:00:00,23.6,33,6.4,998.9,0,0.0,221,141.6,151.3,1426.0,51.3,30.6,77.0,18.0,11,19
2025-11-12 20:00:00,22.2,37,5.1,999.6,0,0.0,221,162.1,171.4,1695.0,59.8,28.4,51.0,17.0,11,20
2025-11-12 21:00:00,21.4,39,4.6,1000.0,0,0.0,222,178.8,188.1,1965.0,62.3,26.9,37.0,17.0,11,21
2025-11-12 22:00:00,21.0,39,2.2,1000.0,0,0.0,223,194.2,204.0,2230.0,61.8,25.8,29.0,18.0,11,22
2025-11-12 23:00:00,19.7,48,0.6,1000.1,0,0.0,224,204.4,214.2,2422.0,61.9,25.1,22.0,18.0,11,23
2025-11-13 00:00:00,19.4,45,1.9,999.7,0,0.0,225,204.4,214.7,2533.0,64.1,25.0,15.0,18.0,11,0
2025-11-13 01:00:00,18.4,48,2.7,999.3,0,0.0,225,202.1,212.3,2572.0,66.7,25.4,11.0,19.0,11,1
2025-11-13 02:00:00,17.3,50,5.1,999.2,0,0.0,226,198.8,209.5,2492.0,68.6,25.9,7.0,19.0,11,2
2025-11-13 03:00:00,16.5,52,5.0,999.1,0,0.0,227,196.5,206.8,2189.0,69.5,26.5,5.0,20.0,11,3
2025-11-13 04:00:00,15.9,54,5.9,998.9,0,0.0,229,196.0,206.8,1768.0,69.7,27.2,4.0,20.0,11,4
2025-11-13 05:00:00,14.9,62,7.6,999.4,0,0.0,231,164.4,173.7,1497.0,43.9,16.0,17.0,17.0,11,5
2025-11-13 06:00:00,14.5,69,7.2,1000.0,0,0.0,230,163.4,172.3,1556.0,41.6,15.5,18.0,15.0,11,6
2025-11-13 07:00:00,14.2,71,6.9,1000.9,0,0.0,228,165.8,174.2,1765.0,38.0,14.7,22.0,12.0,11,7
2025-11-13 08:00:00,15.1,69,4.7,1001.8,0,0.0,225,146.7,152.3,1851.0,32.7,14.4,34.0,10.0,11,8
2025-11-13 09:00:00,18.1,60,1.2,1002.4,0,0.0,222,112.9,117.6,1671.0,24.2,14.8,64.0,10.0,11,9
2025-11-13 10:00:00,21.4,47,1.9,1002.7,0,0.0,218,84.3,90.1,1368.0,14.0,15.5,104.0,11.0,11,10
2025-11-13 11:00:00,24.6,37,3.3,1002.7,0,0.0,216,53.4,59.6,1097.0,6.4,16.1,133.0,12.0,11,11
2025-11-13 12:00:00,26.2,32,4.2,1001.9,0,0.0,214,38.4,45.1,876.0,2.8,16.5,144.0,13.0,11,12
2025-11-13 13:00:00,27.3,29,4.0,1000.8,0,0.0,212,31.7,38.5,689.0,1.7,16.7,145.0,13.0,11,13
2025-11-13 14:00:00,27.9,27,3.4,999.9,0,0.0,210,27.9,34.7,636.0,3.2,16.4,139.0,13.0,11,14
2025-11-13 15:00:00,28.1,26,2.8,999.5,0,0.0,208,26.1,32.6,741.0,8.3,15.0,124.0,12.0,11,15
2025-11-13 16:00:00,27.4,30,2.8,999.3,0,0.0,207,29.6,34.6,981.0,16.0,13.0,102.0,10.0,11,16
2025-11-13 17:00:00,26.0,31,1.9,999.2,0,0.0,205,52.2,62.6,1394.0,26.4,13.3,80.0,20.0,11,17
2025-11-13 18:00:00,25.1,28,2.3,999.4,0,0.0,203,72.9,83.4,2181.0,32.1,13.2,67.0,20.0,11,18
2025-11-13 19:00:00,24.0,30,2.0,999.9,0,0.0,202,89.6,100.1,3140.0,40.0,13.1,50.0,19.0,11,19
2025-11-13 20:00:00,23.0,32,2.1,1000.2,0,0.0,200,101.0,111.3,3704.0,46.7,13.3,35.0,19.0,11,20
2025-11-13 21:00:00,21.9,35,1.5,1000.2,0,0.0,198,112.0,122.5,3548.0,50.7,14.1,26.0,19.0,11,21
2025-11-13 22:00:00,20.8,37,2.7,1000.2,0,0.0,196,125.7,136.4,2998.0,53.4,15.1,19.0,20.0,11,22
2025-11-13 23:00:00,19.5,54,0.6,1000.2,0,0.0,194,134.6,145.3,2459.0,55.5,15.7,14.0,20.0,11,23
2025-11-14 00:00:00,19.2,44,1.9,999.9,0,0.0,192,134.1,144.8,2033.0,57.6,15.5,9.0,20.0,11,0
2025-11-14 01:00:00,18.4,46,2.6,999.3,0,0.0,190,132.7,143.9,1618.0,59.0,14.8,5.0,20.0,11,1
2025-11-14 02:00:00,17.7,48,1.9,999.3,0,0.0,187,131.8,142.5,1319.0,58.7,14.0,3.0,19.0,11,2
2025-11-14 03:00:00,17.1,48,5.1,999.0,0,0.0,185,129.5,139.7,1141.0,55.8,13.1,3.0,18.0,11,3
2025-11-14 04:00:00,15.9,51,7.5,998.6,0,0.0,183,122.5,132.2,1078.0,51.2,12.1,4.0,17.0,11,4
2025-11-14 05:00:00,14.5,66,1.0,999.2,0,0.0,181,101.0,109.4,1222.0,39.9,10.7,14.0,15.0,11,5
2025-11-14 06:00:00,14.3,65,3.4,999.7,0,0.0,179,87.5,95.0,1809.0,37.1,10.4,15.0,13.0,11,6
2025-11-14 07:00:00,13.8,67,2.4,1000.3,0,0.0,177,88.0,95.2,2603.0,33.1,10.2,17.0,11.0,11,7
2025-11-14 08:00:00,14.5,64,1.5,1001.0,0,0.0,175,89.4,94.5,2983.0,28.3,10.6,27.0,9.0,11,8
2025-11-14 09:00:00,17.7,52,1.3,1001.8,0,0.0,173,71.2,75.4,2552.0,22.3,12.3,50.0,8.0,11,9
2025-11-14 10:00:00,20.8,39,1.5,1001.8,0,0.0,172,58.0,62.2,1707.0,15.5,14.6,81.0,8.0,11,10
2025-11-14 11:00:00,24.1,31,2.4,1001.7,0,0.0,171,43.3,47.3,1017.0,10.2,16.9,106.0,7.0,11,11
2025-11-14 12:00:00,26.2,25,3.8,1000.8,0,0.0,171,31.5,34.8,682.0,6.6,19.3,123.0,6.0,11,12
2025-11-14 13:00:00,27.6,21,5.2,999.9,0,0.0,171,27.7,30.4,502.0,4.5,21.6,135.0,5.0,11,13
2025-11-14 14:00:00,28.5,17,5.8,999.0,0,0.0,170,24.9,27.2,450.0,4.7,22.4,137.0,4.0,11,14
2025-11-14 15:00:00,28.8,16,6.1,998.5,0,0.0,170,22.4,24.5,576.0,8.5,20.5,125.0,3.0,11,15
2025-11-14 16:00:00,28.4,16,6.3,998.4,0,0.0,170,23.7,25.4,831.0,14.7,17.0,103.0,3.0,11,16
2025-11-14 17:00:00,26.6,19,5.3,998.3,0,0.0,170,30.2,31.0,1038.0,23.0,16.4,83.0,2.0,11,17
2025-11-14 18:00:00,25.5,21,8.2,998.5,0,0.0,169,43.5,44.5,1113.0,27.9,15.8,70.0,2.0,11,18
2025-11-14 19:00:00,24.5,22,8.6,999.0,0,0.0,169,57.4,58.4,1141.0,34.8,15.0,52.0,2.0,11,19
2025-11-14 20:00:00,22.7,25,8.7,999.6,0,0.0,168,66.6,68.0,1199.0,40.5,14.5,37.0,2.0,11,20
2025-11-14 21:00:00,21.4,28,5.9,999.9,0,0.0,167,73.3,75.9,1341.0,44.0,14.6,29.0,2.0,11,21
2025-11-14 22:00:00,20.6,31,4.5,999.8,0,0.0,165,82.4,85.4,1513.0,46.3,15.0,24.0,3.0,11,22
2025-11-14 23:00:00,19.1,37,3.1,999.9,0,0.0,164,88.0,91.3,1627.0,47.7,15.1,20.0,3.0,11,23
2025-11-15 00:00:00,18.8,36,3.9,999.6,0,0.0,163,87.3,90.6,1624.0,48.0,14.6,17.0,3.0,11,0
2025-11-15 01:00:00,17.6,39,3.1,999.4,0,0.0,161,86.8,90.1,1562.0,47.4,13.9,15.0,4.0,11,1
2025-11-15 02:00:00,17.0,41,2.4,999.4,0,0.0,160,86.4,89.9,1530.0,46.6,13.2,14.0,4.0,11,2
2025-11-15 03:00:00,16.2,50,1.1,999.2,0,0.0,159,86.6,90.3,1571.0,45.6,12.7,12.0,4.0,11,3
2025-11-15 04:00:00,15.1,52,4.6,999.2,0,0.0,157,87.5,91.3,1643.0,44.5,12.3,10.0,4.0,11,4
2025-11-15 05:00:00,14.3,63,4.8,999.6,0,0.0,156,71.2,74.3,1702.0,30.8,10.8,21.0,3.0,11,5
2025-11-15 06:00:00,13.2,70,6.4,1000.2,0,0.0,155,70.3,73.6,1760.0,32.1,11.0,18.0,3.0,11,6
2025-11-15 07:00:00,12.4,77,6.3,1001.0,0,0.0,155,77.8,82.2,1805.0,33.6,11.4,15.0,3.0,11,7
2025-11-15 08:00:00,13.2,75,4.4,1001.8,0,0.0,155,88.9,92.7,1767.0,32.5,12.3,22.0,3.0,11,8
2025-11-15 09:00:00,16.1,64,2.4,1002.5,0,0.0,155,73.6,76.4,1583.0,26.6,14.1,48.0,3.0,11,9
2025-11-15 10:00:00,19.5,51,2.7,1003.1,0,0.0,155,58.3,60.1,1315.0,18.3,16.5,84.0,4.0,11,10
2025-11-15 11:00:00,23.1,39,2.6,1003.0,0,0.0,155,46.1,48.0,1075.0,11.5,18.9,113.0,4.0,11,11
2025-11-15 12:00:00,25.2,33,3.1,1002.5,0,0.0,155,32.8,35.2,881.0,7.3,21.7,131.0,4.0,11,12
2025-11-15 13:00:00,26.4,29,4.2,1001.7,0,0.0,155,27.9,30.3,716.0,4.7,24.6,142.0,5.0,11,13
2025-11-15 14:00:00,27.0,25,4.5,1000.8,0,0.0,155,25.1,27.6,642.0,5.0,25.7,144.0,5.0,11,14
2025-11-15 15:00:00,27.1,24,4.7,1000.3,0,0.0,155,23.5,25.9,687.0,9.5,23.6,131.0,4.0,11,15
2025-11-15 16:00:00,26.6,25,5.6,1000.2,0,0.0,155,27.2,29.1,823.0,17.0,19.7,109.0,4.0,11,16
2025-11-15 17:00:00,25.2,30,6.7,1000.0,0,0.0,155,48.8,51.0,1028.0,29.6,21.5,94.0,4.0,11,17
2025-11-15 18:00:00,24.3,33,6.2,1000.4,0,0.0,156,67.1,69.2,1349.0,36.9,20.9,78.0,4.0,11,18
2025-11-15 19:00:00,23.5,36,4.5,1000.7,0,0.0,156,85.9,88.2,1739.0,47.3,20.2,55.0,4.0,11,19
2025-11-15 20:00:00,22.5,39,4.6,1001.2,0,0.0,157,104.3,106.6,2037.0,56.8,20.1,36.0,4.0,11,20
2025-11-15 21:00:00,21.4,42,4.7,1001.9,0,0.0,158,119.2,122.9,2172.0,65.0,21.1,23.0,4.0,11,21
2025-11-15 22:00:00,20.3,47,3.5,1002.3,0,0.0,160,131.8,137.8,2215.0,72.4,22.6,12.0,4.0,11,22
2025-11-15 23:00:00,18.5,57,0.7,1002.4,0,0.0,161,141.6,147.6,2213.0,76.7,24.1,5.0,4.0,11,23
2025-11-16 00:00:00,17.9,57,1.3,1002.0,0,0.0,163,139.2,144.4,2178.0,76.0,25.5,2.0,4.0,11,0
2025-11-16 01:00:00,17.0,64,1.0,1001.7,0,0.0,164,136.4,138.8,2099.0,72.1,26.9,2.0,3.0,11,1
2025-11-16 02:00:00,16.3,63,5.0,1001.9,0,0.0,166,131.8,133.2,1988.0,68.2,27.5,2.0,3.0,11,2
2025-11-16 03:00:00,15.2,68,6.1,1002.0,0,0.0,167,127.6,129.0,1783.0,65.4,26.8,1.0,3.0,11,3
2025-11-16 04:00:00,14.8,70,5.8,1002.0,0,0.0,168,125.3,126.7,1547.0,62.6,25.3,0.0,2.0,11,4
2025-11-16 05:00:00,14.3,73,6.4,1002.3,0,0.0,169,148.5,153.7,1483.0,65.1,20.1,0.0,4.0,11,5
2025-11-16 06:00:00,13.6,75,6.6,1002.8,0,0.0,172,151.8,156.5,1807.0,62.2,19.4,0.0,4.0,11,6
2025-11-16 07:00:00,13.2,76,4.9,1003.6,0,0.0,174,164.8,169.5,2304.0,57.6,18.4,0.0,3.0,11,7
2025-11-16 08:00:00,13.8,74,1.3,1004.4,0,0.0,177,179.3,183.5,2532.0,50.7,18.3,13.0,3.0,11,8
2025-11-16 09:00:00,16.8,60,0.6,1005.2,0,0.0,179,138.8,143.9,2224.0,39.2,19.3,49.0,3.0,11,9
2025-11-16 10:00:00,20.3,47,1.3,1005.7,0,0.0,181,101.0,103.8,1647.0,25.4,21.0,97.0,4.0,11,10
2025-11-16 11:00:00,23.5,38,0.9,1005.4,0,0.0,183,71.5,73.6,1164.0,14.6,23.7,135.0,4.0,11,11
2025-11-16 12:00:00,25.6,32,1.7,1004.7,0,0.0,183,51.3,53.6,885.0,8.7,28.5,154.0,4.0,11,12
2025-11-16 13:00:00,26.8,27,3.3,1003.6,0,0.0,184,39.9,41.9,700.0,5.8,34.1,163.0,3.0,11,13
2025-11-16 14:00:00,27.5,24,3.6,1002.6,0,0.0,184,36.7,38.5,644.0,6.5,37.1,162.0,3.0,11,14
2025-11-16 15:00:00,27.7,22,4.0,1002.1,0,0.0,185,35.6,37.3,719.0,11.9,35.2,149.0,3.0,11,15
2025-11-16 16:00:00,27.3,23,4.5,1001.9,4,0.0,185,40.5,41.8,922.0,20.8,30.7,128.0,2.0,11,16
2025-11-16 17:00:00,24.7,43,2.2,1001.5,100,0.0,185,57.3,58.9,1280.0,28.9,25.2,108.0,3.0,11,17
2025-11-16 18:00:00,23.9,40,1.1,1001.7,100,0.0,186,75.9,77.5,1947.0,36.9,24.4,89.0,3.0,11,18
2025-11-16 19:00:00,22.5,44,0.7,1002.1,13,0.0,186,94.8,96.4,2769.0,48.1,23.3,63.0,3.0,11,19
2025-11-16 20:00:00,21.5,46,2.6,1002.5,0,0.0,186,113.4,114.8,3312.0,56.8,22.3,41.0,3.0,11,20
2025-11-16 21:00:00,20.6,46,3.7,1002.7,0,0.0,186,128.5,129.9,3364.0,61.4,21.5,27.0,3.0,11,21
2025-11-16 22:00:00,20.0,46,3.1,1002.6,0,0.0,187,137.8,139.2,3138.0,63.6,20.8,17.0,2.0,11,22
2025-11-16 23:00:00,18.4,54,2.2,1002.4,0,0.0,187,137.8,139.2,2836.0,63.0,19.8,12.0,2.0,11,23
2025-11-17 00:00:00,17.8,52,2.8,1002.1,80,0.0,187,128.1,129.5,2473.0,58.5,18.2,12.0,2.0,11,0
2025-11-17 01:00:00,17.0,53,2.8,1001.6,99,0.0,186,119.7,120.6,2035.0,51.2,16.4,17.0,2.0,11,1
2025-11-17 02:00:00,16.2,55,2.8,1001.3,100,0.0,186,112.7,114.1,1682.0,44.6,15.0,21.0,2.0,11,2
2025-11-17 03:00:00,15.4,58,2.7,1000.8,13,0.0,185,108.0,109.4,1446.0,39.8,14.2,23.0,2.0,11,3
2025-11-17 04:00:00,14.7,59,3.4,1000.9,0,0.0,185,105.5,106.9,1295.0,35.8,13.9,25.0,2.0,11,4
2025-11-17 05:00:00,13.3,69,3.0,1000.8,2,0.0,184,96.2,97.3,1292.0,26.5,14.0,36.0,2.0,11,5
2025-11-17 06:00:00,13.0,67,4.7,1001.1,0,0.0,183,93.6,94.5,1595.0,26.1,13.6,36.0,2.0,11,6
2025-11-17 07:00:00,12.2,69,5.7,1001.7,2,0.0,181,94.5,95.5,2046.0,25.3,13.2,36.0,1.0,11,7
2025-11-17 08:00:00,13.0,65,5.8,1002.2,4,0.0,179,85.7,86.4,2232.0,23.1,14.0,44.0,1.0,11,8
2025-11-17 09:00:00,16.7,50,3.4,1002.9,2,0.0,176,74.3,74.7,1887.0,18.4,17.2,66.0,1.0,11,9
2025-11-17 10:00:00,20.2,37,3.2,1003.4,2,0.0,174,59.8,60.5,1278.0,12.4,21.6,96.0,1.0,11,10
2025-11-17 11:00:00,23.6,29,4.6,1003.1,13,0.0,173,45.4,46.1,785.0,7.6,25.0,121.0,1.0,11,11
2025-11-17 12:00:00,25.7,23,5.8,1002.2,50,0.0,172,34.1,34.7,547.0,4.8,26.8,137.0,1.0,11,12
2025-11-17 13:00:00,27.3,19,7.6,1001.1,96,0.0,172,29.7,30.4,426.0,3.2,27.7,147.0,1.0,11,13
2025-11-17 14:00:00,28.1,17,8.3,1000.3,98,0.0,171,27.6,28.3,391.0,3.7,27.3,148.0,1.0,11,14
2025-11-17 15:00:00,28.2,17,8.4,999.8,3,0.0,171,26.7,27.4,464.0,7.1,24.7,136.0,1.0,11,15
2025-11-17 16:00:00,27.7,18,8.1,999.5,0,0.0,171,29.0,29.5,623.0,12.6,20.9,115.0,1.0,11,16
2025-11-17 17:00:00,26.2,22,7.9,999.5,14,0.0,170,39.2,39.8,771.0,20.3,19.6,89.0,1.0,11,17
2025-11-17 18:00:00,25.1,24,8.9,999.8,2,0.0,170,54.2,54.7,873.0,24.5,19.2,78.0,1.0,11,18
2025-11-17 19:00:00,24.0,26,9.0,1000.3,23,0.0,169,66.4,66.8,965.0,30.3,18.6,63.0,1.0,11,19
2025-11-17 20:00:00,22.2,30,7.9,1000.7,14,0.0,168,76.8,77.3,1051.0,35.1,18.2,50.0,1.0,11,20
2025-11-17 21:00:00,21.2,33,5.1,1001.3,2,0.0,167,86.6,87.1,1157.0,38.1,18.4,42.0,1.0,11,21
2025-11-17 22:00:00,20.1,37,5.1,1001.4,10,0.0,166,96.2,96.6,1258.0,40.2,18.8,37.0,1.0,11,22
2025-11-17 23:00:00,18.8,41,5.4,1001.5,16,0.0,165,104.5,105.0,1287.0,41.1,18.7,33.0,1.0,11,23
2025-11-18 00:00:00,17.6,45,6.6,1001.4,20,0.0,164,105.7,106.2,1183.0,40.5,17.8,29.0,1.0,11,0
2025-11-18 01:00:00,16.8,46,6.9,1001.0,81,0.0,163,104.8,105.2,1007.0,38.8,16.6,27.0,1.0,11,1
2025-11-18 02:00:00,16.3,46,6.4,1001.0,98,0.0,163,102.4,102.7,880.0,37.2,15.3,24.0,1.0,11,2
2025-11-18 03:00:00,15.8,47,4.9,1000.8,100,0.0,162,100.8,101.0,810.0,36.0,14.1,21.0,1.0,11,3
2025-11-18 04:00:00,15.4,48,3.5,1000.5,96,0.0,162,99.4,99.9,790.0,34.9,12.9,18.0,1.0,11,4
2025-11-18 05:00:00,14.5,56,2.6,1000.8,99,0.0,162,66.8,66.8,912.0,22.4,10.1,31.0,0.0,11,5
2025-11-18 06:00:00,13.9,61,3.6,1001.0,52,0.0,161,65.9,66.1,1343.0,25.1,10.2,24.0,0.0,11,6
2025-11-18 07:00:00,13.1,67,4.5,1001.7,24,0.0,160,75.9,76.8,1917.0,28.5,10.3,16.0,0.0,11,7
2025-11-18 08:00:00,13.4,67,4.6,1002.3,1,0.0,160,89.4,92.2,2231.0,29.3,10.5,19.0,0.0,11,8
2025-11-18 09:00:00,15.9,58,3.5,1002.9,13,0.0,160,75.2,77.3,2043.0,25.0,10.3,42.0,0.0,11,9
2025-11-18 10:00:00,19.0,46,3.5,1003.1,15,0.0,160,56.9,57.5,1595.0,18.0,10.2,76.0,0.0,11,10
2025-11-18 11:00:00,22.2,38,3.3,1002.6,13,0.0,160,46.4,46.6,1212.0,12.2,11.6,107.0,0.0,11,11
2025-11-18 12:00:00,24.1,34,3.3,1001.5,20,0.0,160,38.9,39.1,995.0,8.2,16.2,133.0,0.0,11,12
2025-11-18 13:00:00,25.4,30,3.9,1000.4,28,0.0,160,34.0,34.2,843.0,5.2,22.3,156.0,1.0,11,13
2025-11-18 14:00:00,26.1,29,3.9,999.5,10,0.0,160,31.7,31.9,783.0,5.1,25.9,166.0,1.0,11,14
2025-11-18 15:00:00,26.3,28,4.0,998.7,4,0.0,160,31.0,31.2,832.0,9.3,24.7,154.0,1.0,11,15
2025-11-18 16:00:00,25.8,30,5.3,998.3,5,0.0,160,34.0,34.2,974.0,16.4,21.1,129.0,0.0,11,16
2025-11-18 17:00:00,24.4,35,7.4,997.9,89,0.0,160,71.5,71.9,1181.0,31.7,25.1,111.0,1.0,11,17
2025-11-18 18:00:00,23.0,39,7.3,998.1,73,0.0,161,92.7,92.9,1486.0,40.8,24.0,91.0,1.0,11,18
2025-11-18 19:00:00,22.1,41,4.8,998.4,46,0.0,163,114.8,115.3,1858.0,53.3,22.5,63.0,1.0,11,19
2025-11-18 20:00:00,21.1,44,4.3,998.7,21,0.0,164,135.0,135.5,2171.0,63.2,21.6,40.0,1.0,11,20
2025-11-18 21:00:00,20.0,48,4.2,998.8,7,0.0,166,151.8,152.3,2391.0,68.2,21.9,26.0,1.0,11,21
2025-11-18 22:00:00,19.3,51,2.7,998.8,0,0.0,168,165.8,165.8,2553.0,70.4,22.7,18.0,1.0,11,22
2025-11-18 23:00:00,18.7,56,0.6,998.7,0,0.0,170,168.6,169.0,2641.0,70.4,23.3,12.0,1.0,11,23
2025-11-19 00:00:00,18.7,51,2.4,998.4,0,0.0,172,157.9,158.3,2631.0,67.4,23.3,10.0,1.0,11,0
2025-11-19 01:00:00,17.5,54,2.2,998.0,0,0.0,173,149.0,149.5,2547.0,62.1,23.1,12.0,0.0,11,1
2025-11-19 02:00:00,16.6,58,0.9,997.9,0,0.0,175,145.3,145.8,2444.0,57.2,22.7,14.0,0.0,11,2
2025-11-19 03:00:00,15.7,63,3.7,997.7,0,0.0,176,143.9,144.4,2305.0,53.6,22.0,14.0,0.0,11,3
2025-11-19 04:00:00,14.9,67,5.7,997.7,0,0.0,177,145.3,145.3,2148.0,50.3,21.1,14.0,1.0,11,4
2025-11-19 05:00:00,14.5,69,5.9,998.0,16,0.0,178,161.1,161.6,2072.0,52.2,17.0,8.0,1.0,11,5
2025-11-19 06:00:00,14.1,71,5.5,998.5,7,0.0,181,154.1,154.1,2201.0,48.2,15.9,11.0,1.0,11,6
2025-11-19 07:00:00,13.8,73,4.5,999.4,20,0.0,184,153.7,154.1,2413.0,42.3,14.4,16.0,0.0,11,7
2025-11-19 08:00:00,14.4,70,3.1,1000.1,44,0.0,186,138.3,138.8,2442.0,35.3,13.6,31.0,0.0,11,8
2025-11-19 09:00:00,17.1,58,1.9,1000.9,41,0.0,188,109.2,109.4,2104.0,26.4,13.9,63.0,0.0,11,9
2025-11-19 10:00:00,20.2,47,2.1,1001.4,21,0.0,189,86.8,87.1,1584.0,16.4,14.9,105.0,1.0,11,10
2025-11-19 11:00:00,22.7,43,3.0,1001.4,23,0.0,190,62.4,62.6,1169.0,8.8,16.6,137.0,1.0,11,11
2025-11-19 12:00:00,24.3,39,2.5,1000.9,58,0.0,190,41.7,42.0,966.0,4.3,19.7,154.0,1.0,11,12
2025-11-19 13:00:00,25.5,35,2.5,999.8,66,0.0,190,37.4,37.7,869.0,2.2,23.5,162.0,1.0,11,13
2025-11-19 14:00:00,26.1,32,2.8,999.3,98,0.0,190,36.1,36.6,841.0,3.2,25.6,160.0,1.0,11,14
2025-11-19 15:00:00,26.2,32,3.5,998.7,92,0.0,190,35.5,35.9,893.0,8.6,24.2,146.0,1.0,11,15
2025-11-19 16:00:00,25.7,33,5.5,998.9,88,0.0,190,39.7,39.9,1014.0,17.2,21.0,122.0,1.0,11,16
2025-11-19 17:00:00,24.1,39,8.9,998.5,100,0.0,191,61.9,62.4,1139.0,29.7,20.7,97.0,1.0,11,17
2025-11-19 18:00:00,22.7,43,8.0,999.0,88,0.0,190,85.0,85.4,1267.0,41.3,21.2,78.0,1.0,11,18
2025-11-19 19:00:00,21.7,45,7.9,999.5,79,0.0,190,108.7,109.2,1399.0,57.1,21.9,51.0,1.0,11,19
2025-11-19 20:00:00,20.8,48,7.4,999.8,79,0.0,190,129.0,129.0,1474.0,67.6,22.3,31.0,1.0,11,20
2025-11-19 21:00:00,19.8,52,9.4,1000.2,47,0.0,190,139.7,140.2,1459.0,68.1,22.2,24.0,1.0,11,21
2025-11-19 22:00:00,18.9,54,8.8,1000.2,2,0.0,189,145.8,146.2,1387.0,63.4,21.8,24.0,0.0,11,22
2025-11-19 23:00:00,18.0,58,8.3,1000.4,2,0.0,189,149.5,149.5,1289.0,58.4,21.3,25.0,0.0,11,23
2025-11-20 00:00:00,17.2,60,9.0,1000.3,0,0.0,188,147.1,147.6,1147.0,54.9,20.9,24.0,0.0,11,0
2025-11-20 01:00:00,16.5,62,9.7,1000.0,0,0.0,188,142.5,142.5,978.0,51.0,20.5,25.0,0.0,11,1
2025-11-20 02:00:00,15.9,63,9.8,999.9,0,0.0,188,133.2,133.2,873.0,46.3,19.9,26.0,0.0,11,2
2025-11-20 03:00:00,15.2,65,9.5,999.7,0,0.0,187,123.4,123.4,867.0,39.4,19.1,30.0,0.0,11,3
2025-11-20 04:00:00,14.5,68,8.5,999.7,0,0.0,187,114.3,114.6,923.0,31.6,18.2,34.0,0.0,11,4
2025-11-20 05:00:00,13.4,74,8.5,999.8,0,0.0,186,122.5,122.5,1021.0,33.3,18.2,29.0,0.0,11,5
2025-11-20 06:00:00,12.8,77,8.3,1000.2,0,0.0,185,119.7,119.7,1206.0,33.2,17.4,25.0,0.0,11,6
2025-11-20 07:00:00,12.5,79,8.4,1000.8,0,0.0,184,126.7,126.7,1432.0,32.9,16.4,21.0,0.0,11,7
2025-11-20 08:00:00,13.3,76,7.3,1001.7,0,0.0,183,130.4,130.4,1542.0,30.7,16.1,29.0,0.0,11,8
2025-11-20 09:00:00,15.6,67,5.0,1002.3,0,0.0,183,123.9,123.9,1435.0,25.2,16.8,59.0,0.0,11,9
2025-11-20 10:00:00,18.6,57,4.7,1002.4,0,0.0,183,110.6,110.8,1212.0,17.9,18.2,100.0,0.0,11,10
2025-11-20 11:00:00,21.7,48,4.9,1002.3,0,0.0,184,100.8,101.0,1015.0,11.8,20.0,135.0,0.0,11,11
2025-11-20 12:00:00,23.8,41,5.3,1001.7,0,0.0,185,82.4,82.7,874.0,7.1,22.9,157.0,0.0,11,12
2025-11-20 13:00:00,25.1,36,5.2,1000.7,0,0.0,186,63.8,64.0,758.0,3.6,26.3,173.0,1.0,11,13
2025-11-20 14:00:00,25.7,33,4.4,999.8,0,0.0,187,58.0,58.3,722.0,3.7,28.3,177.0,1.0,11,14
2025-11-20 15:00:00,25.8,32,4.0,999.3,0,0.0,188,57.3,57.6,810.0,9.6,27.5,166.0,1.0,11,15
2025-11-20 16:00:00,25.4,33,4.9,999.1,0,0.0,188,63.1,63.3,977.0,19.1,25.2,145.0,0.0,11,16
2025-11-20 17:00:00,24.3,38,7.1,998.6,0,0.0,189,109.4,109.9,1138.0,30.4,23.6,108.0,1.0,11,17
2025-11-20 18:00:00,23.0,42,9.0,999.3,0,0.0,190,131.8,132.2,1276.0,38.4,23.9,90.0,1.0,11,18
2025-11-20 19:00:00,21.7,45,8.6,999.8,0,0.0,192,153.7,154.1,1408.0,49.2,24.3,65.0,1.0,11,19
2025-11-20 20:00:00,20.7,48,7.8,1000.4,0,0.0,193,170.0,170.4,1498.0,56.3,24.6,46.0,1.0,11,20
2025-11-20 21:00:00,19.8,51,7.4,1000.7,0,0.0,194,179.3,179.7,1532.0,56.0,24.8,40.0,1.0,11,21
2025-11-20 22:00:00,19.0,52,6.9,1000.7,0,0.0,195,188.6,189.1,1524.0,52.0,24.9,40.0,1.0,11,22
2025-11-20 23:00:00,18.0,57,7.0,1000.6,0,0.0,197,196.0,197.0,1478.0,48.7,24.8,39.0,1.0,11,23
2025-11-21 00:00:00,17.3,58,8.4,1000.4,0,0.0,198,198.8,199.3,1379.0,48.6,24.6,35.0,1.0,11,0
2025-11-21 01:00:00,16.8,59,8.7,1000.2,0,0.0,200,201.6,202.1,1243.0,49.2,24.2,30.0,1.0,11,1
2025-11-21 02:00:00,16.2,62,8.3,1000.4,0,0.0,202,202.6,203.0,1122.0,47.5,23.6,29.0,1.0,11,2
2025-11-21 03:00:00,15.2,67,8.6,1000.4,0,0.0,205,197.0,197.4,1010.0,40.9,22.5,34.0,1.0,11,3
2025-11-21 04:00:00,14.4,71,9.2,1000.7,0,0.0,208,180.7,181.1,912.0,32.1,21.2,43.0,1.0,11,4
2025-11-21 05:00:00,13.7,77,9.2,1000.8,0,0.0,211,191.4,191.9,898.0,45.5,23.0,31.0,1.0,11,5
2025-11-21 06:00:00,13.4,78,8.6,1001.3,0,0.0,214,177.4,177.9,1055.0,43.6,21.8,30.0,1.0,11,6
2025-11-21 07:00:00,13.0,80,8.3,1002.1,0,0.0,216,180.2,180.7,1295.0,40.7,20.1,29.0,1.0,11,7
2025-11-21 08:00:00,13.8,76,7.1,1003.2,0,0.0,218,183.0,183.5,1429.0,36.1,19.5,41.0,1.0,11,8
2025-11-21 09:00:00,16.3,65,4.2,1003.8,0,0.0,220,160.7,160.7,1354.0,28.3,20.9,76.0,1.0,11,9
2025-11-21 10:00:00,19.4,54,4.5,1004.3,0,0.0,222,147.1,147.1,1173.0,18.7,23.4,123.0,1.0,11,10
2025-11-21 11:00:00,22.4,46,6.1,1004.2,0,0.0,223,124.3,124.8,996.0,11.1,25.0,159.0,1.0,11,11
2025-11-21 12:00:00,24.2,39,7.2,1003.7,0,0.0,224,94.3,94.8,838.0,6.2,24.9,175.0,1.0,11,12
2025-11-21 13:00:00,25.2,33,8.3,1002.6,0,0.0,225,77.1,77.5,685.0,3.2,23.9,181.0,1.0,11,13
2025-11-21 14:00:00,25.6,30,8.7,1001.7,0,0.0,225,70.3,70.8,610.0,3.3,22.9,178.0,1.0,11,14
2025-11-21 15:00:00,25.6,30,8.5,1001.2,0,0.0,226,67.1,67.8,667.0,7.8,21.7,166.0,1.0,11,15
2025-11-21 16:00:00,25.0,31,8.6,1001.2,0,0.0,226,69.4,69.8,803.0,15.5,20.4,146.0,1.0,11,16
2025-11-21 17:00:00,23.9,36,9.4,1001.1,0,0.0,227,102.7,104.1,930.0,24.3,20.9,113.0,2.0,11,17
2025-11-21 18:00:00,22.7,39,10.2,1001.4,0,0.0,226,122.5,123.4,1024.0,32.6,21.9,96.0,2.0,11,18
2025-11-21 19:00:00,21.8,41,9.9,1001.7,0,0.0,226,143.4,144.4,1110.0,44.1,23.4,73.0,2.0,11,19
2025-11-21 20:00:00,20.9,44,9.1,1001.8,0,0.0,226,162.5,163.4,1172.0,53.2,24.8,54.0,2.0,11,20
2025-11-21 21:00:00,19.7,48,8.7,1002.0,0,0.0,225,178.3,179.3,1206.0,57.4,26.2,44.0,2.0,11,21
2025-11-21 22:00:00,18.8,51,8.5,1001.9,0,0.0,225,193.7,194.2,1217.0,59.1,27.5,39.0,2.0,11,22
2025-11-21 23:00:00,17.8,57,7.4,1002.1,0,0.0,225,202.1,203.0,1200.0,59.9,28.1,34.0,2.0,11,23
2025-11-22 00:00:00,17.0,60,7.2,1001.7,0,0.0,226,200.2,200.7,1137.0,60.9,27.6,29.0,2.0,11,0
2025-11-22 01:00:00,16.1,64,6.7,1001.5,0,0.0,226,196.5,197.4,1045.0,61.0,26.4,25.0,1.0,11,1
2025-11-22 02:00:00,15.5,66,8.3,1001.4,0,0.0,226,191.4,192.3,978.0,58.9,25.2,23.0,1.0,11,2
2025-11-22 03:00:00,15.1,68,9.2,1001.0,0,0.0,225,184.9,185.8,939.0,52.4,24.0,25.0,1.0,11,3
2025-11-22 04:00:00,14.7,70,8.6,1000.6,0,0.0,225,177.4,177.9,924.0,43.6,22.6,30.0,1.0,11,4
2025-11-22 05:00:00,14.0,76,7.8,1000.7,0,0.0,224,167.6,168.1,972.0,36.6,21.4,37.0,1.0,11,5
2025-11-22 06:00:00,13.5,79,7.3,1000.8,0,0.0,223,167.2,167.6,1156.0,39.3,20.9,29.0,1.0,11,6
2025-11-22 07:00:00,12.6,83,6.9,1001.5,0,0.0,223,180.7,180.7,1403.0,42.5,20.3,20.0,0.0,11,7
2025-11-22 08:00:00,12.8,82,4.5,1002.2,0,0.0,223,197.9,197.9,1537.0,41.7,20.9,30.0,0.0,11,8
2025-11-22 09:00:00,15.5,68,2.1,1002.6,0,0.0,224,181.6,181.6,1455.0,32.9,24.0,76.0,0.0,11,9
2025-11-22 10:00:00,19.0,54,1.7,1002.7,0,0.0,225,152.3,152.3,1259.0,20.0,28.3,140.0,0.0,11,10
2025-11-22 11:00:00,22.1,44,1.2,1002.4,0,0.0,225,122.0,122.5,1081.0,10.0,31.0,187.0,0.0,11,11
2025-11-22 12:00:00,23.9,38,1.2,1001.7,0,0.0,225,75.7,76.1,939.0,4.9,30.5,203.0,0.0,11,12
2025-11-22 13:00:00,25.0,33,1.9,1000.5,0,0.0,224,57.6,58.2,815.0,2.6,28.5,202.0,1.0,11,13
2025-11-22 14:00:00,25.6,31,2.2,999.7,0,0.0,223,54.6,55.2,785.0,3.8,26.4,194.0,1.0,11,14
2025-11-22 15:00:00,25.7,30,2.7,999.0,0,0.0,222,53.6,54.2,884.0,10.2,24.8,180.0,1.0,11,15
2025-11-22 16:00:00,25.3,31,3.8,998.7,0,0.0,222,58.1,58.7,1078.0,20.2,23.2,159.0,1.0,11,16
2025-11-22 17:00:00,23.9,35,5.4,998.6,0,0.0,221,83.6,84.8,1339.0,29.3,21.0,132.0,2.0,11,17
2025-11-22 18:00:00,22.7,39,6.7,998.8,0,0.0,221,108.0,109.0,1703.0,35.5,21.2,113.0,2.0,11,18
2025-11-22 19:00:00,21.6,41,4.1,999.0,0,0.0,220,132.7,133.6,2133.0,44.0,21.6,87.0,2.0,11,19
2025-11-22 20:00:00,20.6,42,5.5,999.5,0,0.0,220,154.1,155.1,2493.0,50.4,22.0,65.0,2.0,11,20
2025-11-22 21:00:00,19.9,43,4.9,999.7,0,0.0,219,170.4,171.4,2767.0,52.8,22.5,52.0,2.0,11,21
2025-11-22 22:00:00,19.1,44,3.0,999.8,0,0.0,219,187.2,188.1,2969.0,53.2,23.1,42.0,2.0,11,22
2025-11-22 23:00:00,17.9,52,1.5,999.5,0,0.0,219,197.4,198.4,3008.0,53.0,23.3,35.0,2.0,11,23
2025-11-23 00:00:00,17.7,49,3.1,999.6,0,0.0,218,195.1,196.0,2776.0,52.5,22.7,29.0,2.0,11,0
2025-11-23 01:00:00,16.5,53,4.8,999.4,0,0.0,218,191.4,192.3,2381.0,51.3,21.7,24.0,2.0,11,1
2025-11-23 02:00:00,15.7,57,6.2,999.2,0,0.0,218,190.9,191.9,2050.0,50.0,20.9,21.0,2.0,11,2
2025-11-23 03:00:00,15.2,59,7.6,999.0,0,0.0,218,198.4,199.3,1814.0,48.6,20.4,18.0,2.0,11,3
2025-11-23 04:00:00,14.9,59,8.9,998.9,0,0.0,218,204.4,205.8,1641.0,47.0,20.0,16.0,2.0,11,4
2025-11-23 05:00:00,14.2,64,7.8,999.2,0,0.0,220,158.3,159.7,1667.0,27.8,17.4,51.0,2.0,11,5
2025-11-23 06:00:00,13.4,67,6.5,999.8,0,0.0,219,146.2,147.1,2111.0,28.1,17.5,53.0,2.0,11,6
2025-11-23 07:00:00,12.7,71,1.2,1000.8,0,0.0,218,146.2,147.6,2754.0,28.2,17.7,57.0,2.0,11,7
2025-11-23 08:00:00,13.0,70,0.4,1001.4,0,0.0,217,148.1,149.0,3069.0,26.3,18.1,70.0,2.0,11,8
2025-11-23 09:00:00,16.0,58,1.0,1002.1,0,0.0,215,135.5,136.0,2738.0,20.7,19.0,100.0,2.0,11,9
2025-11-23 10:00:00,19.3,46,1.5,1002.5,0,0.0,213,125.3,126.2,2079.0,13.1,20.1,138.0,2.0,11,10
2025-11-23 11:00:00,22.1,39,1.5,1002.5,0,0.0,212,102.9,103.8,1520.0,7.2,20.9,167.0,2.0,11,11
2025-11-23 12:00:00,24.0,34,2.2,1001.7,0,0.0,211,67.3,68.7,1188.0,3.8,21.3,181.0,3.0,11,12
2025-11-23 13:00:00,25.2,30,3.3,1000.6,0,0.0,211,60.3,62.2,957.0,2.1,21.5,185.0,3.0,11,13
2025-11-23 14:00:00,25.8,28,3.2,999.8,0,0.0,211,57.5,59.6,875.0,3.2,21.1,181.0,4.0,11,14
2025-11-23 15:00:00,25.9,27,2.7,999.2,0,0.0,211,55.3,57.4,1017.0,8.6,19.6,165.0,4.0,11,15
2025-11-23 16:00:00,25.6,27,2.9,999.1,0,0.0,211,58.3,60.1,1309.0,16.8,17.5,141.0,3.0,11,16
2025-11-23 17:00:00,23.9,34,5.0,999.1,0,0.0,211,102.0,105.2,1572.0,30.7,19.9,125.0,6.0,11,17
2025-11-23 18:00:00,22.5,41,6.4,999.6,0,0.0,212,125.3,128.5,1732.0,34.7,19.4,109.0,6.0,11,18
2025-11-23 19:00:00,21.5,43,5.3,999.7,0,0.0,212,146.2,149.5,1863.0,40.1,18.7,86.0,5.0,11,19
2025-11-23 20:00:00,20.9,44,4.9,1000.2,0,0.0,213,159.7,162.5,2013.0,43.8,18.3,67.0,5.0,11,20
2025-11-23 21:00:00,20.0,46,4.7,1000.4,0,0.0,213,170.9,173.7,2242.0,43.7,18.6,58.0,5.0,11,21
2025-11-23 22:00:00,19.1,48,3.3,1000.4,0,0.0,213,188.6,191.4,2489.0,41.9,19.3,52.0,5.0,11,22
2025-11-23 23:00:00,17.5,58,1.1,1000.3,0,0.0,213,202.6,205.4,2624.0,40.9,19.8,47.0,5.0,11,23
2025-11-24 00:00:00,17.3,56,3.4,1000.4,0,0.0,214,208.2,210.9,2557.0,42.3,20.1,40.0,5.0,11,0
2025-11-24 01:00:00,16.6,58,3.2,1000.0,0,0.0,214,212.8,216.1,2377.0,44.6,20.3,33.0,6.0,11,1
2025-11-24 02:00:00,15.9,64,1.6,1000.0,0,0.0,215,217.0,220.3,2219.0,45.7,20.1,27.0,6.0,11,2
2025-11-24 03:00:00,15.6,61,3.8,1000.1,0,0.0,216,220.3,223.5,2068.0,44.2,19.4,24.0,6.0,11,3
2025-11-24 04:00:00,14.7,64,5.5,999.8,0,0.0,217,220.3,223.5,1940.0,41.6,18.4,23.0,5.0,11,4
2025-11-24 05:00:00,12.9,74,2.6,1000.0,0,0.0,218,179.3,181.6,2011.0,26.0,14.1,38.0,5.0,11,5
2025-11-24 06:00:00,12.6,73,2.6,1000.6,0,0.0,219,159.3,161.1,2545.0,25.9,13.8,38.0,4.0,11,6
2025-11-24 07:00:00,11.9,78,2.7,1001.5,0,0.0,219,153.7,155.5,3278.0,25.6,13.5,39.0,4.0,11,7
2025-11-24 08:00:00,12.5,75,1.0,1002.3,0,0.0,219,147.6,149.0,3603.0,23.8,14.0,47.0,3.0,11,8
2025-11-24 09:00:00,15.6,61,1.1,1003.4,0,0.0,219,133.2,134.1,3128.0,19.2,15.6,69.0,3.0,11,9
2025-11-24 10:00:00,18.7,48,1.8,1003.9,0,0.0,219,117.6,118.7,2244.0,13.1,17.9,98.0,2.0,11,10
2025-11-24 11:00:00,21.6,41,2.7,1003.7,0,0.0,219,108.7,109.9,1513.0,8.3,20.5,124.0,2.0,11,11
2025-11-24 12:00:00,23.4,35,3.1,1003.0,0,0.0,219,99.2,100.4,1135.0,4.9,23.8,147.0,2.0,11,12
2025-11-24 13:00:00,24.5,31,3.2,1002.0,0,0.0,220,86.4,87.3,911.0,2.8,27.4,167.0,2.0,11,13
2025-11-24 14:00:00,25.2,28,3.9,1001.2,0,0.0,222,79.9,81.0,802.0,4.0,29.5,174.0,2.0,11,14
2025-11-24 15:00:00,25.2,27,4.3,1000.9,0,0.0,223,76.8,77.8,816.0,11.0,28.7,161.0,2.0,11,15
2025-11-24 16:00:00,24.8,28,5.4,1001.0,0,0.0,223,85.4,86.4,946.0,21.3,26.4,135.0,1.0,11,16
2025-11-24 17:00:00,23.2,35,8.7,1001.0,0,0.0,225,119.0,120.1,1128.0,30.7,27.6,114.0,2.0,11,17
2025-11-24 18:00:00,22.2,38,7.4,1001.3,0,0.0,225,138.3,139.2,1401.0,32.2,27.0,102.0,2.0,11,18
2025-11-24 19:00:00,21.4,40,6.1,1001.7,0,0.0,226,147.6,148.5,1727.0,34.3,26.1,84.0,2.0,11,19
2025-11-24 20:00:00,20.0,44,6.0,1002.2,0,0.0,226,154.6,155.1,1926.0,35.7,25.5,70.0,2.0,11,20
2025-11-24 21:00:00,18.9,47,8.2,1002.7,0,0.0,226,162.1,163.0,1896.0,35.7,25.4,62.0,2.0,11,21
2025-11-24 22:00:00,18.6,48,7.3,1002.7,0,0.0,225,171.8,172.8,1741.0,35.0,25.6,57.0,2.0,11,22
2025-11-24 23:00:00,17.4,53,7.7,1002.7,0,0.0,225,182.5,183.5,1587.0,34.6,25.6,52.0,2.0,11,23
2025-11-25 00:00:00,16.2,58,6.0,1002.8,0,0.0,224,186.7,187.7,1464.0,34.8,25.3,46.0,2.0,11,0
2025-11-25 01:00:00,15.4,61,4.7,1002.8,0,0.0,223,191.9,192.8,1343.0,35.2,24.9,41.0,2.0,11,1
2025-11-25 02:00:00,14.9,62,6.2,1002.7,0,0.0,222,200.2,201.2,1269.0,36.4,24.3,35.0,2.0,11,2
2025-11-25 03:00:00,14.5,63,7.4,1002.5,0,0.0,221,208.6,209.5,1248.0,38.9,23.5,27.0,2.0,11,3
2025-11-25 04:00:00,14.4,63,8.1,1002.4,0,0.0,221,213.7,215.1,1273.0,42.1,22.7,19.0,2.0,11,4
2025-11-25 05:00:00,13.7,66,5.6,1002.3,0,0.0,221,206.8,207.7,1368.0,37.0,22.0,21.0,2.0,11,5
2025-11-25 06:00:00,12.7,71,5.4,1002.6,0,0.0,222,210.9,211.9,1622.0,39.7,21.6,14.0,2.0,11,6
2025-11-25 07:00:00,11.8,77,6.1,1003.4,0,0.0,224,225.8,226.8,1945.0,43.0,21.1,7.0,1.0,11,7
2025-11-25 08:00:00,12.2,76,4.6,1004.0,0,0.0,227,240.3,241.2,2093.0,42.2,21.4,16.0,1.0,11,8
2025-11-25 09:00:00,14.9,64,0.9,1004.7,0,0.0,231,199.8,200.2,1913.0,33.3,22.7,57.0,1.0,11,9
2025-11-25 10:00:00,18.1,49,1.5,1005.2,0,0.0,233,156.0,156.9,1559.0,20.2,24.8,116.0,2.0,11,10
2025-11-25 11:00:00,20.9,40,2.7,1004.5,0,0.0,235,111.5,112.5,1246.0,10.2,27.4,161.0,2.0,11,11
2025-11-25 12:00:00,22.7,34,3.6,1003.6,0,0.0,235,86.4,87.3,1026.0,5.3,31.3,183.0,2.0,11,12
2025-11-25 13:00:00,23.9,31,4.0,1002.3,0,0.0,235,71.0,71.9,848.0,3.5,35.8,192.0,2.0,11,13
2025-11-25 14:00:00,24.6,30,4.2,1001.4,0,0.0,234,67.1,68.0,773.0,5.3,38.7,192.0,2.0,11,14
2025-11-25 15:00:00,24.8,29,4.3,1000.7,0,0.0,233,66.8,68.0,830.0,12.5,38.6,180.0,2.0,11,15
2025-11-25 16:00:00,24.4,30,4.7,1000.3,0,0.0,233,76.1,77.1,991.0,23.3,37.0,158.0,2.0,11,16
2025-11-25 17:00:00,22.8,36,6.7,1000.0,0,0.0,233,112.5,113.6,1229.0,35.8,28.8,107.0,2.0,11,17
2025-11-25 18:00:00,21.7,41,6.5,1000.2,0,0.0,232,139.7,141.1,1591.0,45.9,29.6,88.0,2.0,11,18
2025-11-25 19:00:00,21.0,43,3.9,1000.5,0,0.0,232,170.0,171.4,2032.0,59.7,30.7,61.0,3.0,11,19
2025-11-25 20:00:00,20.2,45,1.2,1000.4,0,0.0,233,197.4,198.8,2388.0,68.6,31.1,41.0,3.0,11,20
2025-11-25 21:00:00,19.2,53,0.9,1000.3,0,0.0,235,216.1,217.5,2627.0,68.3,30.4,33.0,3.0,11,21
2025-11-25 22:00:00,18.2,51,3.3,1000.0,0,0.0,237,226.8,228.2,2783.0,63.1,29.0,31.0,2.0,11,22
2025-11-25 23:00:00,16.4,57,3.9,1000.1,0,0.0,240,220.3,221.7,2790.0,57.1,27.3,31.0,2.0,11,23
2025-11-26 00:00:00,16.0,57,4.2,999.6,0,0.0,241,204.0,205.4,2562.0,51.2,25.1,32.0,2.0,11,0
2025-11-26 01:00:00,15.4,57,5.8,999.8,0,0.0,242,187.2,188.6,2185.0,44.4,22.6,34.0,2.0,11,1
2025-11-26 02:00:00,14.6,57,6.6,999.5,0,0.0,242,175.6,177.0,1858.0,38.6,20.6,37.0,2.0,11,2
2025-11-26 03:00:00,14.1,55,7.2,999.3,0,0.0,241,166.2,167.6,1635.0,34.1,19.7,39.0,2.0,11,3
2025-11-26 04:00:00,13.8,54,7.5,999.3,0,0.0,239,161.6,163.0,1461.0,30.4,19.3,40.0,3.0,11,4
2025-11-26 05:00:00,13.5,63,7.8,999.3,0,0.0,237,138.3,140.2,1369.0,19.7,17.4,56.0,3.0,11,5
2025-11-26 06:00:00,13.0,64,8.9,999.8,0,0.0,234,132.2,134.1,1432.0,21.4,17.0,54.0,3.0,11,6
2025-11-26 07:00:00,12.7,63,8.6,1000.8,0,0.0,231,136.0,137.4,1577.0,23.4,16.5,52.0,3.0,11,7
2025-11-26 08:00:00,13.2,61,7.6,1001.6,0,0.0,227,132.2,133.6,1622.0,23.3,16.1,57.0,3.0,11,8
2025-11-26 09:00:00,15.8,51,4.2,1002.5,0,0.0,222,118.0,119.0,1466.0,19.1,15.9,77.0,3.0,11,9
2025-11-26 10:00:00,19.0,42,2.1,1003.0,0,0.0,219,102.0,103.6,1209.0,12.7,15.8,105.0,3.0,11,10
2025-11-26 11:00:00,21.5,36,1.5,1003.0,0,0.0,217,87.3,88.9,969.0,7.5,15.8,127.0,3.0,11,11
2025-11-26 12:00:00,23.6,30,2.2,1002.4,0,0.0,216,68.2,69.8,741.0,4.3,16.2,141.0,3.0,11,12
2025-11-26 13:00:00,24.8,25,1.7,1001.6,0,0.0,215,53.3,55.2,530.0,2.4,16.7,149.0,4.0,11,13
2025-11-26 14:00:00,25.4,22,0.6,1000.9,0,0.0,214,47.7,49.8,462.0,2.9,16.7,149.0,4.0,11,14
2025-11-26 15:00:00,25.5,20,2.2,1000.6,0,0.0,213,45.1,47.1,661.0,7.5,15.5,135.0,4.0,11,15
2025-11-26 16:00:00,25.1,19,3.4,1000.8,0,0.0,213,49.0,50.8,1003.0,14.6,13.8,112.0,3.0,11,16
2025-11-26 17:00:00,23.3,21,3.5,1000.9,0,0.0,211,72.9,75.4,1251.0,21.9,12.6,91.0,5.0,11,17
2025-11-26 18:00:00,22.0,25,4.3,1001.4,0,0.0,210,92.2,94.8,1277.0,24.9,13.0,82.0,5.0,11,18
2025-11-26 19:00:00,20.4,33,7.0,1002.0,0,0.0,208,105.5,107.6,1208.0,29.0,13.6,70.0,4.0,11,19
2025-11-26 20:00:00,19.2,41,8.4,1002.2,0,0.0,205,115.9,118.3,1189.0,31.8,14.1,60.0,4.0,11,20
2025-11-26 21:00:00,18.4,44,7.5,1002.8,0,0.0,202,125.7,128.1,1305.0,32.1,14.5,55.0,4.0,11,21
2025-11-26 22:00:00,17.4,45,7.3,1002.8,0,0.0,199,137.8,140.2,1471.0,31.1,14.7,53.0,4.0,11,22
2025-11-26 23:00:00,16.8,44,6.8,1002.9,0,0.0,196,148.1,150.4,1581.0,30.3,14.9,50.0,4.0,11,23
2025-11-27 00:00:00,15.9,46,7.9,1003.1,0,0.0,194,150.9,153.2,1572.0,30.3,14.9,46.0,4.0,11,0
2025-11-27 01:00:00,15.2,48,7.4,1002.9,0,0.0,192,157.4,159.7,1507.0,30.5,14.8,41.0,5.0,11,1
2025-11-27 02:00:00,14.2,52,6.6,1002.8,0,0.0,191,166.7,169.0,1468.0,30.5,14.5,36.0,5.0,11,2
2025-11-27 03:00:00,13.1,56,7.3,1002.8,0,0.0,191,174.6,177.0,1460.0,30.0,13.7,31.0,5.0,11,3
2025-11-27 04:00:00,12.3,61,7.4,1002.9,0,0.0,191,175.1,177.4,1479.0,29.3,12.7,27.0,4.0,11,4
2025-11-27 05:00:00,11.9,66,7.5,1003.1,0,0.0,192,126.2,128.1,1593.0,14.0,12.9,57.0,3.0,11,5
2025-11-27 06:00:00,11.3,69,7.0,1003.8,0,0.0,191,128.1,129.5,1940.0,19.9,13.8,48.0,3.0,11,6
2025-11-27 07:00:00,10.8,73,4.6,1004.5,0,0.0,191,142.5,144.4,2383.0,27.7,15.1,36.0,3.0,11,7
2025-11-27 08:00:00,11.1,74,4.3,1005.3,0,0.0,191,158.3,160.2,2578.0,31.2,16.6,38.0,3.0,11,8
2025-11-27 09:00:00,13.8,63,3.1,1006.0,0,0.0,192,140.2,141.6,2305.0,26.3,18.5,66.0,3.0,11,9
2025-11-27 10:00:00,17.0,52,2.9,1006.2,0,0.0,193,118.3,119.7,1785.0,17.1,20.6,107.0,3.0,11,10
2025-11-27 11:00:00,19.8,45,4.0,1005.8,0,0.0,193,105.0,106.9,1336.0,9.6,21.8,140.0,3.0,11,11
2025-11-27 12:00:00,21.7,39,4.0,1004.9,0,0.0,194,88.2,90.6,1058.0,5.5,21.5,159.0,4.0,11,12
2025-11-27 13:00:00,22.9,34,5.6,1004.0,0,0.0,194,72.6,75.2,851.0,3.0,20.3,170.0,5.0,11,13
2025-11-27 14:00:00,23.5,30,7.4,1003.2,0,0.0,195,71.7,74.3,736.0,3.2,19.2,172.0,5.0,11,14
2025-11-27 15:00:00,23.6,29,8.5,1002.8,0,0.0,196,70.3,72.9,746.0,7.3,18.4,160.0,5.0,11,15
2025-11-27 16:00:00,23.0,30,9.6,1002.6,0,0.0,196,74.5,76.4,847.0,14.0,17.8,138.0,4.0,11,16
2025-11-27 17:00:00,21.6,37,10.4,1002.6,0,0.0,197,85.4,87.3,958.0,17.6,17.8,121.0,3.0,11,17
2025-11-27 18:00:00,20.4,41,10.4,1003.0,0,0.0,198,100.4,102.0,1056.0,21.3,18.6,110.0,3.0,11,18
2025-11-27 19:00:00,19.6,43,9.4,1003.5,0,0.0,198,112.9,114.6,1164.0,26.6,19.7,94.0,3.0,11,19
2025-11-27 20:00:00,18.5,46,8.4,1003.7,0,0.0,198,126.7,128.1,1274.0,31.6,20.8,79.0,3.0,11,20
2025-11-27 21:00:00,17.5,50,8.0,1003.7,0,0.0,198,142.5,143.9,1411.0,36.3,22.2,67.0,3.0,11,21
2025-11-27 22:00:00,16.5,53,7.9,1003.6,0,0.0,199,160.7,162.1,1551.0,40.8,23.7,57.0,3.0,11,22
2025-11-27 23:00:00,15.5,57,7.6,1003.6,0,0.0,200,174.2,176.0,1610.0,43.6,24.3,48.0,3.0,11,23
2025-11-28 00:00:00,14.5,61,8.4,1003.3,0,0.0,200,177.4,178.8,1522.0,44.1,23.2,40.0,3.0,11,0
2025-11-28 01:00:00,14.0,63,8.4,1003.3,0,0.0,202,177.4,178.8,1353.0,42.9,21.2,34.0,2.0,11,1
2025-11-28 02:00:00,13.5,65,8.2,1003.0,0,0.0,202,172.8,174.2,1219.0,40.3,19.3,31.0,2.0,11,2
2025-11-28 03:00:00,12.9,67,8.4,1003.1,0,0.0,203,163.4,164.4,1138.0,35.0,17.6,34.0,2.0,11,3
2025-11-28 04:00:00,12.3,70,6.9,1002.7,0,0.0,202,151.8,153.2,1091.0,28.3,16.0,40.0,2.0,11,4
2025-11-28 05:00:00,11.7,74,7.6,1002.8,0,0.0,201,140.6,141.1,1141.0,18.7,15.9,55.0,1.0,11,5
2025-11-28 06:00:00,11.3,75,7.9,1003.2,0,0.0,202,142.5,143.0,1401.0,23.9,15.6,44.0,1.0,11,6
2025-11-28 07:00:00,11.1,76,6.6,1003.7,0,0.0,202,155.5,156.5,1757.0,30.7,15.3,31.0,1.0,11,7
2025-11-28 08:00:00,11.1,76,5.3,1004.3,0,0.0,203,164.8,165.3,1931.0,33.2,15.7,35.0,1.0,11,8
2025-11-28 09:00:00,13.2,67,2.9,1004.9,0,0.0,203,143.0,143.9,1752.0,27.1,17.4,73.0,1.0,11,9
2025-11-28 10:00:00,16.3,55,1.9,1005.0,0,0.0,203,122.5,122.9,1391.0,16.6,19.9,129.0,1.0,11,10
2025-11-28 11:00:00,19.5,46,3.5,1004.6,0,0.0,204,92.7,93.4,1076.0,8.4,21.8,171.0,1.0,11,11
2025-11-28 12:00:00,21.3,40,4.3,1003.7,0,0.0,203,62.2,62.9,865.0,4.4,22.8,187.0,1.0,11,12
2025-11-28 13:00:00,22.2,36,5.6,1002.6,0,0.0,202,54.7,55.4,701.0,2.6,23.3,189.0,1.0,11,13
2025-11-28 14:00:00,22.7,32,6.3,1001.6,0,0.0,201,51.9,52.7,639.0,3.7,23.3,183.0,1.0,11,14
2025-11-28 15:00:00,22.7,31,6.3,1001.4,0,0.0,200,49.8,50.5,724.0,8.8,22.3,169.0,1.0,11,15
2025-11-28 16:00:00,22.2,32,6.2,1001.2,0,0.0,200,52.0,52.7,912.0,16.9,20.8,146.0,1.0,11,16
2025-11-28 17:00:00,21.1,35,6.7,1000.8,0,0.0,199,68.7,69.4,1121.0,22.8,19.8,122.0,1.0,11,17
2025-11-28 18:00:00,20.1,39,8.3,1001.1,0,0.0,198,86.8,87.5,1341.0,28.8,20.5,106.0,1.0,11,18
2025-11-28 19:00:00,19.1,41,8.0,1001.3,0,0.0,198,102.2,102.7,1582.0,37.1,21.5,83.0,1.0,11,19
2025-11-28 20:00:00,17.9,45,7.3,1001.6,0,0.0,198,116.6,117.1,1797.0,44.2,22.6,63.0,1.0,11,20
2025-11-28 21:00:00,16.7,49,5.8,1001.6,0,0.0,197,132.2,132.7,1993.0,48.6,23.9,51.0,1.0,11,21
2025-11-28 22:00:00,15.6,53,5.4,1001.4,0,0.0,197,149.9,150.4,2162.0,51.7,25.3,42.0,1.0,11,22
2025-11-28 23:00:00,14.3,57,4.4,1001.4,0,0.0,197,162.5,163.0,2237.0,54.2,26.2,34.0,1.0,11,23
2025-11-29 00:00:00,13.5,61,6.4,1001.2,0,0.0,196,165.8,166.2,2149.0,56.4,26.3,27.0,1.0,11,0
2025-11-29 01:00:00,13.0,62,7.2,1000.8,0,0.0,196,169.0,169.5,1967.0,58.0,25.8,22.0,1.0,11,1
2025-11-29 02:00:00,12.7,61,6.8,1000.8,0,0.0,196,169.5,170.0,1821.0,58.9,25.1,18.0,1.0,11,2
2025-11-29 03:00:00,12.1,62,6.3,1000.5,0,0.0,196,167.6,168.1,1738.0,58.7,24.0,15.0,1.0,11,3
2025-11-29 04:00:00,11.4,64,5.6,1000.5,0,0.0,196,163.9,163.9,1692.0,57.8,22.6,13.0,0.0,11,4
2025-11-29 05:00:00,9.9,73,5.7,1000.5,0,0.0,196,171.4,171.4,1736.0,58.2,23.4,10.0,0.0,11,5
2025-11-29 06:00:00,9.5,75,6.1,1001.1,0,0.0,197,171.8,172.8,1997.0,58.7,23.3,6.0,0.0,11,6
2025-11-29 07:00:00,9.0,77,5.5,1001.6,0,0.0,198,184.4,187.7,2347.0,58.7,23.1,3.0,0.0,11,7
2025-11-29 08:00:00,9.4,75,5.1,1002.1,0,0.0,199,194.6,199.8,2456.0,54.3,22.9,15.0,0.0,11,8
2025-11-29 09:00:00,12.4,61,2.2,1002.8,0,0.0,200,143.0,144.8,2097.0,41.1,22.6,55.0,0.0,11,9
2025-11-29 10:00:00,16.1,47,0.6,1003.0,0,0.0,200,69.8,69.8,1497.0,23.4,22.3,110.0,0.0,11,10
2025-11-29 11:00:00,19.4,38,0.7,1002.8,0,0.0,198,44.2,44.4,1008.0,10.0,22.0,152.0,0.0,11,11
2025-11-29 12:00:00,21.4,31,1.8,1002.0,0,0.0,197,30.9,31.2,745.0,4.5,21.8,170.0,0.0,11,12
2025-11-29 13:00:00,22.6,26,3.2,1001.0,0,0.0,196,25.0,25.4,592.0,3.3,21.6,174.0,1.0,11,13
2025-11-29 14:00:00,23.1,23,4.5,1000.0,0,0.0,195,21.8,22.2,554.0,5.0,21.1,170.0,1.0,11,14
2025-11-29 15:00:00,23.2,22,4.9,999.8,0,0.0,194,21.8,22.2,679.0,10.2,19.7,157.0,1.0,11,15
2025-11-29 16:00:00,22.5,24,5.6,999.5,0,0.0,193,27.9,28.2,920.0,18.2,18.0,136.0,0.0,11,16
2025-11-29 17:00:00,20.7,31,6.4,999.3,0,0.0,193,43.7,44.1,1136.0,24.8,16.2,111.0,1.0,11,17
2025-11-29 18:00:00,19.7,35,5.6,999.5,0,0.0,192,68.0,68.5,1261.0,33.3,17.2,95.0,1.0,11,18
2025-11-29 19:00:00,18.9,36,5.8,999.7,0,0.0,191,91.7,92.9,1362.0,44.9,18.7,72.0,0.0,11,19
2025-11-29 20:00:00,18.2,35,5.9,999.5,0,0.0,191,110.6,114.3,1502.0,53.1,19.9,53.0,0.0,11,20
2025-11-29 21:00:00,17.4,35,4.9,999.8,0,0.0,191,128.1,132.2,1747.0,54.6,20.8,44.0,0.0,11,21
2025-11-29 22:00:00,16.1,38,3.1,999.6,0,0.0,191,146.2,150.4,2031.0,52.7,21.5,38.0,0.0,11,22
2025-11-29 23:00:00,14.5,48,1.1,999.7,0,0.0,191,157.9,162.1,2213.0,50.7,21.6,34.0,0.0,11,23
2025-11-30 00:00:00,14.3,45,2.3,999.4,0,0.0,190,157.4,161.1,2199.0,49.8,20.8,29.0,0.0,11,0
2025-11-30 01:00:00,13.5,49,2.3,999.2,0,0.0,190,156.0,160.2,2084.0,48.8,19.4,24.0,1.0,11,1
2025-11-30 02:00:00,12.8,51,1.8,998.8,0,0.0,190,154.1,157.9,2014.0,47.8,18.2,21.0,1.0,11,2
2025-11-30 03:00:00,12.0,56,1.6,998.5,0,0.0,189,150.4,154.1,2004.0,46.4,17.3,20.0,1.0,11,3
2025-11-30 04:00:00,11.5,54,4.8,998.2,0,0.0,189,144.4,147.6,2041.0,45.0,16.5,19.0,1.0,11,4
2025-11-30 05:00:00,10.0,64,3.0,998.2,24,0.0,188,156.5,160.2,2225.0,44.6,18.4,17.0,1.0,11,5
2025-11-30 06:00:00,9.9,66,1.9,998.6,96,0.0,188,160.2,163.9,2789.0,48.7,19.6,13.0,1.0,11,6
2025-11-30 07:00:00,9.7,66,1.9,999.3,86,0.0,187,177.4,181.1,3501.0,53.7,21.3,10.0,1.0,11,7
2025-11-30 08:00:00,10.3,61,5.6,999.8,55,0.0,187,195.1,198.8,3772.0,53.1,22.4,21.0,1.0,11,8
2025-11-30 09:00:00,13.2,48,3.5,1000.6,48,0.0,187,139.2,142.0,3188.0,41.2,21.5,61.0,1.0,11,9
2025-11-30 10:00:00,17.0,37,1.8,1001.1,75,0.0,187,88.2,90.6,2162.0,23.7,20.1,115.0,1.0,11,10
2025-11-30 11:00:00,20.4,30,2.7,1001.0,38,0.0,188,63.1,63.8,1345.0,10.4,21.1,155.0,1.0,11,11
2025-11-30 12:00:00,22.3,25,2.6,1000.1,70,0.0,188,54.0,54.7,951.0,5.3,27.6,169.0,1.0,11,12
2025-11-30 13:00:00,23.4,22,2.3,999.2,100,0.0,189,46.2,46.9,765.0,4.5,36.6,169.0,1.0,11,13
2025-11-30 14:00:00,23.6,22,1.7,998.4,100,0.0,190,41.6,42.1,795.0,6.5,41.8,162.0,1.0,11,14
2025-11-30 15:00:00,23.3,22,0.9,997.8,99,0.0,190,40.7,41.3,1112.0,11.8,39.6,147.0,1.0,11,15
2025-11-30 16:00:00,22.9,24,2.7,997.5,100,0.0,191,50.9,51.3,1644.0,19.8,33.6,125.0,1.0,11,16
2025-11-30 17:00:00,21.1,34,1.5,997.2,100,0.0,191,78.5,79.2,2190.0,28.3,30.7,111.0,1.0,11,17
2025-11-30 18:00:00,20.6,33,4.0,997.5,99,0.0,192,100.8,101.3,2743.0,33.4,29.7,97.0,1.0,11,18
2025-11-30 19:00:00,19.7,37,3.3,997.8,100,0.0,193,123.9,124.3,3308.0,40.6,28.4,78.0,1.0,11,19
2025-11-30 20:00:00,19.0,39,1.7,997.9,88,0.0,194,145.8,146.2,3702.0,46.9,27.6,60.0,1.0,11,20
2025-11-30 21:00:00,18.4,37,1.3,998.2,100,0.0,195,168.1,169.0,3832.0,51.3,28.0,47.0,1.0,11,21
2025-11-30 22:00:00,17.8,39,2.7,998.1,100,0.0,197,190.9,191.4,3791.0,54.8,28.8,36.0,1.0,11,22
2025-11-30 23:00:00,16.2,50,2.2,998.0,83,0.0,198,199.3,200.7,3668.0,56.9,28.7,27.0,1.0,11,23
2025-12-01 00:00:00,15.4,51,0.6,997.8,66,0.0,199,193.2,194.6,3455.0,57.2,26.8,21.0,1.0,12,0
2025-12-01 01:00:00,15.1,46,1.5,997.7,42,0.0,200,185.8,186.3,3160.0,56.2,24.0,16.0,1.0,12,1
2025-12-01 02:00:00,14.3,46,2.4,997.3,1,0.0,202,178.3,178.8,2904.0,55.1,21.8,13.0,1.0,12,2
2025-12-01 03:00:00,13.4,46,5.2,997.0,0,0.0,203,174.6,175.1,2676.0,54.5,20.7,10.0,1.0,12,3
2025-12-01 04:00:00,12.0,49,7.2,997.0,0,0.0,204,177.4,178.3,2486.0,53.8,20.2,7.0,1.0,12,4
2025-12-01 05:00:00,11.1,56,6.5,996.9,0,0.0,205,175.1,176.5,2485.0,48.3,19.7,13.0,1.0,12,5
2025-12-01 06:00:00,10.4,58,5.1,997.5,0,0.0,206,148.1,148.5,2912.0,44.3,19.0,21.0,1.0,12,6
2025-12-01 07:00:00,9.8,60,3.4,998.0,0,0.0,205,137.8,138.3,3527.0,38.5,18.0,32.0,1.0,12,7
2025-12-01 08:00:00,10.1,59,2.4,999.0,0,0.0,204,127.6,128.1,3763.0,31.9,17.0,50.0,1.0,12,8
2025-12-01 09:00:00,12.7,50,1.8,999.9,0,0.0,201,98.0,98.5,3253.0,24.0,15.9,79.0,1.0,12,9
2025-12-01 10:00:00,16.1,40,1.6,1000.2,0,0.0,199,84.3,84.8,2364.0,15.3,14.8,113.0,1.0,12,10
2025-12-01 11:00:00,19.4,33,1.3,1000.0,0,0.0,199,61.5,61.7,1632.0,8.6,14.4,139.0,1.0,12,11
2025-12-01 12:00:00,21.5,28,1.3,999.2,0,0.0,199,39.3,39.8,1232.0,4.3,15.5,151.0,1.0,12,12
2025-12-01 13:00:00,22.9,25,1.1,998.1,0,0.0,199,29.5,29.9,988.0,2.1,17.3,155.0,1.0,12,13
2025-12-01 14:00:00,23.6,23,1.3,997.2,0,0.0,198,27.9,28.2,908.0,3.3,18.4,151.0,1.0,12,14
2025-12-01 15:00:00,23.7,22,1.6,996.7,0,0.0,198,27.5,27.8,1067.0,9.6,18.0,138.0,1.0,12,15
2025-12-01 16:00:00,23.3,23,3.5,996.3,0,0.0,197,33.6,33.9,1391.0,19.4,17.0,117.0,0.0,12,16
2025-12-01 17:00:00,21.2,30,4.9,996.2,0,0.0,197,51.5,51.6,1663.0,29.2,12.8,91.0,0.0,12,17
2025-12-01 18:00:00,19.9,38,7.4,996.7,0,0.0,196,78.9,79.2,1778.0,38.8,14.5,75.0,0.0,12,18
2025-12-01 19:00:00,18.5,42,7.0,997.2,0,0.0,195,105.7,107.6,1840.0,52.0,17.0,53.0,0.0,12,19
2025-12-01 20:00:00,17.6,45,5.5,997.3,0,0.0,195,129.5,133.2,1950.0,62.2,19.3,35.0,0.0,12,20
2025-12-01 21:00:00,17.1,45,5.4,997.7,0,0.0,194,151.8,155.5,2208.0,66.2,21.3,26.0,0.0,12,21
2025-12-01 22:00:00,16.3,47,5.7,997.5,0,0.0,194,174.6,178.3,2513.0,67.1,23.1,20.0,0.0,12,22
2025-12-01 23:00:00,14.8,53,3.7,998.0,0,0.0,193,190.5,194.6,2658.0,68.1,24.5,16.0,0.0,12,23
2025-12-02 00:00:00,14.1,54,6.0,997.7,0,0.0,193,194.2,197.9,2490.0,70.8,25.3,11.0,0.0,12,0
2025-12-02 01:00:00,13.6,55,6.2,997.4,0,0.0,193,195.6,199.3,2163.0,73.5,25.5,7.0,0.0,12,1
2025-12-02 02:00:00,12.7,57,7.8,997.3,0,0.0,193,196.5,199.8,1931.0,74.1,25.2,4.0,0.0,12,2
2025-12-02 03:00:00,12.3,55,9.1,997.3,0,0.0,194,197.4,200.2,1866.0,71.4,24.0,3.0,0.0,12,3
2025-12-02 04:00:00,11.8,53,8.8,997.1,0,0.0,195,192.8,196.0,1896.0,66.7,22.2,4.0,0.0,12,4
2025-12-02 05:00:00,11.1,54,7.1,997.1,0,0.0,195,109.2,112.7,2059.0,30.9,12.8,34.0,0.0,12,5
2025-12-02 06:00:00,10.9,53,4.8,997.9,0,0.0,193,92.0,95.0,2527.0,31.2,12.1,31.0,0.0,12,6
2025-12-02 07:00:00,10.2,59,3.9,999.0,0,0.0,192,93.6,96.9,3128.0,31.5,11.2,28.0,0.0,12,7
2025-12-02 08:00:00,10.1,62,2.3,999.8,0,0.0,190,98.7,101.5,3385.0,29.7,10.6,34.0,0.0,12,8
2025-12-02 09:00:00,12.9,52,1.3,1000.6,0,0.0,189,80.8,83.1,2987.0,24.3,10.4,58.0,0.0,12,9
2025-12-02 10:00:00,15.9,41,0.8,1001.2,0,0.0,189,66.6,69.6,2244.0,16.8,10.6,91.0,0.0,12,10
2025-12-02 11:00:00,18.8,34,1.2,1000.8,0,0.0,188,54.5,56.1,1614.0,10.7,11.3,119.0,0.0,12,11
2025-12-02 12:00:00,20.7,30,2.2,1000.1,0,0.0,188,41.8,41.9,1245.0,6.3,13.2,138.0,0.0,12,12
2025-12-02 13:00:00,21.9,29,3.4,999.2,0,0.0,188,26.6,26.7,988.0,3.3,15.6,151.0,0.0,12,13
2025-12-02 14:00:00,22.4,29,4.1,998.3,0,0.0,188,23.6,23.9,853.0,3.3,17.1,154.0,0.0,12,14
2025-12-02 15:00:00,22.5,29,4.4,997.9,0,0.0,188,23.7,24.0,881.0,7.9,16.7,143.0,0.0,12,15
2025-12-02 16:00:00,22.0,31,5.7,997.6,0,0.0,188,29.3,29.6,1031.0,15.6,15.4,121.0,0.0,12,16
2025-12-02 17:00:00,20.6,36,8.4,997.7,0,0.0,188,66.6,67.1,1186.0,28.2,15.8,96.0,1.0,12,17
2025-12-02 18:00:00,19.1,40,8.9,998.2,0,0.0,188,91.5,92.2,1305.0,37.4,17.1,79.0,1.0,12,18
2025-12-02 19:00:00,18.0,42,7.9,998.7,0,0.0,189,119.7,120.1,1429.0,50.3,18.9,56.0,1.0,12,19
2025-12-02 20:00:00,17.2,44,7.2,999.3,0,0.0,189,147.6,148.1,1569.0,60.9,20.7,37.0,1.0,12,20
2025-12-02 21:00:00,15.9,50,7.2,999.8,0,0.0,190,171.4,172.8,1757.0,67.1,22.5,26.0,1.0,12,21
2025-12-02 22:00:00,14.9,54,7.5,1000.0,0,0.0,190,190.9,195.1,1961.0,71.1,24.3,18.0,1.0,12,22
2025-12-02 23:00:00,13.8,60,5.4,1000.0,0,0.0,191,200.7,206.8,2097.0,73.7,25.5,13.0,1.0,12,23
2025-12-03 00:00:00,13.1,64,4.0,999.8,0,0.0,191,202.6,207.7,2127.0,74.9,25.9,10.0,1.0,12,0
2025-12-03 01:00:00,12.4,67,4.6,999.8,0,0.0,191,204.0,208.6,2089.0,74.6,25.7,8.0,1.0,12,1
2025-12-03 02:00:00,11.6,69,6.4,999.9,0,0.0,191,204.0,208.6,2013.0,73.5,25.3,7.0,1.0,12,2
2025-12-03 03:00:00,10.9,72,6.6,1000.0,0,0.0,192,202.6,207.2,1838.0,71.3,24.4,5.0,1.0,12,3
2025-12-03 04:00:00,10.5,73,6.2,1000.2,0,0.0,192,201.6,205.8,1626.0,68.3,23.4,4.0,1.0,12,4
2025-12-03 05:00:00,9.9,75,5.7,1000.2,0,0.0,192,196.5,200.2,1586.0,52.9,18.0,10.0,1.0,12,5
2025-12-03 06:00:00,9.6,74,4.9,1001.1,0,0.0,195,190.5,194.2,1938.0,52.7,18.2,8.0,1.0,12,6
2025-12-03 07:00:00,9.0,76,4.0,1001.9,0,0.0,198,202.1,205.8,2463.0,51.8,18.3,8.0,1.0,12,7
2025-12-03 08:00:00,9.2,77,5.5,1002.7,0,0.0,201,216.1,220.3,2715.0,47.5,18.4,21.0,1.0,12,8
2025-12-03 09:00:00,12.0,64,4.0,1003.8,0,0.0,206,168.6,172.3,2430.0,36.3,17.8,61.0,1.0,12,9
2025-12-03 10:00:00,15.3,50,2.5,1004.5,0,0.0,210,125.7,125.7,1873.0,21.6,17.0,115.0,1.0,12,10
2025-12-03 11:00:00,18.4,42,3.0,1004.7,0,0.0,212,97.1,97.6,1391.0,10.4,17.5,157.0,1.0,12,11
2025-12-03 12:00:00,20.5,36,3.4,1004.1,0,0.0,214,71.0,71.5,1082.0,5.0,20.6,177.0,1.0,12,12
2025-12-03 13:00:00,21.7,31,3.1,1003.3,0,0.0,215,59.3,59.8,849.0,3.0,24.9,185.0,1.0,12,13
2025-12-03 14:00:00,22.3,28,2.8,1002.4,0,0.0,216,55.3,55.9,748.0,4.4,27.8,184.0,1.0,12,14
2025-12-03 15:00:00,22.4,28,3.2,1002.0,0,0.0,218,53.3,53.9,851.0,10.2,27.7,171.0,1.0,12,15
2025-12-03 16:00:00,22.0,29,3.9,1002.0,0,0.0,219,64.5,65.0,1086.0,19.4,26.2,150.0,1.0,12,16
2025-12-03 17:00:00,20.6,34,5.4,1001.9,0,0.0,220,102.4,103.1,1289.0,29.3,29.0,124.0,1.0,12,17
2025-12-03 18:00:00,19.0,41,8.5,1002.4,0,0.0,222,125.3,125.7,1392.0,35.7,29.4,106.0,1.0,12,18
2025-12-03 19:00:00,17.6,44,8.6,1002.7,0,0.0,223,151.8,152.3,1463.0,44.6,29.9,81.0,1.0,12,19
2025-12-03 20:00:00,16.8,45,8.3,1003.1,19,0.0,225,176.5,177.0,1542.0,52.3,30.8,60.0,1.0,12,20
2025-12-03 21:00:00,16.5,45,7.7,1003.4,0,0.0,226,198.4,198.8,1669.0,57.0,32.3,46.0,1.0,12,21
2025-12-03 22:00:00,15.7,47,7.1,1003.3,11,0.0,227,222.1,222.6,1805.0,60.4,34.1,37.0,1.0,12,22
2025-12-03 23:00:00,14.3,53,5.2,1003.3,98,0.0,228,239.3,240.3,1866.0,64.2,35.7,28.0,1.0,12,23
2025-12-04 00:00:00,13.1,59,6.0,1003.3,100,0.0,230,245.9,246.8,1790.0,69.5,37.0,20.0,1.0,12,0
2025-12-04 01:00:00,12.5,63,5.0,1002.8,100,0.0,232,250.5,251.5,1641.0,75.2,38.1,14.0,1.0,12,1
2025-12-04 02:00:00,12.3,63,5.9,1002.7,98,0.0,234,252.4,253.3,1524.0,79.7,39.1,9.0,1.0,12,2
2025-12-04 03:00:00,11.8,63,6.2,1002.6,86,0.0,236,253.3,254.3,1429.0,82.6,39.9,5.0,1.0,12,3
2025-12-04 04:00:00,11.3,64,6.8,1002.0,42,0.0,238,254.3,255.2,1367.0,84.2,40.6,2.0,1.0,12,4
2025-12-04 05:00:00,10.8,63,6.7,1001.9,0,0.0,240,249.6,250.5,1475.0,62.1,31.3,5.0,1.0,12,5
2025-12-04 06:00:00,10.3,65,3.8,1002.6,0,0.0,242,252.4,252.4,1971.0,63.5,32.6,3.0,1.0,12,6
2025-12-04 07:00:00,9.6,71,1.9,1003.5,0,0.0,245,271.0,271.9,2636.0,64.7,34.4,3.0,1.0,12,7
2025-12-04 08:00:00,9.7,68,2.2,1004.0,0,0.0,248,292.4,293.4,2952.0,60.4,35.6,18.0,1.0,12,8
2025-12-04 09:00:00,12.3,56,2.3,1004.7,0,0.0,251,226.8,226.8,2586.0,45.3,34.8,64.0,1.0,12,9
2025-12-04 10:00:00,16.0,43,2.0,1004.9,0,0.0,253,149.5,149.9,1872.0,24.7,33.4,125.0,1.0,12,10
2025-12-04 11:00:00,19.5,36,2.7,1004.8,0,0.0,254,106.9,107.3,1288.0,9.4,34.2,171.0,1.0,12,11
2025-12-04 12:00:00,21.3,31,3.8,1003.7,9,0.0,255,84.5,85.0,989.0,4.0,40.2,190.0,1.0,12,12
2025-12-04 13:00:00,22.3,28,4.0,1002.7,0,0.0,255,75.4,75.9,820.0,4.0,48.5,193.0,1.0,12,13
2025-12-04 14:00:00,22.8,27,3.8,1001.9,0,0.0,256,72.6,73.1,799.0,6.3,52.8,188.0,1.0,12,14
2025-12-04 15:00:00,22.9,27,3.1,1001.3,0,0.0,257,70.1,70.5,994.0,10.8,49.5,173.0,1.0,12,15
2025-12-04 16:00:00,22.6,27,3.1,1001.0,0,0.0,257,73.8,74.3,1337.0,17.6,42.2,150.0,1.0,12,16
2025-12-04 17:00:00,20.7,41,0.6,1001.0,0,0.0,258,88.2,88.7,1635.0,25.8,33.9,121.0,1.0,12,17
2025-12-04 18:00:00,20.1,34,1.5,1001.3,0,0.0,257,112.2,112.7,1845.0,33.8,33.2,100.0,1.0,12,18
2025-12-04 19:00:00,18.9,38,2.8,1001.7,0,0.0,257,140.2,140.6,2011.0,44.8,32.2,71.0,1.0,12,19
2025-12-04 20:00:00,18.1,40,2.7,1002.1,0,0.0,256,167.6,168.1,2075.0,53.3,31.3,48.0,1.0,12,20
2025-12-04 21:00:00,17.2,42,2.7,1002.2,0,0.0,256,190.5,190.9,1991.0,57.1,30.8,36.0,1.0,12,21
2025-12-04 22:00:00,16.4,47,2.4,1002.4,0,0.0,255,206.3,206.8,1804.0,58.3,30.3,29.0,1.0,12,22
2025-12-04 23:00:00,15.7,44,4.8,1002.4,0,0.0,255,209.1,209.5,1593.0,57.8,29.3,24.0,1.0,12,23
2025-12-05 00:00:00,14.5,47,7.6,1002.3,0,0.0,253,200.2,200.7,1348.0,55.6,27.3,21.0,1.0,12,0
2025-12-05 01:00:00,13.6,50,7.9,1002.1,0,0.0,252,192.3,192.8,1080.0,51.7,24.7,20.0,1.0,12,1
2025-12-05 02:00:00,13.1,51,8.7,1001.7,0,0.0,249,184.9,185.3,895.0,47.1,22.3,21.0,1.0,12,2
2025-12-05 03:00:00,12.6,53,8.2,1001.7,0,0.0,246,177.0,177.4,833.0,41.6,20.3,23.0,1.0,12,3
2025-12-05 04:00:00,12.0,54,8.2,1001.7,0,0.0,243,163.0,163.4,855.0,35.3,18.5,27.0,1.0,12,4
2025-12-05 05:00:00,11.6,56,8.7,1001.7,0,0.0,239,105.7,106.2,949.0,19.8,14.7,45.0,1.0,12,5
2025-12-05 06:00:00,11.0,57,7.7,1002.2,0,0.0,233,88.0,88.5,1185.0,19.9,14.6,46.0,1.0,12,6
2025-12-05 07:00:00,10.5,58,7.1,1003.0,0,0.0,227,84.1,84.3,1492.0,19.9,14.5,49.0,0.0,12,7
2025-12-05 08:00:00,10.8,56,7.1,1004.0,0,0.0,219,80.8,81.0,1647.0,18.8,14.5,56.0,0.0,12,8
2025-12-05 09:00:00,13.1,48,4.9,1004.9,0,0.0,210,74.7,75.0,1513.0,15.5,14.6,71.0,0.0,12,9
2025-12-05 10:00:00,16.2,38,2.5,1005.7,1,0.0,204,61.7,61.9,1227.0,11.0,14.8,91.0,0.0,12,10
2025-12-05 11:00:00,19.6,31,2.9,1005.7,2,0.0,200,50.5,50.6,968.0,7.4,15.1,107.0,0.0,12,11
2025-12-05 12:00:00,21.7,27,2.2,1005.2,5,0.0,198,37.1,37.4,757.0,4.6,15.9,119.0,0.0,12,12
2025-12-05 13:00:00,23.2,23,2.4,1004.3,21,0.0,197,31.8,32.1,574.0,2.6,16.8,127.0,1.0,12,13
2025-12-05 14:00:00,24.1,20,3.2,1003.5,15,0.0,196,30.7,31.2,538.0,3.4,17.2,128.0,1.0,12,14
2025-12-05 15:00:00,24.5,20,3.2,1003.0,5,0.0,194,30.9,31.3,768.0,8.2,16.4,116.0,1.0,12,15
2025-12-05 16:00:00,24.1,20,3.7,1002.7,8,0.0,193,36.6,36.9,1147.0,15.8,15.2,97.0,1.0,12,16
2025-12-05 17:00:00,21.7,29,1.5,1002.7,43,0.0,192,57.5,58.0,1438.0,24.7,15.8,79.0,1.0,12,17
2025-12-05 18:00:00,20.9,26,1.5,1003.2,100,0.0,191,85.4,85.9,1551.0,33.6,16.6,63.0,1.0,12,18
2025-12-05 19:00:00,19.2,33,5.8,1003.8,98,0.0,190,114.8,115.0,1577.0,45.7,17.7,41.0,1.0,12,19
2025-12-05 20:00:00,17.6,42,8.3,1004.3,59,0.0,190,136.9,137.4,1555.0,53.8,18.6,25.0,1.0,12,20
2025-12-05 21:00:00,16.0,49,9.6,1004.8,25,0.0,189,150.4,152.3,1482.0,54.5,19.1,20.0,1.0,12,21
2025-12-05 22:00:00,14.7,54,10.1,1004.9,13,0.0,187,157.4,160.2,1361.0,51.2,19.4,21.0,1.0,12,22
2025-12-05 23:00:00,14.3,55,9.9,1004.9,84,0.0,186,156.5,159.3,1245.0,47.4,19.3,22.0,1.0,12,23
2025-12-06 00:00:00,13.8,55,10.2,1004.9,43,0.0,184,148.5,151.8,1136.0,44.2,18.5,22.0,1.0,12,0
2025-12-06 01:00:00,12.8,58,9.5,1004.6,47,0.0,183,142.0,144.8,1031.0,40.6,17.3,23.0,1.0,12,1
2025-12-06 02:00:00,11.8,64,10.4,1004.7,68,0.0,181,135.0,136.4,973.0,36.6,16.2,24.0,1.0,12,2
2025-12-06 03:00:00,11.2,67,9.9,1004.6,2,0.0,180,126.7,127.1,977.0,31.7,15.3,27.0,1.0,12,3
2025-12-06 04:00:00,10.6,71,9.3,1004.2,0,0.0,178,116.6,116.9,1027.0,26.5,14.6,30.0,0.0,12,4
2025-12-06 05:00:00,9.7,79,8.9,1004.4,71,0.0,177,140.2,141.1,1120.0,32.3,14.6,18.0,0.0,12,5
2025-12-06 06:00:00,9.2,81,9.1,1004.3,100,0.0,178,142.5,143.0,1302.0,34.2,14.7,14.0,0.0,12,6
2025-12-06 07:00:00,9.1,81,8.3,1004.7,100,0.0,180,151.8,152.7,1527.0,36.4,14.9,9.0,0.0,12,7
2025-12-06 08:00:00,9.7,78,6.6,1005.3,99,0.0,182,155.5,156.0,1653.0,36.0,15.4,16.0,0.0,12,8
2025-12-06 09:00:00,12.0,68,5.6,1006.0,100,0.0,184,140.2,140.6,1606.0,30.4,16.1,44.0,0.0,12,9
2025-12-06 10:00:00,15.0,57,4.2,1006.5,98,0.0,186,129.5,129.5,1459.0,22.1,17.2,82.0,1.0,12,10
2025-12-06 11:00:00,18.7,47,4.3,1006.2,95,0.0,188,101.7,102.0,1291.0,15.2,19.4,114.0,1.0,12,11
2025-12-06 12:00:00,20.9,39,3.8,1005.4,65,0.0,189,76.1,76.6,1079.0,10.0,23.7,134.0,1.0,12,12
2025-12-06 13:00:00,22.3,33,3.7,1004.0,100,0.0,191,59.5,60.1,846.0,6.1,29.0,147.0,1.0,12,13
2025-12-06 14:00:00,22.9,31,3.1,1003.3,100,0.0,191,53.4,54.1,742.0,6.6,32.9,151.0,1.0,12,14
2025-12-06 15:00:00,23.0,30,2.8,1002.8,83,0.0,192,53.6,54.2,862.0,14.2,34.1,141.0,1.0,12,15
2025-12-06 16:00:00,22.7,30,4.1,1002.6,28,0.0,193,72.2,72.9,1111.0,26.2,33.9,121.0,1.0,12,16
2025-12-06 17:00:00,21.0,37,3.0,1001.9,1,0.0,194,112.9,113.4,1349.0,35.2,33.7,107.0,1.0,12,17
2025-12-06 18:00:00,20.6,37,6.1,1002.2,2,0.0,195,143.9,144.4,1560.0,44.9,33.9,88.0,1.0,12,18
2025-12-06 19:00:00,19.6,42,2.4,1002.5,8,0.0,197,180.2,180.7,1761.0,58.4,34.2,60.0,1.0,12,19
2025-12-06 20:00:00,18.8,45,2.3,1002.7,15,0.0,199,213.7,214.7,1862.0,69.0,34.6,38.0,1.0,12,20
2025-12-06 21:00:00,18.1,44,4.8,1003.0,41,0.0,202,237.0,237.5,1789.0,74.2,35.4,25.0,1.0,12,21
2025-12-06 22:00:00,17.1,47,4.5,1002.9,0,0.0,206,249.6,249.6,1617.0,76.5,36.3,17.0,1.0,12,22
2025-12-06 23:00:00,15.7,55,2.0,1002.8,20,0.0,209,248.7,248.7,1480.0,76.5,36.2,11.0,1.0,12,23
2025-12-07 00:00:00,15.5,53,3.4,1002.6,5,0.0,213,235.6,236.1,1428.0,73.4,34.4,9.0,1.0,12,0
2025-12-07 01:00:00,14.7,55,5.8,1002.4,2,0.0,217,225.8,226.3,1412.0,68.0,31.6,9.0,1.0,12,1
2025-12-07 02:00:00,13.8,56,6.7,1002.1,1,0.0,220,218.4,218.9,1416.0,63.1,29.0,9.0,1.0,12,2
2025-12-07 03:00:00,13.2,57,7.2,1002.2,9,0.0,224,214.2,214.7,1387.0,59.7,26.9,7.0,1.0,12,3
2025-12-07 04:00:00,12.8,59,4.5,1001.8,2,0.0,228,213.3,213.7,1379.0,56.9,25.1,6.0,1.0,12,4
2025-12-07 05:00:00,12.3,62,4.0,1001.7,27,0.0,232,172.3,173.2,1535.0,33.9,19.3,27.0,1.0,12,5
2025-12-07 06:00:00,11.5,66,3.1,1001.9,3,0.0,233,171.4,171.8,2075.0,35.6,19.0,23.0,1.0,12,6
2025-12-07 07:00:00,11.0,70,3.1,1002.7,8,0.0,234,181.6,182.1,2780.0,37.7,18.6,20.0,1.0,12,7
2025-12-07 08:00:00,11.1,70,4.5,1003.2,2,0.0,235,177.0,177.4,3136.0,36.5,18.5,26.0,1.0,12,8
2025-12-07 09:00:00,13.8,58,3.4,1003.8,4,0.0,236,136.0,136.4,2825.0,29.1,18.3,50.0,1.0,12,9
2025-12-07 10:00:00,17.2,46,0.7,1004.4,7,0.0,236,112.5,112.9,2165.0,18.5,18.4,84.0,1.0,12,10
2025-12-07 11:00:00,20.6,36,2.9,1004.0,58,0.0,235,88.2,88.9,1598.0,10.3,20.0,113.0,1.0,12,11
2025-12-07 12:00:00,22.4,31,3.7,1003.3,77,0.0,235,75.2,75.9,1235.0,6.2,24.8,133.0,2.0,12,12
2025-12-07 13:00:00,23.7,27,4.2,1002.4,100,0.0,235,67.5,68.5,966.0,4.5,31.1,149.0,2.0,12,13
2025-12-07 14:00:00,24.4,26,2.8,1001.4,94,0.0,235,68.2,69.6,896.0,5.7,35.0,153.0,3.0,12,14
2025-12-07 15:00:00,24.7,25,0.8,1001.0,100,0.0,236,68.9,70.5,1145.0,10.7,33.9,141.0,3.0,12,15
2025-12-07 16:00:00,23.9,28,4.2,1000.7,95,0.0,236,75.7,77.1,1595.0,18.5,30.4,118.0,2.0,12,16
2025-12-07 17:00:00,22.8,32,2.2,1000.5,100,0.0,236,95.0,97.1,1995.0,30.0,31.5,97.0,4.0,12,17
2025-12-07 18:00:00,21.7,31,3.5,1001.0,11,0.0,236,123.9,125.3,2272.0,38.9,31.1,78.0,4.0,12,18
2025-12-07 19:00:00,19.8,42,7.2,1001.8,0,0.0,235,156.0,157.4,2500.0,51.2,30.6,52.0,3.0,12,19
2025-12-07 20:00:00,19.0,46,7.8,1001.9,0,0.0,234,187.2,189.1,2650.0,61.0,30.3,31.0,3.0,12,20
2025-12-07 21:00:00,18.2,47,8.2,1002.1,0,0.0,233,214.7,216.5,2682.0,65.7,30.6,20.0,3.0,12,21
2025-12-07 22:00:00,17.5,49,6.2,1001.9,0,0.0,232,240.3,242.1,2636.0,67.8,31.3,13.0,3.0,12,22
2025-12-07 23:00:00,16.8,53,3.5,1001.9,0,0.0,231,257.0,258.9,2606.0,69.1,31.5,8.0,3.0,12,23
2025-12-08 00:00:00,15.4,58,3.8,1001.6,0,0.0,232,261.7,263.6,2664.0,70.7,31.2,4.0,3.0,12,0
2025-12-08 01:00:00,14.0,65,7.1,1001.4,0,0.0,233,265.4,267.3,2738.0,71.4,30.6,2.0,3.0,12,1
2025-12-08 02:00:00,13.2,68,7.6,1001.5,0,0.0,235,260.8,262.6,2704.0,69.5,29.4,2.0,3.0,12,2
2025-12-08 03:00:00,12.5,70,8.4,1001.7,0,0.0,236,249.6,251.5,2434.0,63.0,27.2,6.0,3.0,12,3
2025-12-08 04:00:00,12.3,71,8.1,1001.9,0,0.0,238,231.0,232.4,2056.0,53.9,24.5,12.0,2.0,12,4
2025-12-08 05:00:00,11.9,73,7.7,1001.9,0,0.0,239,267.3,270.1,1837.0,63.9,29.2,1.0,4.0,12,5
2025-12-08 06:00:00,11.2,77,7.3,1002.6,0,0.0,243,261.7,265.4,1963.0,61.7,28.3,1.0,4.0,12,6
2025-12-08 07:00:00,10.6,79,6.7,1003.2,0,0.0,246,265.4,269.2,2247.0,58.0,27.1,2.0,3.0,12,7
2025-12-08 08:00:00,10.7,79,5.9,1003.8,0,0.0,250,257.0,259.8,2400.0,51.6,26.2,16.0,3.0,12,8
2025-12-08 09:00:00,13.2,67,2.8,1004.6,0,0.0,253,207.2,208.6,2284.0,39.9,25.3,53.0,3.0,12,9
2025-12-08 10:00:00,16.5,54,1.9,1005.3,0,0.0,256,168.6,169.5,2035.0,25.3,24.8,102.0,3.0,12,10
2025-12-08 11:00:00,20.2,44,3.4,1005.5,0,0.0,258,116.6,118.3,1779.0,13.9,25.6,141.0,3.0,12,11
2025-12-08 12:00:00,22.3,39,3.7,1004.7,0,0.0,260,88.7,90.6,1490.0,7.5,29.5,162.0,3.0,12,12
2025-12-08 13:00:00,23.8,35,3.4,1003.7,0,0.0,260,74.5,76.6,1193.0,4.2,34.8,172.0,4.0,12,13
2025-12-08 14:00:00,24.7,32,3.8,1002.9,0,0.0,260,74.5,76.8,1082.0,4.6,37.9,172.0,4.0,12,14
2025-12-08 15:00:00,25.0,31,3.0,1002.5,0,0.0,261,75.4,77.8,1267.0,9.9,36.4,160.0,4.0,12,15
2025-12-08 16:00:00,24.7,30,2.2,1002.2,0,0.0,261,82.9,85.0,1638.0,18.8,32.7,137.0,4.0,12,16
2025-12-08 17:00:00,22.7,45,0.5,1001.8,0,0.0,261,120.1,122.9,2060.0,32.1,35.3,112.0,5.0,12,17
2025-12-08 18:00:00,22.2,35,3.8,1002.3,0,0.0,262,150.4,153.2,2555.0,41.3,36.2,93.0,5.0,12,18
2025-12-08 19:00:00,21.0,37,3.2,1002.7,0,0.0,263,185.8,188.6,3100.0,54.1,37.6,67.0,5.0,12,19
2025-12-08 20:00:00,19.7,41,2.6,1002.7,0,0.0,265,218.9,222.1,3492.0,64.6,39.2,46.0,5.0,12,20
2025-12-08 21:00:00,18.2,49,3.7,1002.8,0,0.0,266,247.7,251.5,3620.0,69.9,41.0,34.0,5.0,12,21
2025-12-08 22:00:00,17.1,54,3.5,1002.5,0,0.0,267,275.7,278.5,3594.0,72.9,43.1,27.0,6.0,12,22
2025-12-08 23:00:00,16.7,54,2.2,1002.3,0,0.0,269,292.4,296.2,3540.0,76.2,45.0,21.0,6.0,12,23
2025-12-09 00:00:00,16.0,54,4.6,1001.9,0,0.0,270,297.1,299.9,3499.0,81.5,46.9,15.0,6.0,12,0
2025-12-09 01:00:00,15.2,56,4.2,1001.6,0,0.0,272,301.7,305.5,3431.0,87.1,48.7,10.0,6.0,12,1
2025-12-09 02:00:00,14.4,58,3.0,1001.5,0,0.0,273,307.3,311.1,3335.0,90.5,49.6,6.0,6.0,12,2
2025-12-09 03:00:00,13.8,61,2.4,1001.2,0,0.0,275,312.9,315.7,3208.0,90.3,49.0,3.0,6.0,12,3
2025-12-09 04:00:00,12.7,67,3.8,1001.2,0,0.0,278,316.6,320.4,3054.0,87.8,47.5,2.0,6.0,12,4
2025-12-09 05:00:00,11.5,75,4.7,1001.4,0,0.0,281,285.9,288.7,2888.0,50.1,29.1,10.0,5.0,12,5
2025-12-09 06:00:00,10.5,82,6.5,1001.9,0,0.0,282,287.8,290.6,2729.0,53.5,30.6,6.0,5.0,12,6
2025-12-09 07:00:00,9.9,85,5.9,1002.3,0,0.0,283,307.3,310.1,2558.0,57.5,32.7,3.0,5.0,12,7
2025-12-09 08:00:00,10.1,84,5.2,1002.9,0,0.0,285,336.2,339.0,2329.0,56.1,33.9,16.0,5.0,12,8
2025-12-09 09:00:00,12.7,70,2.1,1003.4,0,0.0,288,298.0,299.0,1978.0,43.9,33.2,61.0,4.0,12,9
2025-12-09 10:00:00,16.1,56,2.2,1004.1,8,0.0,292,212.8,214.7,1569.0,26.3,31.6,123.0,4.0,12,10
2025-12-09 11:00:00,19.4,47,2.6,1003.8,62,0.0,294,133.2,135.0,1253.0,12.8,31.2,169.0,3.0,12,11
2025-12-09 12:00:00,21.5,41,2.4,1003.2,68,0.0,295,99.2,100.6,1059.0,7.1,33.7,188.0,3.0,12,12
2025-12-09 13:00:00,22.9,37,1.8,1002.3,98,0.0,295,75.4,77.1,958.0,5.5,37.5,192.0,4.0,12,13
2025-12-09 14:00:00,23.7,35,1.9,1001.4,99,0.0,295,68.7,70.8,1014.0,6.9,39.0,186.0,4.0,12,14
2025-12-09 15:00:00,23.8,35,1.2,1000.8,100,0.0,295,65.7,67.8,1267.0,12.1,36.2,168.0,4.0,12,15
2025-12-09 16:00:00,23.5,36,2.0,1000.6,100,0.0,294,73.8,75.4,1677.0,20.2,31.2,139.0,3.0,12,16
2025-12-09 17:00:00,21.7,45,1.5,1000.3,99,0.0,294,96.9,99.9,2184.0,27.7,27.6,115.0,5.0,12,17
2025-12-09 18:00:00,21.3,44,0.7,1000.5,100,0.0,293,126.2,129.0,2895.0,34.8,27.0,94.0,5.0,12,18
2025-12-09 19:00:00,20.4,48,3.3,1001.1,97,0.0,292,155.5,158.3,3703.0,44.7,26.2,65.0,5.0,12,19
2025-12-09 20:00:00,19.3,52,3.0,1001.5,5,0.0,291,177.4,180.2,4223.0,53.1,25.9,41.0,5.0,12,20
2025-12-09 21:00:00,18.3,56,2.2,1001.6,100,0.0,289,197.0,199.8,4251.0,58.4,26.7,27.0,5.0,12,21
2025-12-09 22:00:00,17.3,61,0.6,1001.3,99,0.0,287,214.7,217.0,3991.0,62.3,28.0,18.0,4.0,12,22
2025-12-09 23:00:00,16.2,64,1.8,1001.7,100,0.0,284,223.1,225.8,3670.0,64.7,28.8,11.0,4.0,12,23
2025-12-10 00:00:00,15.7,63,1.9,1001.3,100,0.0,282,219.3,221.7,3288.0,65.3,28.4,6.0,4.0,12,0
2025-12-10 01:00:00,15.1,65,1.3,1000.9,19,0.0,278,217.0,219.3,2845.0,64.6,27.4,4.0,3.0,12,1
2025-12-10 02:00:00,14.3,68,0.4,1000.8,15,0.0,275,217.9,219.8,2569.0,63.9,26.9,3.0,3.0,12,2
2025-12-10 03:00:00,13.6,69,2.6,1000.5,66,0.0,271,221.7,223.1,2577.0,64.0,27.2,2.0,3.0,12,3
2025-12-10 04:00:00,12.4,75,5.1,1000.4,10,0.0,267,228.6,230.0,2752.0,64.1,28.0,1.0,3.0,12,4
2025-12-10 05:00:00,11.4,80,5.8,1000.1,20,0.0,264,217.5,219.3,2972.0,54.9,24.9,4.0,3.0,12,5
2025-12-10 06:00:00,10.5,85,7.3,1000.3,0,0.0,261,226.3,228.2,3292.0,56.1,27.1,2.0,3.0,12,6
2025-12-10 07:00:00,10.2,86,6.6,1001.0,4,0.0,258,252.4,255.2,3655.0,57.1,30.0,0.0,3.0,12,7
2025-12-10 08:00:00,10.4,84,5.4,1001.5,2,0.0,256,280.3,285.9,3774.0,53.9,32.1,12.0,3.0,12,8
2025-12-10 09:00:00,12.8,72,2.9,1002.6,3,0.0,254,236.1,238.4,3451.0,42.4,32.5,50.0,2.0,12,9
2025-12-10 10:00:00,16.0,59,1.5,1002.9,7,0.0,251,181.6,182.5,2882.0,26.6,32.1,102.0,2.0,12,10
2025-12-10 11:00:00,19.5,49,2.0,1002.7,0,0.0,250,118.0,118.7,2368.0,14.2,31.6,142.0,1.0,12,11
2025-12-10 12:00:00,21.5,43,2.7,1001.9,0,0.0,249,86.4,87.1,1975.0,7.7,31.7,161.0,1.0,12,12
2025-12-10 13:00:00,22.8,40,3.7,1001.0,5,0.0,249,61.5,62.4,1636.0,4.5,31.8,169.0,2.0,12,13
2025-12-10 14:00:00,23.6,38,3.5,1000.3,74,0.0,248,53.8,54.7,1451.0,4.6,30.9,167.0,2.0,12,14
2025-12-10 15:00:00,23.7,38,3.1,999.8,98,0.0,247,49.8,50.9,1487.0,8.8,28.0,153.0,2.0,12,15
2025-12-10 16:00:00,23.5,39,3.4,999.6,98,0.0,247,53.6,54.5,1678.0,16.4,24.1,130.0,2.0,12,16
2025-12-10 17:00:00,22.0,45,3.3,999.2,17,0.0,246,92.7,95.0,1922.0,26.4,21.6,99.0,4.0,12,17
2025-12-10 18:00:00,21.1,49,5.1,999.9,4,0.0,246,121.5,123.9,2217.0,36.5,22.6,80.0,4.0,12,18
2025-12-10 19:00:00,19.8,54,4.3,1000.3,9,0.0,245,155.5,158.3,2566.0,50.6,24.0,53.0,5.0,12,19
2025-12-10 20:00:00,18.6,58,3.5,1000.6,2,0.0,245,189.5,191.9,2872.0,62.9,26.0,31.0,5.0,12,20
2025-12-10 21:00:00,17.7,61,2.6,1001.0,0,0.0,246,218.9,221.7,3109.0,71.6,28.9,18.0,5.0,12,21
2025-12-10 22:00:00,17.0,64,1.9,1000.8,0,0.0,247,246.8,249.6,3305.0,78.5,32.4,9.0,5.0,12,22
2025-12-10 23:00:00,16.0,72,0.6,1000.8,0,0.0,248,262.6,266.4,3441.0,83.1,35.4,3.0,5.0,12,23
2025-12-11 00:00:00,15.6,74,0.3,1000.7,0,0.0,250,263.6,267.3,3515.0,84.8,37.9,0.0,5.0,12,0
2025-12-11 01:00:00,14.9,73,1.4,1000.5,0,0.0,252,266.4,269.2,3530.0,84.2,40.0,1.0,4.0,12,1
2025-12-11 02:00:00,14.1,75,3.5,1000.5,0,0.0,254,270.1,271.9,3481.0,82.2,40.6,1.0,4.0,12,2
2025-12-11 03:00:00,12.9,79,6.5,1000.4,0,0.0,256,271.9,273.8,3342.0,78.7,38.7,0.0,4.0,12,3
2025-12-11 04:00:00,12.3,81,7.7,1000.2,0,0.0,258,265.4,268.2,3138.0,73.8,35.4,0.0,4.0,12,4
2025-12-11 05:00:00,11.6,84,8.2,1000.0,0,0.0,260,273.8,279.4,2945.0,78.2,36.9,0.0,4.0,12,5
2025-12-11 06:00:00,11.2,85,7.6,1000.4,0,0.0,262,265.4,270.1,2830.0,73.8,35.2,0.0,4.0,12,6
2025-12-11 07:00:00,10.8,86,6.8,1000.9,0,0.0,264,271.9,276.6,2725.0,67.2,32.8,0.0,3.0,12,7
2025-12-11 08:00:00,11.0,83,6.7,1001.4,0,0.0,264,279.4,284.1,2502.0,58.3,30.8,10.0,3.0,12,8
2025-12-11 09:00:00,13.4,70,4.3,1002.0,0,0.0,264,231.0,234.7,2036.0,45.4,29.1,52.0,3.0,12,9
2025-12-11 10:00:00,16.6,57,3.1,1002.3,0,0.0,264,197.4,198.8,1451.0,30.2,27.7,110.0,3.0,12,10
2025-12-11 11:00:00,19.9,48,4.0,1002.3,0,0.0,265,141.1,142.5,992.0,18.1,28.2,156.0,3.0,12,11
2025-12-11 12:00:00,21.8,43,4.2,1001.3,0,0.0,266,112.9,114.8,743.0,10.4,32.2,182.0,3.0,12,12
2025-12-11 13:00:00,23.0,39,3.6,1000.4,0,0.0,267,92.2,93.8,620.0,5.8,38.1,196.0,3.0,12,13
2025-12-11 14:00:00,23.6,36,3.7,999.6,0,0.0,268,85.7,87.3,612.0,5.5,42.0,200.0,3.0,12,14
2025-12-11 15:00:00,23.7,35,3.6,999.0,0,0.0,269,85.9,87.3,716.0,11.4,41.8,193.0,3.0,12,15
2025-12-11 16:00:00,23.3,36,3.6,999.0,0,0.0,271,95.7,96.9,936.0,21.7,39.7,175.0,2.0,12,16
2025-12-11 17:00:00,22.2,41,3.5,998.6,91,0.0,273,129.5,130.9,1269.0,34.5,36.1,120.0,3.0,12,17
2025-12-11 18:00:00,21.2,44,4.4,998.8,100,0.0,274,161.1,162.5,1789.0,44.4,37.4,99.0,3.0,12,18
2025-12-11 19:00:00,20.0,48,4.4,998.8,6,0.0,276,198.4,199.8,2421.0,58.1,39.2,71.0,3.0,12,19
2025-12-11 20:00:00,19.0,52,2.8,999.0,9,0.0,278,235.2,237.0,2945.0,68.3,40.6,47.0,3.0,12,20
2025-12-11 21:00:00,18.3,55,1.4,999.2,4,0.0,280,267.3,269.2,3287.0,72.0,41.3,34.0,3.0,12,21
2025-12-11 22:00:00,17.5,57,2.7,999.1,13,0.0,282,296.2,298.0,3519.0,72.4,41.6,26.0,3.0,12,22
2025-12-11 23:00:00,16.3,62,0.9,999.1,12,0.0,284,313.9,315.7,3638.0,71.3,41.0,20.0,3.0,12,23
2025-12-12 00:00:00,16.0,61,1.8,998.8,1,0.0,286,318.5,319.4,3603.0,69.1,39.0,15.0,3.0,12,0
2025-12-12 01:00:00,15.2,64,3.2,998.5,27,0.0,288,321.3,323.2,3455.0,65.4,36.1,12.0,3.0,12,1
2025-12-12 02:00:00,14.5,67,3.1,998.6,25,0.0,290,322.2,324.1,3307.0,62.0,33.3,10.0,3.0,12,2
2025-12-12 03:00:00,13.7,71,2.7,998.4,2,0.0,293,321.3,323.2,3153.0,59.1,30.5,8.0,3.0,12,3
2025-12-12 04:00:00,12.7,76,5.3,997.6,100,0.0,295,317.6,319.4,2999.0,56.4,27.8,6.0,3.0,12,4
2025-12-12 05:00:00,12.3,79,6.4,997.8,100,0.0,297,231.9,233.3,2978.0,36.1,21.4,26.0,3.0,12,5
2025-12-12 06:00:00,11.8,82,6.3,998.1,100,0.0,295,224.4,225.8,3275.0,39.2,22.0,21.0,3.0,12,6
2025-12-12 07:00:00,11.5,83,5.8,998.7,7,0.0,293,231.0,232.4,3703.0,43.0,22.7,17.0,3.0,12,7
2025-12-12 08:00:00,11.6,83,4.7,999.3,93,0.0,292,242.1,243.1,3839.0,42.8,23.3,25.0,3.0,12,8
2025-12-12 09:00:00,13.9,71,1.8,1000.0,100,0.0,290,206.3,207.2,3408.0,34.7,23.1,59.0,3.0,12,9
2025-12-12 10:00:00,17.0,58,0.4,1000.2,84,0.0,289,173.2,174.2,2684.0,22.6,22.6,105.0,2.0,12,10
2025-12-12 11:00:00,20.0,48,1.1,1000.2,96,0.0,288,136.4,137.8,2060.0,13.0,23.3,143.0,2.0,12,11
2025-12-12 12:00:00,21.9,42,0.5,999.2,99,0.0,288,111.1,112.5,1636.0,8.1,26.7,165.0,2.0,12,12
2025-12-12 13:00:00,23.2,38,0.9,998.5,98,0.0,288,91.3,92.7,1312.0,5.7,31.2,177.0,3.0,12,13
2025-12-12 14:00:00,24.0,36,0.8,997.5,98,0.0,288,82.7,84.1,1179.0,6.3,33.8,179.0,3.0,12,14
2025-12-12 15:00:00,24.4,35,0.5,997.1,20,0.0,288,77.8,79.4,1291.0,11.0,32.7,166.0,3.0,12,15
2025-12-12 16:00:00,24.2,36,2.5,997.2,27,0.0,287,81.0,82.4,1594.0,18.6,29.7,142.0,2.0,12,16
2025-12-12 17:00:00,21.8,48,1.6,996.8,70,0.0,287,112.7,114.3,2012.0,28.4,27.0,122.0,3.0,12,17
2025-12-12 18:00:00,20.7,50,3.0,997.4,100,0.0,286,140.2,142.0,2643.0,37.4,27.1,98.0,3.0,12,18
2025-12-12 19:00:00,19.8,54,2.3,998.0,99,0.0,285,174.6,176.5,3389.0,50.0,27.2,65.0,3.0,12,19
2025-12-12 20:00:00,18.6,59,5.4,998.6,100,0.0,284,208.6,210.5,3880.0,60.2,27.3,37.0,3.0,12,20
2025-12-12 21:00:00,17.6,62,5.5,998.6,100,0.0,283,235.2,237.0,3920.0,65.6,27.6,21.0,3.0,12,21
2025-12-12 22:00:00,17.2,61,4.1,998.7,100,0.0,282,254.3,258.0,3704.0,68.6,27.9,12.0,4.0,12,22
2025-12-12 23:00:00,16.4,64,2.2,998.7,100,0.0,280,260.8,268.2,3449.0,70.3,28.0,5.0,4.0,12,23
2025-12-13 00:00:00,16.7,61,1.6,998.7,100,0.0,278,259.8,266.4,3185.0,70.9,28.0,1.0,4.0,12,0
2025-12-13 01:00:00,16.3,59,4.7,998.0,100,0.0,275,260.8,267.3,2881.0,70.2,27.7,1.0,4.0,12,1
2025-12-13 02:00:00,15.5,61,5.7,997.9,100,0.0,273,260.8,266.4,2669.0,68.2,26.9,1.0,4.0,12,2
2025-12-13 03:00:00,14.7,65,4.7,997.8,99,0.0,270,255.2,260.8,2608.0,64.6,25.1,1.0,4.0,12,3
2025-12-13 04:00:00,13.5,73,6.2,997.5,95,0.0,267,244.9,249.6,2638.0,59.7,22.8,1.0,4.0,12,4
2025-12-13 05:00:00,12.4,82,7.6,997.9,56,0.0,264,208.2,213.3,2705.0,50.3,16.7,1.0,4.0,12,5
2025-12-13 06:00:00,11.9,84,7.1,998.2,100,0.0,263,206.8,211.4,2851.0,48.5,17.8,0.0,4.0,12,6
2025-12-13 07:00:00,11.5,85,7.6,999.1,100,0.0,263,224.9,229.6,3033.0,45.8,19.3,0.0,3.0,12,7
2025-12-13 08:00:00,11.5,86,7.7,999.8,100,0.0,262,246.8,251.5,3069.0,42.6,20.3,5.0,3.0,12,8
2025-12-13 09:00:00,12.9,80,6.0,1000.8,99,0.0,263,213.3,217.0,2834.0,38.9,19.7,29.0,3.0,12,9
2025-12-13 10:00:00,15.3,69,4.9,1001.3,100,0.0,263,187.7,192.8,2452.0,34.6,18.5,62.0,3.0,12,10
2025-12-13 11:00:00,18.0,60,4.3,1001.0,100,0.0,263,159.3,162.1,2116.0,29.9,19.3,94.0,3.0,12,11
2025-12-13 12:00:00,19.3,55,3.1,1000.1,100,0.0,264,142.0,144.4,1885.0,23.1,24.0,127.0,4.0,12,12
2025-12-13 13:00:00,20.3,51,3.8,999.5,100,0.0,266,126.2,129.0,1700.0,15.8,30.6,158.0,5.0,12,13
2025-12-13 14:00:00,20.5,51,5.8,998.9,100,0.0,267,115.7,119.2,1570.0,13.1,35.3,175.0,6.0,12,14
2025-12-13 15:00:00,20.5,51,6.9,998.7,100,0.0,269,110.8,114.8,1499.0,18.1,36.1,169.0,6.0,12,15
2025-12-13 16:00:00,20.2,53,7.4,998.9,100,0.0,270,122.0,125.3,1483.0,27.8,34.9,147.0,6.0,12,16
2025-12-13 17:00:00,19.2,59,8.8,998.6,100,0.0,272,142.0,144.8,1522.0,30.1,28.9,117.0,6.0,12,17
2025-12-13 18:00:00,18.2,63,10.0,999.2,100,0.0,273,159.3,162.1,1648.0,36.9,28.5,98.0,5.0,12,18
2025-12-13 19:00:00,17.4,67,9.2,999.8,100,0.0,274,179.3,181.6,1830.0,46.2,27.8,72.0,5.0,12,19
2025-12-13 20:00:00,16.9,70,8.1,1000.0,100,0.0,274,198.4,200.7,1969.0,51.8,26.7,51.0,4.0,12,20
2025-12-13 21:00:00,16.3,73,7.6,1000.4,100,0.0,273,207.7,209.5,2031.0,51.1,24.9,42.0,3.0,12,21
2025-12-13 22:00:00,15.3,78,8.3,1000.6,95,0.0,272,207.7,209.5,2051.0,46.7,22.5,38.0,3.0,12,22
2025-12-13 23:00:00,14.7,82,8.6,1000.6,84,0.0,270,190.0,191.4,2036.0,40.9,20.1,38.0,2.0,12,23
2025-12-14 00:00:00,14.0,85,10.1,1000.5,57,0.0,267,167.2,168.1,1973.0,33.2,17.4,42.0,2.0,12,0
2025-12-14 01:00:00,13.4,88,10.7,1000.1,46,0.0,264,150.9,151.8,1875.0,24.0,14.7,50.0,1.0,12,1
2025-12-14 02:00:00,13.1,90,10.7,1000.2,54,0.0,259,140.6,141.6,1795.0,16.8,12.8,56.0,1.0,12,2
2025-12-14 03:00:00,12.8,92,10.7,1000.2,0,0.0,254,133.6,134.1,1739.0,12.7,12.3,59.0,1.0,12,3
2025-12-14 04:00:00,12.4,95,10.8,1000.2,0,0.0,249,127.1,128.1,1701.0,10.5,12.6,61.0,1.0,12,4
2025-12-14 05:00:00,12.2,94,10.8,1000.6,77,0.0,244,136.0,136.4,1715.0,13.3,13.4,51.0,1.0,12,5
2025-12-14 06:00:00,12.1,95,10.4,1001.3,99,0.0,241,136.9,137.4,1833.0,15.7,14.1,43.0,1.0,12,6
2025-12-14 07:00:00,11.9,96,10.1,1001.9,99,0.0,238,143.9,143.9,2003.0,18.8,15.1,32.0,1.0,12,7
2025-12-14 08:00:00,12.3,95,9.7,1002.7,98,0.0,235,148.5,149.0,2107.0,20.2,16.3,34.0,1.0,12,8
2025-12-14 09:00:00,13.7,89,7.6,1003.6,94,0.0,231,149.0,149.5,2092.0,18.2,17.5,57.0,1.0,12,9
2025-12-14 10:00:00,15.8,80,7.4,1004.2,99,0.0,228,147.6,148.1,2010.0,14.4,18.9,92.0,1.0,12,10
2025-12-14 11:00:00,17.7,73,7.8,1003.7,92,0.0,226,142.5,143.0,1898.0,11.2,20.5,124.0,1.0,12,11
2025-12-14 12:00:00,19.1,67,8.1,1003.0,100,0.0,226,136.0,136.4,1735.0,8.7,22.6,150.0,1.0,12,12
2025-12-14 13:00:00,20.2,62,8.6,1002.1,100,0.0,225,125.3,126.2,1542.0,6.7,24.8,172.0,1.0,12,13
2025-12-14 14:00:00,20.9,59,8.9,1001.2,100,0.0,225,117.3,118.0,1412.0,6.9,26.3,182.0,1.0,12,14
2025-12-14 15:00:00,21.1,57,9.2,1000.8,100,0.0,225,112.9,113.6,1396.0,10.6,26.3,173.0,1.0,12,15
2025-12-14 16:00:00,20.9,57,9.0,1000.8,100,0.0,225,114.8,115.5,1442.0,16.5,25.4,151.0,1.0,12,16
2025-12-14 17:00:00,20.2,61,8.4,1000.5,99,0.0,225,123.4,123.9,1494.0,20.2,24.8,120.0,1.0,12,17
2025-12-14 18:00:00,19.0,66,9.6,1000.8,99,0.0,224,147.6,148.5,1542.0,25.6,25.1,104.0,1.0,12,18
2025-12-14 19:00:00,18.3,68,8.8,1001.3,95,0.0,224,165.3,165.8,1595.0,32.9,25.5,81.0,1.0,12,19
2025-12-14 20:00:00,17.3,72,8.3,1001.4,99,0.0,223,171.8,172.8,1621.0,37.3,25.7,64.0,1.0,12,20
2025-12-14 21:00:00,16.4,75,8.3,1002.0,84,0.0,222,177.0,177.4,1608.0,36.5,25.6,59.0,1.0,12,21
2025-12-14 22:00:00,15.7,77,9.2,1002.1,20,0.0,221,179.3,179.7,1569.0,32.9,25.4,59.0,1.0,12,22
2025-12-14 23:00:00,15.0,78,8.9,1002.0,5,0.0,220,177.9,178.3,1510.0,28.8,24.7,61.0,1.0,12,23
2025-12-15 00:00:00,14.1,82,9.0,1001.9,1,0.0,219,168.6,169.0,1420.0,24.7,23.4,62.0,1.0,12,0
2025-12-15 01:00:00,13.4,85,8.9,1001.6,1,0.0,219,158.3,158.8,1311.0,20.2,21.7,65.0,1.0,12,1
2025-12-15 02:00:00,13.0,88,8.5,1001.3,0,0.0,220,149.0,149.9,1224.0,16.5,20.2,66.0,1.0,12,2
2025-12-15 03:00:00,12.4,91,8.9,1001.3,0,0.0,220,141.6,142.0,1161.0,13.7,19.2,66.0,1.0,12,3
2025-12-15 04:00:00,11.8,94,8.8,1000.9,0,0.0,220,133.6,134.1,1121.0,11.6,18.4,66.0,1.0,12,4
2025-12-15 05:00:00,11.7,95,8.3,1001.1,0,0.0,221,159.7,160.2,1142.0,14.5,18.4,53.0,2.0,12,5
2025-12-15 06:00:00,11.3,96,9.0,1001.4,0,0.0,221,154.6,155.1,1276.0,16.6,18.2,47.0,2.0,12,6
2025-12-15 07:00:00,11.2,96,8.7,1002.2,0,0.0,222,156.0,156.9,1470.0,19.3,18.0,41.0,2.0,12,7
2025-12-15 08:00:00,11.5,95,8.2,1002.7,0,0.0,223,157.9,158.8,1610.0,20.3,18.4,45.0,2.0,12,8
2025-12-15 09:00:00,13.2,86,5.6,1003.8,0,0.0,223,157.4,158.3,1656.0,18.2,19.3,68.0,2.0,12,9
2025-12-15 10:00:00,15.8,76,5.0,1004.6,0,0.0,223,155.5,156.5,1648.0,14.5,20.8,102.0,3.0,12,10
2025-12-15 11:00:00,18.5,70,4.8,1004.3,0,0.0,224,156.5,157.9,1585.0,11.1,23.2,134.0,3.0,12,11
2025-12-15 12:00:00,20.1,65,5.7,1003.5,0,0.0,224,151.8,153.7,1420.0,7.7,27.6,165.0,3.0,12,12
2025-12-15 13:00:00,21.5,59,6.4,1002.8,0,0.0,225,137.8,140.2,1201.0,4.7,33.0,195.0,4.0,12,13
2025-12-15 14:00:00,22.2,53,6.1,1001.6,0,0.0,226,126.7,129.0,1073.0,5.0,36.6,210.0,4.0,12,14
2025-12-15 15:00:00,22.5,50,5.4,1001.1,0,0.0,226,118.0,120.1,1097.0,10.4,36.4,202.0,4.0,12,15
2025-12-15 16:00:00,22.2,50,5.4,1000.8,0,0.0,226,122.5,124.3,1213.0,19.1,34.4,179.0,3.0,12,16
2025-12-15 17:00:00,20.8,57,6.9,1000.7,0,0.0,226,188.1,191.9,1377.0,25.5,32.5,137.0,6.0,12,17
2025-12-15 18:00:00,19.2,62,7.7,1001.0,0,0.0,229,223.1,226.3,1609.0,36.0,34.0,112.0,6.0,12,18
2025-12-15 19:00:00,18.4,65,5.5,1001.7,0,0.0,232,263.6,266.4,1891.0,50.6,36.1,78.0,6.0,12,19
2025-12-15 20:00:00,17.4,68,4.2,1001.8,0,0.0,236,301.7,304.5,2124.0,62.8,38.2,49.0,6.0,12,20
2025-12-15 21:00:00,16.4,73,3.5,1002.3,0,0.0,242,331.6,335.3,2288.0,71.1,40.7,32.0,6.0,12,21
2025-12-15 22:00:00,15.5,77,4.4,1002.2,0,0.0,248,355.8,359.5,2404.0,77.0,43.3,22.0,6.0,12,22
2025-12-15 23:00:00,14.9,80,4.0,1002.4,0,0.0,256,363.2,366.0,2439.0,78.6,43.9,16.0,6.0,12,23
2025-12-16 00:00:00,14.3,82,6.0,1002.3,11,0.0,263,340.9,344.6,2342.0,73.9,41.2,16.0,5.0,12,0
2025-12-16 01:00:00,13.7,84,5.3,1001.8,0,0.0,271,308.3,311.1,2165.0,65.0,36.5,21.0,5.0,12,1
2025-12-16 02:00:00,13.3,84,4.6,1001.5,25,0.0,277,280.3,283.1,2031.0,55.6,32.2,27.0,4.0,12,2
2025-12-16 03:00:00,12.7,86,2.7,1001.0,3,0.0,282,255.2,257.0,1982.0,45.7,28.9,33.0,4.0,12,3
2025-12-16 04:00:00,11.9,89,5.2,1000.6,17,0.0,287,231.4,233.3,1977.0,35.4,26.1,39.0,3.0,12,4
2025-12-16 05:00:00,11.6,92,6.1,1000.9,14,0.0,291,283.1,285.9,2016.0,62.3,30.2,14.0,4.0,12,5
2025-12-16 06:00:00,11.4,91,6.8,1001.4,17,0.0,296,251.5,253.3,2168.0,58.9,29.0,14.0,4.0,12,6
2025-12-16 07:00:00,11.2,91,6.7,1001.8,17,0.0,300,250.5,252.4,2365.0,53.9,27.4,16.0,3.0,12,7
2025-12-16 08:00:00,11.4,89,4.6,1002.2,16,0.0,304,277.5,279.4,2404.0,46.6,26.7,33.0,3.0,12,8
2025-12-16 09:00:00,13.4,79,0.4,1003.1,9,0.0,309,280.3,281.3,2142.0,35.2,27.4,78.0,3.0,12,9
2025-12-16 10:00:00,16.8,63,1.8,1003.7,14,0.0,314,239.3,241.2,1722.0,21.7,29.0,137.0,3.0,12,10
2025-12-16 11:00:00,19.6,54,3.6,1003.4,10,0.0,318,163.9,165.8,1370.0,11.5,31.4,182.0,4.0,12,11
2025-12-16 12:00:00,20.8,51,4.7,1002.6,66,0.0,318,125.3,127.1,1142.0,6.3,35.4,200.0,5.0,12,12
2025-12-16 13:00:00,22.0,45,4.7,1001.8,89,0.0,317,100.6,103.8,982.0,4.3,40.1,204.0,7.0,12,13
2025-12-16 14:00:00,22.6,43,4.1,1001.0,95,0.0,315,87.5,92.7,949.0,6.3,43.3,199.0,9.0,12,14
2025-12-16 15:00:00,22.7,43,3.3,1000.6,71,0.0,314,78.2,85.0,1062.0,13.4,43.0,184.0,10.0,12,15
2025-12-16 16:00:00,22.4,44,2.2,1000.4,100,0.0,312,85.2,91.5,1301.0,24.4,41.2,161.0,11.0,12,16
2025-12-16 17:00:00,20.6,53,2.1,1000.3,100,0.0,311,126.7,136.4,1665.0,34.4,40.3,133.0,18.0,12,17
2025-12-16 18:00:00,20.0,55,2.2,1000.4,100,0.0,308,164.8,175.1,2287.0,46.8,44.0,111.0,19.0,12,18
2025-12-16 19:00:00,19.5,56,2.0,1000.8,100,0.0,306,210.5,220.7,3034.0,63.7,49.1,80.0,20.0,12,19
2025-12-16 20:00:00,18.9,55,3.0,1000.9,95,0.0,303,250.5,261.7,3511.0,75.8,52.9,54.0,20.0,12,20
2025-12-16 21:00:00,17.7,59,3.3,1001.1,100,0.0,301,275.7,285.9,3503.0,79.1,54.5,39.0,19.0,12,21
2025-12-16 22:00:00,17.1,62,3.4,1001.0,100,0.0,299,283.1,292.4,3224.0,77.6,54.7,30.0,16.0,12,22
2025-12-16 23:00:00,16.5,64,5.2,1001.5,46,0.0,296,274.7,282.2,2920.0,73.1,53.6,25.0,14.0,12,23
2025-12-17 00:00:00,15.3,69,6.3,1001.4,0,0.0,292,254.3,259.8,2654.0,65.0,50.5,25.0,11.0,12,0
2025-12-17 01:00:00,14.4,74,6.3,1001.2,0,0.0,289,236.6,241.2,2363.0,54.0,45.9,30.0,9.0,12,1
2025-12-17 02:00:00,13.7,77,5.8,1001.2,0,0.0,286,222.6,225.8,2102.0,43.9,41.6,36.0,6.0,12,2
2025-12-17 03:00:00,13.1,80,5.4,1001.0,0,0.0,283,209.5,211.9,1847.0,35.5,38.0,42.0,4.0,12,3
2025-12-17 04:00:00,12.6,81,6.2,1000.8,0,0.0,281,198.8,200.2,1623.0,28.1,34.6,48.0,2.0,12,4
2025-12-17 05:00:00,12.1,82,5.9,1000.5,11,0.0,280,198.4,200.7,1556.0,20.8,36.6,64.0,4.0,12,5
2025-12-17 06:00:00,11.6,84,6.2,1000.8,7,0.0,276,192.3,194.2,1812.0,24.9,36.2,60.0,4.0,12,6
2025-12-17 07:00:00,11.1,86,5.0,1001.4,60,0.0,274,196.0,197.9,2226.0,30.3,35.5,55.0,3.0,12,7
2025-12-17 08:00:00,11.1,85,5.6,1002.1,88,0.0,272,204.9,206.8,2429.0,31.9,35.0,63.0,3.0,12,8
2025-12-17 09:00:00,13.3,74,3.8,1002.9,77,0.0,269,179.3,180.7,2209.0,26.2,34.6,96.0,3.0,12,9
2025-12-17 10:00:00,16.8,60,2.3,1003.6,66,0.0,264,159.7,160.7,1779.0,16.8,34.3,141.0,2.0,12,10
2025-12-17 11:00:00,20.1,52,3.1,1003.6,40,0.0,261,127.1,127.6,1410.0,9.4,34.0,176.0,2.0,12,11
2025-12-17 12:00:00,21.9,47,3.5,1002.8,28,0.0,260,99.4,100.1,1178.0,6.0,33.9,192.0,2.0,12,12
2025-12-17 13:00:00,23.4,41,3.4,1001.7,13,0.0,259,84.8,85.7,1007.0,4.6,33.7,197.0,2.0,12,13
2025-12-17 14:00:00,24.5,36,3.8,1000.9,1,0.0,258,77.3,78.5,945.0,5.4,32.8,193.0,2.0,12,14
2025-12-17 15:00:00,25.1,34,4.7,1000.2,2,0.0,257,73.6,75.0,1047.0,9.2,30.3,176.0,2.0,12,15
2025-12-17 16:00:00,24.9,34,4.9,1000.0,9,0.0,257,78.7,79.6,1257.0,15.2,27.0,150.0,2.0,12,16
2025-12-17 17:00:00,22.9,39,4.5,1000.2,3,0.0,257,75.2,76.1,1455.0,20.5,24.7,122.0,2.0,12,17
2025-12-17 18:00:00,21.5,42,7.5,1000.5,87,0.0,255,98.3,98.7,1617.0,24.8,23.9,105.0,2.0,12,18
2025-12-17 19:00:00,20.3,47,8.4,1000.7,99,0.0,252,114.1,114.6,1768.0,30.8,22.9,82.0,1.0,12,19
2025-12-17 20:00:00,19.3,52,8.8,1000.7,98,0.0,248,126.2,126.2,1855.0,35.0,22.2,64.0,1.0,12,20
2025-12-17 21:00:00,18.2,57,9.7,1000.8,87,0.0,243,135.5,136.0,1852.0,36.0,22.3,55.0,1.0,12,21
2025-12-17 22:00:00,16.9,63,10.6,1000.9,88,0.0,237,142.5,143.0,1786.0,35.2,22.7,51.0,1.0,12,22
2025-12-17 23:00:00,15.9,66,11.3,1001.3,99,0.0,231,143.4,143.9,1689.0,33.7,22.9,48.0,1.0,12,23
2025-12-18 00:00:00,15.5,65,11.0,1000.8,100,0.0,226,139.2,139.2,1541.0,31.3,22.5,46.0,1.0,12,0
2025-12-18 01:00:00,15.0,67,10.0,1000.5,100,0.0,221,135.5,136.0,1361.0,28.2,21.8,45.0,0.0,12,1
2025-12-18 02:00:00,14.5,69,9.1,1000.5,100,0.0,217,132.7,132.7,1237.0,25.3,21.3,45.0,0.0,12,2
2025-12-18 03:00:00,13.8,72,6.2,1000.6,100,0.0,213,129.0,129.0,1180.0,22.7,21.1,44.0,0.0,12,3
2025-12-18 04:00:00,13.0,76,5.8,1000.5,100,0.0,210,125.7,125.7,1178.0,20.3,21.0,44.0,0.0,12,4
2025-12-18 05:00:00,12.0,83,2.1,1001.0,100,0.0,207,74.7,74.7,1284.0,11.8,18.7,56.0,0.0,12,5
2025-12-18 06:00:00,11.8,84,4.4,1001.5,100,0.0,201,75.0,75.2,1631.0,16.4,18.4,47.0,0.0,12,6
2025-12-18 07:00:00,11.1,86,6.3,1002.1,100,0.0,197,85.0,85.2,2084.0,22.5,18.3,37.0,0.0,12,7
2025-12-18 08:00:00,11.2,85,7.5,1002.5,98,0.0,194,98.3,98.5,2296.0,25.4,19.3,36.0,0.0,12,8
2025-12-18 09:00:00,13.6,72,6.2,1003.4,98,0.0,191,89.4,89.6,2040.0,22.1,22.5,55.0,0.0,12,9
2025-12-18 10:00:00,16.5,60,4.6,1003.6,66,0.0,188,78.0,78.5,1542.0,15.5,26.9,84.0,1.0,12,10
2025-12-18 11:00:00,19.6,50,5.3,1003.4,86,0.0,186,73.1,73.8,1130.0,10.4,30.9,109.0,1.0,12,11
2025-12-18 12:00:00,21.7,42,4.8,1002.7,100,0.0,184,64.7,65.9,894.0,7.6,34.4,126.0,1.0,12,12
2025-12-18 13:00:00,23.2,36,4.4,1001.9,100,0.0,183,58.4,59.6,744.0,6.3,37.5,137.0,2.0,12,13
2025-12-18 14:00:00,24.2,32,3.2,1001.0,100,0.0,182,55.9,56.9,741.0,7.7,38.7,140.0,2.0,12,14
2025-12-18 15:00:00,24.4,30,2.4,1000.5,100,0.0,182,54.9,55.9,945.0,13.2,36.6,129.0,2.0,12,15
2025-12-18 16:00:00,23.9,30,2.6,1000.3,100,0.0,181,61.5,62.4,1297.0,21.5,32.5,108.0,1.0,12,16
2025-12-18 17:00:00,21.7,41,2.0,1000.2,100,0.0,181,89.2,89.9,1680.0,33.7,32.4,87.0,1.0,12,17
2025-12-18 18:00:00,20.4,46,6.2,1000.7,100,0.0,181,122.9,123.4,2124.0,46.0,32.9,67.0,1.0,12,18
2025-12-18 19:00:00,19.2,57,6.2,1001.0,100,0.0,182,161.6,162.1,2598.0,63.2,33.8,39.0,1.0,12,19
2025-12-18 20:00:00,18.2,63,5.8,1001.2,100,0.0,183,200.2,201.6,2897.0,77.3,35.7,17.0,1.0,12,20
2025-12-18 21:00:00,16.9,69,5.3,1001.8,100,0.0,186,230.0,235.2,2909.0,85.8,40.2,7.0,1.0,12,21
2025-12-18 22:00:00,15.7,75,6.0,1001.8,100,0.0,188,260.8,265.4,2746.0,91.2,45.8,3.0,1.0,12,22
2025-12-18 23:00:00,15.1,77,5.6,1001.5,100,0.0,192,277.5,281.3,2531.0,92.9,48.7,1.0,1.0,12,23
2025-12-19 00:00:00,14.8,78,6.7,1001.2,100,0.0,196,264.5,268.2,2246.0,90.0,46.7,0.0,1.0,12,0
2025-12-19 01:00:00,14.4,79,5.6,1001.0,98,0.0,200,239.3,242.1,1910.0,83.5,41.9,0.0,1.0,12,1
2025-12-19 02:00:00,13.8,82,5.3,1000.7,100,0.0,204,217.0,217.9,1705.0,74.9,37.4,3.0,1.0,12,2
2025-12-19 03:00:00,13.1,85,7.1,1000.7,100,0.0,207,197.0,197.9,1712.0,62.8,33.7,10.0,1.0,12,3
2025-12-19 04:00:00,12.5,89,7.8,1000.4,100,0.0,210,183.0,183.9,1850.0,48.7,30.2,19.0,2.0,12,4
2025-12-19 05:00:00,12.5,90,7.1,1000.2,100,0.0,212,253.3,257.0,2065.0,72.4,37.9,1.0,1.0,12,5
2025-12-19 06:00:00,12.2,91,6.4,1000.5,100,0.0,220,260.8,264.5,2447.0,74.2,40.2,0.0,1.0,12,6
2025-12-19 07:00:00,12.0,92,6.4,1000.8,99,0.0,228,285.9,289.6,2905.0,75.8,43.3,0.0,1.0,12,7
2025-12-19 08:00:00,11.9,92,4.2,1001.3,98,0.0,236,322.2,326.0,3112.0,71.5,45.2,8.0,1.0,12,8
2025-12-19 09:00:00,13.7,83,2.3,1001.6,91,0.0,245,318.5,322.2,2859.0,55.5,44.2,52.0,1.0,12,9
2025-12-19 10:00:00,16.6,70,2.2,1002.1,81,0.0,255,214.2,215.1,2353.0,33.5,42.0,113.0,1.0,12,10
2025-12-19 11:00:00,19.1,59,2.5,1001.8,34,0.0,261,141.1,142.5,1894.0,16.7,41.5,160.0,2.0,12,11
2025-12-19 12:00:00,21.0,51,4.0,1001.0,41,0.0,263,109.9,112.0,1536.0,9.3,44.8,184.0,3.0,12,12
2025-12-19 13:00:00,22.3,46,3.3,1000.1,91,0.0,265,86.6,89.6,1224.0,7.1,49.6,194.0,5.0,12,13
2025-12-19 14:00:00,23.0,43,2.7,998.8,100,0.0,266,81.5,85.0,1087.0,8.9,52.6,194.0,6.0,12,14
2025-12-19 15:00:00,23.1,41,1.9,998.3,100,0.0,268,80.1,83.6,1170.0,16.0,51.7,180.0,6.0,12,15
2025-12-19 16:00:00,22.9,41,1.0,997.8,100,0.0,269,101.7,105.0,1428.0,27.2,48.9,154.0,6.0,12,16
2025-12-19 17:00:00,21.4,51,1.8,997.2,100,0.0,270,124.8,126.7,1858.0,36.5,55.4,139.0,3.0,12,17
2025-12-19 18:00:00,21.2,50,1.3,997.3,100,0.0,272,155.5,156.9,2644.0,43.6,53.3,115.0,3.0,12,18
2025-12-19 19:00:00,20.4,61,0.2,997.5,98,0.0,273,190.5,191.4,3602.0,53.4,50.2,81.0,2.0,12,19
2025-12-19 20:00:00,19.6,56,2.7,997.5,100,0.0,274,219.3,220.7,4177.0,60.1,47.0,54.0,2.0,12,20
2025-12-19 21:00:00,18.3,60,5.6,998.0,93,0.0,275,238.4,239.3,4052.0,61.6,44.0,40.0,2.0,12,21
2025-12-19 22:00:00,17.3,63,4.6,997.5,40,0.0,275,243.1,244.0,3545.0,60.2,40.8,33.0,2.0,12,22
2025-12-19 23:00:00,15.9,69,2.9,997.4,97,0.0,275,224.4,225.4,3051.0,56.8,37.3,29.0,2.0,12,23
2025-12-20 00:00:00,15.5,70,4.9,997.0,95,0.0,273,190.9,192.3,2672.0,50.8,32.9,28.0,3.0,12,0
2025-12-20 01:00:00,15.1,72,6.2,996.6,93,0.0,269,171.4,173.2,2307.0,42.9,28.0,31.0,3.0,12,1
2025-12-20 02:00:00,14.7,73,8.1,996.1,37,0.0,267,162.5,164.8,2046.0,36.4,24.2,33.0,4.0,12,2
2025-12-20 03:00:00,14.2,75,7.6,995.8,77,0.0,264,156.0,158.8,1938.0,32.5,22.0,33.0,4.0,12,3
2025-12-20 04:00:00,13.6,77,5.7,995.5,92,0.0,263,151.8,154.6,1935.0,30.0,20.7,33.0,5.0,12,4
2025-12-20 05:00:00,13.1,79,7.2,995.5,98,0.0,261,93.8,95.9,1985.0,12.4,21.5,64.0,4.0,12,5
2025-12-20 06:00:00,12.6,81,7.8,995.7,100,0.0,255,91.0,92.9,2135.0,14.9,23.3,60.0,3.0,12,6
2025-12-20 07:00:00,12.3,81,8.2,996.1,100,0.0,248,97.1,98.7,2338.0,18.3,25.8,55.0,3.0,12,7
2025-12-20 08:00:00,12.7,78,8.2,996.8,100,0.0,240,102.4,103.8,2402.0,19.8,28.2,56.0,2.0,12,8
2025-12-20 09:00:00,14.6,68,6.3,997.7,100,0.0,231,99.4,100.4,2213.0,17.8,30.6,68.0,2.0,12,9
2025-12-20 10:00:00,17.3,57,4.3,998.4,100,0.0,221,89.2,90.3,1886.0,14.0,33.0,85.0,2.0,12,10
2025-12-20 11:00:00,20.3,48,5.2,998.2,100,0.0,216,78.2,79.6,1570.0,10.7,34.3,102.0,2.0,12,11
2025-12-20 12:00:00,22.1,41,5.2,997.4,100,0.0,214,66.6,68.0,1258.0,8.1,34.1,117.0,2.0,12,12
2025-12-20 13:00:00,23.4,36,4.8,996.3,100,0.0,212,62.4,63.8,958.0,6.1,32.9,132.0,3.0,12,13
2025-12-20 14:00:00,24.3,34,4.5,995.6,100,0.0,211,59.3,60.5,838.0,6.4,31.2,137.0,3.0,12,14
2025-12-20 15:00:00,24.7,33,4.1,995.6,100,0.0,210,57.2,58.6,1054.0,9.4,28.4,128.0,3.0,12,15
2025-12-20 16:00:00,24.0,35,4.5,995.5,100,0.0,209,61.7,62.9,1451.0,14.8,25.0,111.0,2.0,12,16
2025-12-20 17:00:00,22.9,40,4.5,995.5,100,0.0,207,73.1,74.7,1734.0,22.2,20.1,82.0,3.0,12,17
2025-12-20 18:00:00,21.2,49,9.6,995.9,100,0.0,205,88.0,89.6,1750.0,26.7,19.9,71.0,3.0,12,18
2025-12-20 19:00:00,19.3,54,12.7,996.3,100,0.0,202,103.4,105.0,1652.0,33.1,19.8,55.0,3.0,12,19
2025-12-20 20:00:00,18.1,58,11.3,996.9,100,0.0,199,122.0,123.4,1609.0,39.3,20.5,41.0,3.0,12,20
2025-12-20 21:00:00,17.5,63,11.2,997.5,100,0.0,196,146.7,148.1,1717.0,46.6,23.0,30.0,3.0,12,21
2025-12-20 22:00:00,17.0,70,11.0,997.6,100,0.0,193,172.8,174.2,1880.0,53.7,26.4,21.0,2.0,12,22
2025-12-20 23:00:00,17.0,75,10.0,997.9,100,0.0,191,161.1,162.1,1980.0,54.9,28.2,18.0,2.0,12,23
2025-12-21 00:00:00,16.5,78,9.7,997.6,100,0.0,189,132.2,132.7,1963.0,45.3,27.0,27.0,2.0,12,0
2025-12-21 01:00:00,15.9,82,8.7,997.3,100,0.0,188,114.1,114.6,1883.0,29.9,24.3,43.0,1.0,12,1
2025-12-21 02:00:00,15.2,86,9.5,997.4,100,0.0,186,103.1,103.6,1783.0,17.6,21.9,55.0,1.0,12,2
2025-12-21 03:00:00,14.8,90,11.0,997.2,100,0.0,184,95.2,95.7,1636.0,12.0,20.3,59.0,1.0,12,3
2025-12-21 04:00:00,14.7,90,10.9,996.8,100,0.0,182,90.1,90.6,1469.0,9.6,19.0,59.0,1.0,12,4
2025-12-21 05:00:00,14.9,90,8.0,997.3,100,0.0,181,136.0,136.4,1409.0,33.3,17.2,19.0,1.0,12,5
2025-12-21 06:00:00,14.5,92,10.1,997.7,63,0.0,182,130.9,131.8,1551.0,32.3,17.0,17.0,1.0,12,6
2025-12-21 07:00:00,13.9,95,10.3,998.2,99,0.0,183,135.5,136.0,1800.0,30.7,16.7,15.0,1.0,12,7
2025-12-21 08:00:00,14.2,91,8.0,998.8,94,0.0,184,143.9,144.4,1998.0,28.1,16.4,21.0,1.0,12,8
2025-12-21 09:00:00,15.6,82,7.3,999.9,55,0.0,185,139.2,139.7,2104.0,23.9,16.1,42.0,1.0,12,9
2025-12-21 10:00:00,17.5,74,6.9,1000.5,6,0.0,187,125.3,125.7,2159.0,18.7,15.7,71.0,0.0,12,10
2025-12-21 11:00:00,18.6,70,10.0,1001.1,0,0.0,188,110.1,110.4,2124.0,14.2,15.8,100.0,0.0,12,11
2025-12-21 12:00:00,20.3,62,9.2,1000.2,17,0.0,189,94.8,95.0,1925.0,10.5,16.6,129.0,0.0,12,12
2025-12-21 13:00:00,21.6,57,10.1,999.5,18,0.0,189,87.1,87.5,1637.0,7.5,17.8,158.0,1.0,12,13
2025-12-21 14:00:00,22.1,56,12.4,999.1,36,0.0,190,80.8,81.5,1442.0,6.7,18.5,172.0,1.0,12,14
2025-12-21 15:00:00,22.0,56,12.3,998.7,84,0.0,191,75.7,76.4,1438.0,9.5,18.1,163.0,1.0,12,15
2025-12-21 16:00:00,21.4,58,11.8,998.5,98,0.0,191,75.2,75.9,1528.0,14.4,17.2,141.0,1.0,12,16
2025-12-21 17:00:00,19.7,66,11.7,998.8,100,0.0,192,117.1,118.3,1599.0,16.4,18.8,110.0,2.0,12,17
2025-12-21 18:00:00,18.3,72,12.2,999.3,100,0.0,193,124.3,125.3,1640.0,17.8,18.9,100.0,2.0,12,18
2025-12-21 19:00:00,17.5,76,11.3,999.8,100,0.0,194,130.4,131.3,1663.0,19.6,19.1,87.0,1.0,12,19
2025-12-21 20:00:00,16.8,81,10.8,1000.2,100,0.0,195,135.5,136.0,1595.0,20.5,19.3,76.0,1.0,12,20
2025-12-21 21:00:00,16.2,85,11.0,1000.7,99,0.0,195,139.2,139.7,1341.0,20.0,19.4,71.0,1.0,12,21
2025-12-21 22:00:00,15.7,88,11.2,1001.1,37,0.0,195,143.4,143.9,997.0,18.6,19.5,70.0,1.0,12,22
2025-12-21 23:00:00,15.0,91,11.3,1001.1,22,0.0,194,142.5,143.0,770.0,16.8,19.5,69.0,1.0,12,23
2025-12-22 00:00:00,14.4,93,12.1,1001.2,18,0.0,194,136.0,136.4,784.0,14.5,19.2,70.0,1.0,12,0
2025-12-22 01:00:00,13.9,93,12.9,1001.2,16,0.0,194,130.4,130.9,916.0,11.7,18.7,71.0,1.0,12,1
2025-12-22 02:00:00,13.6,93,13.0,1001.2,15,0.0,194,125.3,125.7,1007.0,9.4,18.5,73.0,1.0,12,2
2025-12-22 03:00:00,13.3,92,12.8,1001.4,2,0.0,195,119.0,119.2,985.0,7.7,18.7,74.0,1.0,12,3
2025-12-22 04:00:00,13.1,92,12.6,1001.1,3,0.0,196,110.8,111.5,921.0,6.4,19.1,75.0,2.0,12,4
2025-12-22 05:00:00,12.9,96,12.1,1000.9,0,0.0,196,112.0,112.7,870.0,6.8,18.4,71.0,1.0,12,5
2025-12-22 06:00:00,12.6,96,12.1,1000.9,0,0.0,196,109.2,110.1,856.0,9.0,19.0,66.0,1.0,12,6
2025-12-22 07:00:00,12.3,96,11.2,1001.5,0,0.0,195,110.8,112.0,855.0,12.0,19.8,60.0,2.0,12,7
2025-12-22 08:00:00,12.6,93,11.0,1001.9,0,0.0,194,113.6,114.8,843.0,13.6,20.5,61.0,2.0,12,8
2025-12-22 09:00:00,13.9,85,8.3,1002.9,0,0.0,193,112.0,113.4,811.0,12.4,21.0,75.0,3.0,12,9
2025-12-22 10:00:00,16.0,75,8.8,1003.3,0,0.0,193,103.6,105.5,770.0,9.7,21.4,96.0,3.0,12,10
2025-12-22 11:00:00,18.2,66,9.7,1003.3,0,0.0,192,94.5,97.1,726.0,7.4,22.0,115.0,4.0,12,11
2025-12-22 12:00:00,19.5,60,10.1,1002.5,2,0.0,191,86.6,89.2,672.0,5.6,23.3,131.0,4.0,12,12
2025-12-22 13:00:00,20.7,56,11.0,1001.5,0,0.0,191,79.4,82.0,616.0,4.1,24.8,145.0,4.0,12,13
2025-12-22 14:00:00,21.1,54,11.0,1000.6,3,0.0,191,75.4,78.0,592.0,4.2,25.6,151.0,4.0,12,14
2025-12-22 15:00:00,21.3,53,10.4,999.9,2,0.0,191,74.3,76.8,617.0,6.8,24.9,143.0,4.0,12,15
2025-12-22 16:00:00,20.8,55,9.8,999.4,4,0.0,191,74.3,76.6,675.0,10.9,23.4,126.0,3.0,12,16
2025-12-22 17:00:00,20.1,59,8.3,999.2,9,0.0,191,59.6,61.2,747.0,13.9,21.7,104.0,3.0,12,17
2025-12-22 18:00:00,18.9,64,9.0,999.6,7,0.0,189,79.2,80.6,842.0,19.4,21.6,90.0,3.0,12,18
2025-12-22 19:00:00,18.1,67,8.7,1000.2,5,0.0,188,92.2,93.4,952.0,26.9,21.3,70.0,2.0,12,19
2025-12-22 20:00:00,17.1,71,8.6,1000.2,4,0.0,187,97.6,98.7,1038.0,32.4,21.1,55.0,2.0,12,20
2025-12-22 21:00:00,16.2,75,8.7,1000.8,2,0.0,185,102.4,103.4,1088.0,34.4,21.1,47.0,2.0,12,21
2025-12-22 22:00:00,15.5,79,7.6,1000.7,1,0.0,184,109.7,110.8,1115.0,34.3,21.0,44.0,2.0,12,22
2025-12-22 23:00:00,15.2,81,6.1,1000.6,0,0.0,183,113.4,114.6,1110.0,32.7,20.2,42.0,2.0,12,23
2025-12-23 00:00:00,15.0,82,6.3,1000.5,0,0.0,182,103.6,104.8,1057.0,28.9,18.0,42.0,2.0,12,0
2025-12-23 01:00:00,14.4,84,5.6,1000.5,0,0.0,181,92.2,93.6,974.0,23.5,15.0,45.0,2.0,12,1
2025-12-23 02:00:00,13.7,88,7.3,1000.4,0,0.0,180,82.4,83.6,906.0,18.9,12.5,47.0,2.0,12,2
2025-12-23 03:00:00,13.1,90,9.4,1000.5,0,0.0,179,74.0,75.4,857.0,15.4,10.7,49.0,2.0,12,3
2025-12-23 04:00:00,12.9,90,9.3,1000.4,0,0.0,178,67.8,69.2,823.0,12.6,9.3,52.0,3.0,12,4
2025-12-23 05:00:00,13.1,89,10.3,1000.6,0,0.0,176,75.2,76.8,841.0,15.7,10.3,47.0,3.0,12,5
2025-12-23 06:00:00,12.7,89,9.7,1000.7,0,0.0,175,72.4,74.3,973.0,17.9,10.0,42.0,3.0,12,6
2025-12-23 07:00:00,12.1,90,9.7,1001.2,0,0.0,174,78.9,80.8,1157.0,20.7,9.7,37.0,3.0,12,7
2025-12-23 08:00:00,12.1,86,9.7,1001.9,0,0.0,173,87.1,88.7,1243.0,21.5,9.6,39.0,3.0,12,8
2025-12-23 09:00:00,13.4,79,7.4,1003.1,0,0.0,172,87.8,89.2,1144.0,18.6,10.0,57.0,3.0,12,9
2025-12-23 10:00:00,15.6,71,7.1,1003.6,0,0.0,172,79.9,81.7,948.0,13.6,10.5,82.0,4.0,12,10
2025-12-23 11:00:00,18.4,60,7.7,1003.0,0,0.0,171,68.2,70.8,769.0,9.3,10.8,103.0,5.0,12,11
2025-12-23 12:00:00,20.3,50,8.6,1002.3,0,0.0,170,48.9,53.1,627.0,5.9,10.4,116.0,7.0,12,12
2025-12-23 13:00:00,21.5,40,8.3,1001.6,0,0.0,169,40.2,45.5,503.0,3.1,9.6,124.0,10.0,12,13
2025-12-23 14:00:00,22.1,34,7.7,1000.8,0,0.0,168,35.5,41.6,455.0,2.9,9.1,125.0,11.0,12,14
2025-12-23 15:00:00,22.1,32,7.3,1000.5,0,0.0,167,33.1,39.3,521.0,5.7,8.8,116.0,11.0,12,15
2025-12-23 16:00:00,21.6,33,7.5,1000.2,0,0.0,166,35.5,40.7,663.0,11.1,8.6,101.0,9.0,12,16
2025-12-23 17:00:00,20.4,39,9.1,999.9,0,0.0,164,39.6,42.1,821.0,19.0,10.3,76.0,5.0,12,17
2025-12-23 18:00:00,19.1,43,9.6,1000.1,0,0.0,164,71.7,74.3,990.0,33.8,12.8,56.0,5.0,12,18
2025-12-23 19:00:00,18.0,45,7.4,1000.5,0,0.0,164,104.8,109.0,1176.0,54.1,16.3,29.0,5.0,12,19
2025-12-23 20:00:00,16.7,49,6.2,1000.6,0,0.0,164,134.6,138.8,1338.0,68.7,19.0,9.0,5.0,12,20
2025-12-23 21:00:00,15.7,53,5.3,1000.7,0,0.0,165,148.5,152.3,1455.0,72.4,20.5,2.0,5.0,12,21
2025-12-23 22:00:00,14.8,56,4.3,1000.6,0,0.0,166,160.7,164.8,1548.0,70.3,21.3,1.0,5.0,12,22
2025-12-23 23:00:00,13.7,64,2.3,1000.4,0,0.0,168,171.4,175.6,1634.0,67.4,21.2,1.0,5.0,12,23
2025-12-24 00:00:00,13.7,61,3.1,1000.1,0,0.0,170,168.1,172.3,1718.0,64.7,19.6,0.0,5.0,12,0
2025-12-24 01:00:00,12.9,66,3.8,999.7,0,0.0,172,157.9,162.1,1795.0,61.2,17.2,1.0,5.0,12,1
2025-12-24 02:00:00,12.2,70,3.3,999.5,0,0.0,174,148.1,152.3,1869.0,57.8,15.3,1.0,5.0,12,2
2025-12-24 03:00:00,11.6,73,2.3,999.3,0,0.0,176,141.6,145.8,1908.0,55.0,14.3,0.0,5.0,12,3
2025-12-24 04:00:00,11.1,76,4.6,998.9,0,0.0,178,138.3,142.5,1946.0,52.4,13.9,0.0,6.0,12,4
2025-12-24 05:00:00,9.9,85,3.6,998.9,0,0.0,180,123.9,128.1,2082.0,47.7,13.9,6.0,6.0,12,5
2025-12-24 06:00:00,9.9,83,2.9,999.1,0,0.0,181,126.7,131.3,2497.0,48.9,17.2,3.0,6.0,12,6
2025-12-24 07:00:00,9.5,86,1.3,999.5,0,0.0,183,147.6,151.8,3011.0,50.0,21.6,2.0,5.0,12,7
2025-12-24 08:00:00,9.7,82,5.2,1000.1,0,0.0,185,178.3,182.5,3190.0,47.1,24.3,11.0,5.0,12,8
2025-12-24 09:00:00,12.1,67,5.0,1001.1,0,0.0,187,136.4,139.2,2729.0,36.4,23.1,43.0,5.0,12,9
2025-12-24 10:00:00,15.5,52,3.6,1001.6,0,0.0,189,82.7,85.9,1932.0,21.7,20.2,86.0,5.0,12,10
2025-12-24 11:00:00,19.2,42,5.9,1001.6,0,0.0,189,60.1,62.9,1279.0,10.5,19.0,119.0,5.0,12,11
2025-12-24 12:00:00,21.3,37,6.4,1000.8,0,0.0,189,45.1,48.1,917.0,5.5,22.0,133.0,5.0,12,12
2025-12-24 13:00:00,22.5,32,5.5,999.9,0,0.0,189,35.4,38.3,698.0,4.1,26.7,136.0,6.0,12,13
2025-12-24 14:00:00,23.3,28,4.5,999.0,0,0.0,189,32.0,35.2,658.0,5.7,29.5,132.0,6.0,12,14
2025-12-24 15:00:00,23.7,26,2.6,998.5,0,0.0,188,32.1,35.4,879.0,10.8,28.2,121.0,6.0,12,15
2025-12-24 16:00:00,23.5,25,1.8,998.1,0,0.0,188,40.9,43.7,1279.0,18.9,25.1,104.0,5.0,12,16
2025-12-24 17:00:00,21.8,42,0.6,998.0,3,0.0,189,68.2,69.8,1648.0,30.5,24.3,85.0,3.0,12,17
2025-12-24 18:00:00,20.8,33,2.4,998.3,12,0.0,189,102.4,104.1,1960.0,40.4,25.3,68.0,3.0,12,18
2025-12-24 19:00:00,19.4,37,5.2,998.4,41,0.0,190,136.0,139.7,2240.0,53.9,26.6,45.0,3.0,12,19
2025-12-24 20:00:00,18.4,40,6.1,998.7,2,0.0,191,165.3,170.0,2353.0,63.2,27.5,27.0,3.0,12,20
2025-12-24 21:00:00,17.3,43,8.0,999.0,0,0.0,192,176.5,180.7,2193.0,64.5,27.6,20.0,3.0,12,21
2025-12-24 22:00:00,16.2,50,8.1,998.8,1,0.0,193,180.2,184.9,1866.0,61.7,27.2,19.0,3.0,12,22
2025-12-24 23:00:00,15.2,56,8.0,998.9,0,0.0,194,180.2,184.9,1558.0,58.3,26.4,18.0,3.0,12,23
2025-12-25 00:00:00,14.7,59,9.2,998.5,0,0.0,194,171.4,175.6,1312.0,55.8,24.8,15.0,3.0,12,0
2025-12-25 01:00:00,14.0,63,10.5,998.0,8,0.0,194,164.4,168.6,1084.0,52.7,22.8,13.0,3.0,12,1
2025-12-25 02:00:00,13.3,68,9.9,998.0,3,0.0,194,155.1,159.3,930.0,48.8,21.3,13.0,3.0,12,2
2025-12-25 03:00:00,12.8,73,9.0,998.1,12,0.0,194,138.3,143.0,835.0,42.5,20.4,17.0,3.0,12,3
2025-12-25 04:00:00,12.2,77,7.5,997.9,0,0.0,194,127.6,132.7,813.0,35.4,20.0,22.0,3.0,12,4
2025-12-25 05:00:00,10.8,82,2.6,998.2,5,0.0,194,122.0,125.3,963.0,29.1,21.6,30.0,4.0,12,5
2025-12-25 06:00:00,10.7,84,1.5,998.4,2,0.0,194,124.3,127.1,1491.0,33.1,22.9,24.0,4.0,12,6
2025-12-25 07:00:00,10.1,85,2.7,999.2,6,0.0,194,141.6,145.3,2191.0,38.1,24.7,18.0,4.0,12,7
2025-12-25 08:00:00,9.9,86,4.6,1000.2,75,0.0,194,160.2,166.2,2547.0,38.8,26.2,23.0,4.0,12,8
2025-12-25 09:00:00,12.0,75,4.1,1001.1,15,0.0,193,127.1,129.0,2236.0,31.1,26.8,50.0,4.0,12,9
2025-12-25 10:00:00,15.3,60,3.2,1001.8,14,0.0,193,99.0,100.6,1582.0,19.1,27.1,88.0,4.0,12,10
2025-12-25 11:00:00,18.5,49,3.5,1001.4,98,0.0,193,72.6,75.0,1036.0,9.7,27.6,118.0,4.0,12,11
2025-12-25 12:00:00,20.6,41,4.8,1000.6,45,0.0,194,50.1,53.3,746.0,5.1,29.1,133.0,4.0,12,12
2025-12-25 13:00:00,22.1,35,6.6,999.7,85,0.0,194,40.2,43.3,565.0,3.1,30.9,139.0,5.0,12,13
2025-12-25 14:00:00,22.9,31,7.3,999.1,84,0.0,194,37.5,40.3,503.0,3.9,31.4,137.0,5.0,12,14
2025-12-25 15:00:00,23.1,29,7.0,998.8,49,0.0,194,36.7,39.3,580.0,8.1,29.2,124.0,4.0,12,15
2025-12-25 16:00:00,22.8,29,6.0,998.7,97,0.0,194,42.8,44.9,776.0,15.2,25.6,103.0,4.0,12,16
2025-12-25 17:00:00,21.7,32,4.6,998.2,100,0.0,194,65.7,67.5,1042.0,28.1,25.7,75.0,3.0,12,17
2025-12-25 18:00:00,20.8,34,6.0,998.9,100,0.0,194,91.7,93.4,1455.0,34.2,25.3,62.0,3.0,12,18
2025-12-25 19:00:00,19.8,37,4.8,999.0,100,0.0,194,116.6,118.3,1939.0,42.9,24.7,43.0,2.0,12,19
2025-12-25 20:00:00,18.9,40,5.4,999.4,100,0.0,193,137.8,141.1,2217.0,50.6,24.7,27.0,2.0,12,20
2025-12-25 21:00:00,18.3,43,7.2,999.7,100,0.0,192,165.8,169.5,2109.0,56.7,26.0,16.0,2.0,12,21
2025-12-25 22:00:00,17.5,46,8.1,999.6,100,0.0,192,195.1,198.4,1795.0,62.0,27.9,8.0,2.0,12,22
2025-12-25 23:00:00,16.6,50,6.8,999.7,100,0.0,193,206.3,209.1,1536.0,65.0,28.8,3.0,2.0,12,23
2025-12-26 00:00:00,16.2,52,7.6,999.4,100,0.0,193,196.0,198.4,1424.0,64.5,27.5,1.0,2.0,12,0
2025-12-26 01:00:00,15.9,53,7.1,999.3,100,0.0,194,185.3,188.1,1367.0,61.7,25.2,1.0,1.0,12,1
2025-12-26 02:00:00,15.5,55,6.8,999.3,100,0.0,195,176.0,178.8,1354.0,59.3,23.5,2.0,1.0,12,2
2025-12-26 03:00:00,15.0,56,6.9,999.3,100,0.0,195,170.4,173.2,1361.0,58.4,22.9,1.0,1.0,12,3
2025-12-26 04:00:00,14.4,58,6.7,999.0,93,0.0,196,170.0,172.8,1412.0,57.7,22.9,1.0,1.0,12,4
2025-12-26 05:00:00,13.3,63,3.7,999.0,10,0.0,198,110.8,113.9,1571.0,31.1,16.1,23.0,0.0,12,5
2025-12-26 06:00:00,12.5,67,5.3,999.5,100,0.0,197,103.4,106.2,1994.0,32.5,16.5,19.0,0.0,12,6
2025-12-26 07:00:00,12.3,67,5.4,1000.2,97,0.0,197,108.0,110.4,2524.0,34.1,17.1,15.0,0.0,12,7
2025-12-26 08:00:00,12.0,67,4.2,1000.6,0,0.0,196,120.6,122.9,2758.0,33.1,17.0,21.0,0.0,12,8
2025-12-26 09:00:00,13.5,60,0.8,1001.6,0,0.0,194,102.9,104.3,2427.0,27.0,15.6,45.0,0.0,12,9
2025-12-26 10:00:00,16.2,48,0.4,1002.2,0,0.0,194,74.3,76.4,1798.0,18.2,13.7,78.0,0.0,12,10
2025-12-26 11:00:00,19.2,38,2.6,1002.0,0,0.0,193,51.2,53.6,1271.0,11.1,12.7,105.0,0.0,12,11
2025-12-26 12:00:00,20.9,33,2.9,1001.2,38,0.0,192,37.0,38.1,967.0,6.7,13.9,123.0,0.0,12,12
2025-12-26 13:00:00,22.1,30,2.6,1000.3,52,0.0,192,27.7,27.7,764.0,4.0,16.1,135.0,0.0,12,13
2025-12-26 14:00:00,22.8,29,1.6,999.5,98,0.0,192,23.6,23.7,695.0,4.7,17.5,137.0,0.0,12,14
2025-12-26 15:00:00,23.0,28,1.3,999.2,100,0.0,191,22.6,22.7,800.0,10.0,17.0,125.0,0.0,12,15
2025-12-26 16:00:00,22.8,29,2.6,999.1,100,0.0,191,29.9,30.0,1038.0,18.7,15.6,103.0,0.0,12,16
2025-12-26 17:00:00,21.7,33,3.8,998.8,95,0.0,190,64.5,65.2,1319.0,26.9,14.3,73.0,1.0,12,17
2025-12-26 18:00:00,20.5,40,5.5,999.6,36,0.0,190,101.5,102.0,1685.0,38.6,16.3,55.0,1.0,12,18
2025-12-26 19:00:00,19.4,45,5.4,999.9,98,0.0,191,139.7,142.5,2094.0,54.7,19.2,29.0,1.0,12,19
2025-12-26 20:00:00,17.9,51,7.5,1000.0,77,0.0,191,176.0,178.3,2328.0,66.7,21.8,10.0,1.0,12,20
2025-12-26 21:00:00,16.6,55,8.2,1000.3,1,0.0,192,204.4,206.8,2239.0,70.8,24.4,3.0,1.0,12,21
2025-12-26 22:00:00,15.6,61,8.3,1000.3,0,0.0,194,231.4,233.3,1975.0,70.8,26.7,1.0,1.0,12,22
2025-12-26 23:00:00,14.6,67,7.7,1000.4,27,0.0,195,250.5,252.4,1758.0,69.5,27.5,1.0,1.0,12,23
2025-12-27 00:00:00,14.1,71,7.4,1000.2,91,0.0,196,251.5,253.3,1674.0,68.3,25.6,1.0,1.0,12,0
2025-12-27 01:00:00,13.5,76,8.5,999.9,91,0.0,198,228.6,231.0,1636.0,65.8,22.1,2.0,0.0,12,1
2025-12-27 02:00:00,12.9,81,9.4,999.8,15,0.0,199,181.1,183.5,1611.0,60.6,19.2,5.0,0.0,12,2
2025-12-27 03:00:00,12.4,85,8.9,1000.1,11,0.0,199,146.2,149.0,1563.0,49.9,17.3,12.0,0.0,12,3
2025-12-27 04:00:00,11.8,87,8.0,999.9,1,0.0,198,131.3,131.8,1527.0,36.5,15.9,22.0,1.0,12,4
2025-12-27 05:00:00,11.0,91,7.2,999.8,2,0.0,197,168.1,171.8,1576.0,41.5,16.3,11.0,0.0,12,5
2025-12-27 06:00:00,10.7,92,7.1,1000.2,1,0.0,199,176.5,179.7,1812.0,43.5,18.1,6.0,0.0,12,6
2025-12-27 07:00:00,10.3,93,6.5,1000.7,94,0.0,202,198.8,202.6,2132.0,45.8,20.5,1.0,0.0,12,7
2025-12-27 08:00:00,10.4,92,5.5,1001.4,100,0.0,205,225.4,229.1,2306.0,44.7,22.0,9.0,0.0,12,8
2025-12-27 09:00:00,12.2,82,2.2,1002.3,8,0.0,210,197.9,200.2,2211.0,37.1,21.5,43.0,0.0,12,9
2025-12-27 10:00:00,15.0,69,0.8,1002.8,69,0.0,214,161.6,165.3,1969.0,26.1,20.0,90.0,0.0,12,10
2025-12-27 11:00:00,17.4,60,0.9,1002.7,100,0.0,217,110.6,111.1,1714.0,17.1,19.0,126.0,0.0,12,11
2025-12-27 12:00:00,19.5,52,1.8,1002.1,90,0.0,220,80.1,80.3,1441.0,11.1,19.3,142.0,0.0,12,12
2025-12-27 13:00:00,20.8,44,2.7,1001.1,86,0.0,222,58.8,58.9,1154.0,7.1,20.1,147.0,0.0,12,13
2025-12-27 14:00:00,21.6,39,2.5,1000.3,100,0.0,223,48.2,48.3,1003.0,7.0,21.0,144.0,0.0,12,14
2025-12-27 15:00:00,21.6,38,3.1,999.7,98,0.0,224,44.6,44.7,1022.0,12.2,21.5,132.0,0.0,12,15
2025-12-27 16:00:00,21.3,39,4.4,999.6,90,0.0,225,54.5,54.6,1176.0,21.4,22.0,113.0,0.0,12,16
2025-12-27 17:00:00,20.6,42,4.0,999.1,30,0.0,226,97.8,98.3,1509.0,31.9,29.3,95.0,1.0,12,17
2025-12-27 18:00:00,19.6,47,2.9,999.2,0,0.0,227,133.6,134.1,2171.0,43.9,30.0,74.0,1.0,12,18
2025-12-27 19:00:00,18.2,53,2.5,999.6,0,0.0,229,174.2,175.6,3012.0,60.6,31.0,45.0,1.0,12,19
2025-12-27 20:00:00,17.1,58,2.0,1000.0,0,0.0,230,209.5,215.6,3623.0,73.3,32.2,22.0,1.0,12,20
2025-12-27 21:00:00,16.2,61,2.3,1000.3,0,0.0,231,246.8,251.5,3827.0,78.3,33.5,11.0,1.0,12,21
2025-12-27 22:00:00,15.2,66,3.7,1000.3,0,0.0,233,276.6,281.3,3801.0,79.3,34.9,6.0,1.0,12,22
2025-12-27 23:00:00,14.2,71,4.3,1000.0,0,0.0,235,297.1,300.8,3673.0,79.6,36.2,3.0,1.0,12,23
2025-12-28 00:00:00,13.7,73,6.2,999.8,0,0.0,237,299.9,303.6,3416.0,80.2,37.5,1.0,1.0,12,0
2025-12-28 01:00:00,13.0,76,6.3,999.4,0,0.0,239,297.1,300.8,3056.0,79.9,38.7,1.0,1.0,12,1
2025-12-28 02:00:00,12.5,78,6.3,999.6,0,0.0,242,297.1,300.8,2800.0,78.9,39.2,1.0,1.0,12,2
2025-12-28 03:00:00,12.0,80,7.0,999.7,0,0.0,247,300.8,303.6,2719.0,76.9,38.5,0.0,1.0,12,3
2025-12-28 04:00:00,11.4,82,5.5,999.4,0,0.0,253,299.9,302.7,2742.0,74.0,37.1,0.0,1.0,12,4
2025-12-28 05:00:00,10.8,77,5.5,999.3,0,0.0,260,203.5,207.2,2867.0,40.8,20.8,19.0,0.0,12,5
2025-12-28 06:00:00,10.7,76,6.2,999.7,3,0.0,262,181.1,184.9,3229.0,40.2,21.2,19.0,0.0,12,6
2025-12-28 07:00:00,10.5,77,6.4,1000.3,38,0.0,262,171.4,176.0,3694.0,38.9,21.8,21.0,0.0,12,7
2025-12-28 08:00:00,10.5,77,5.6,1001.0,53,0.0,261,165.8,170.4,3850.0,35.6,21.9,30.0,0.0,12,8
2025-12-28 09:00:00,12.3,68,3.3,1001.9,89,0.0,258,132.2,135.0,3444.0,28.3,21.2,53.0,0.0,12,9
2025-12-28 10:00:00,15.3,55,1.8,1002.5,36,0.0,255,110.8,111.8,2731.0,19.0,20.1,84.0,0.0,12,10
2025-12-28 11:00:00,18.2,45,2.5,1002.5,100,0.0,253,90.8,91.0,2063.0,11.5,19.0,109.0,0.0,12,11
2025-12-28 12:00:00,19.9,39,2.4,1001.7,99,0.0,253,65.7,65.9,1494.0,7.1,17.9,123.0,0.0,12,12
2025-12-28 13:00:00,21.4,33,3.1,1000.7,100,0.0,252,43.7,43.8,971.0,4.6,16.8,132.0,0.0,12,13
2025-12-28 14:00:00,22.3,29,3.6,999.8,88,0.0,251,32.9,33.1,682.0,4.7,15.8,132.0,0.0,12,14
2025-12-28 15:00:00,22.8,27,3.4,999.5,77,0.0,251,29.0,29.3,779.0,7.9,14.6,121.0,0.0,12,15
2025-12-28 16:00:00,22.6,27,2.2,999.5,23,0.0,250,34.5,34.6,1111.0,13.7,13.5,103.0,0.0,12,16
2025-12-28 17:00:00,21.2,31,4.8,998.7,13,0.0,249,85.2,85.7,1414.0,25.9,17.5,73.0,1.0,12,17
2025-12-28 18:00:00,19.5,37,8.7,999.2,6,0.0,249,114.3,114.6,1577.0,31.4,18.9,62.0,1.0,12,18
2025-12-28 19:00:00,18.6,43,9.0,999.6,18,0.0,248,138.3,138.8,1711.0,39.0,20.9,48.0,1.0,12,19
2025-12-28 20:00:00,17.6,48,7.5,999.9,66,0.0,246,156.9,157.4,1888.0,44.2,22.5,36.0,1.0,12,20
2025-12-28 21:00:00,16.4,53,6.7,1000.7,42,0.0,244,172.3,173.7,2204.0,45.0,23.4,31.0,1.0,12,21
2025-12-28 22:00:00,15.2,59,8.2,1000.6,21,0.0,241,181.6,184.4,2563.0,43.4,23.8,30.0,1.0,12,22
2025-12-28 23:00:00,14.5,63,8.2,1000.4,0,0.0,237,187.7,191.4,2753.0,41.6,23.7,28.0,1.0,12,23
2025-12-29 00:00:00,14.0,65,7.8,1000.4,0,0.0,233,185.8,190.0,2622.0,40.0,22.7,25.0,1.0,12,0
2025-12-29 01:00:00,13.3,67,6.9,1000.2,3,0.0,228,186.3,190.9,2322.0,38.1,21.3,23.0,1.0,12,1
2025-12-29 02:00:00,12.7,70,6.8,1000.1,18,0.0,223,187.7,192.3,2099.0,36.8,20.1,20.0,1.0,12,2
2025-12-29 03:00:00,12.2,72,6.3,1000.1,15,0.0,219,188.6,193.2,2013.0,36.2,19.5,17.0,1.0,12,3
2025-12-29 04:00:00,11.3,76,5.8,999.8,82,0.0,214,192.3,196.5,2003.0,36.1,19.2,14.0,1.0,12,4
2025-12-29 05:00:00,10.5,82,6.3,999.6,38,0.0,209,185.3,188.1,2134.0,29.5,17.9,19.0,1.0,12,5
2025-12-29 06:00:00,10.2,83,5.9,999.6,63,0.0,209,183.5,186.3,2565.0,34.2,20.1,13.0,1.0,12,6
2025-12-29 07:00:00,9.8,85,5.6,1000.2,47,0.0,209,202.6,207.2,3137.0,40.2,23.2,7.0,1.0,12,7
2025-12-29 08:00:00,9.7,86,6.0,1001.1,92,0.0,210,237.5,243.1,3434.0,41.9,25.2,14.0,1.0,12,8
2025-12-29 09:00:00,11.5,77,2.8,1002.2,8,0.0,213,210.9,215.1,3226.0,35.2,24.8,48.0,1.0,12,9
2025-12-29 10:00:00,14.3,65,2.2,1002.8,20,0.0,216,193.7,197.0,2743.0,24.1,23.3,96.0,1.0,12,10
2025-12-29 11:00:00,16.8,55,1.3,1002.8,94,0.0,220,149.0,149.5,2264.0,15.0,23.0,134.0,1.0,12,11
2025-12-29 12:00:00,18.8,47,0.6,1001.7,27,0.0,222,118.7,119.2,1823.0,9.3,25.4,155.0,1.0,12,12
2025-12-29 13:00:00,20.5,39,0.6,1000.7,0,0.0,224,95.0,95.5,1385.0,5.6,28.9,165.0,1.0,12,13
2025-12-29 14:00:00,21.4,36,0.6,999.9,0,0.0,227,75.7,76.4,1123.0,5.4,30.8,166.0,1.0,12,14
2025-12-29 15:00:00,21.8,34,1.1,999.2,42,0.0,228,68.0,68.5,1147.0,10.9,29.2,152.0,1.0,12,15
2025-12-29 16:00:00,21.8,33,1.9,999.0,88,0.0,230,77.1,77.5,1347.0,19.9,25.9,127.0,1.0,12,16
2025-12-29 17:00:00,21.0,38,4.0,998.4,43,0.0,232,111.8,112.2,1562.0,26.8,24.0,90.0,1.0,12,17
2025-12-29 18:00:00,19.7,42,8.3,998.6,82,0.0,233,133.6,134.1,1765.0,26.8,23.4,85.0,1.0,12,18
2025-12-29 19:00:00,18.3,47,10.2,998.8,100,0.0,234,137.4,137.8,1984.0,26.8,22.7,77.0,1.0,12,19
2025-12-29 20:00:00,17.6,50,8.2,999.2,100,0.0,234,146.2,146.7,2137.0,27.5,22.4,70.0,1.0,12,20
2025-12-29 21:00:00,16.8,55,8.1,999.6,100,0.0,233,160.2,160.7,2174.0,29.4,23.1,63.0,1.0,12,21
2025-12-29 22:00:00,16.2,58,7.6,999.6,100,0.0,233,181.1,181.6,2146.0,31.9,24.1,55.0,1.0,12,22
2025-12-29 23:00:00,15.2,64,8.1,999.7,94,0.0,233,200.7,201.2,2127.0,33.5,24.5,49.0,1.0,12,23
2025-12-30 00:00:00,14.8,64,8.4,999.5,37,0.0,233,205.4,205.8,2135.0,33.4,23.6,44.0,1.0,12,0
2025-12-30 01:00:00,14.1,66,10.3,998.9,2,0.0,234,205.4,205.8,2152.0,32.4,22.0,39.0,1.0,12,1
2025-12-30 02:00:00,13.6,67,9.2,998.7,2,0.0,235,207.7,208.2,2198.0,30.9,20.4,36.0,1.0,12,2
2025-12-30 03:00:00,13.0,70,8.1,998.6,0,0.0,236,204.4,204.9,2296.0,28.3,18.6,34.0,1.0,12,3
2025-12-30 04:00:00,12.3,74,8.9,998.0,23,0.0,236,194.2,194.6,2424.0,25.2,16.8,34.0,1.0,12,4
2025-12-30 05:00:00,11.9,77,8.3,997.8,10,0.0,236,166.2,166.7,2535.0,16.8,15.0,52.0,1.0,12,5
2025-12-30 06:00:00,11.5,79,7.6,998.0,97,0.0,236,161.1,161.6,2647.0,20.2,15.1,45.0,1.0,12,6
2025-12-30 07:00:00,11.4,79,8.2,998.4,97,0.0,235,166.2,166.7,2741.0,24.7,15.3,37.0,1.0,12,7
2025-12-30 08:00:00,11.5,79,6.0,998.9,76,0.0,233,177.4,177.9,2722.0,26.4,16.0,40.0,1.0,12,8
2025-12-30 09:00:00,12.8,73,2.2,999.9,23,0.0,231,172.3,172.8,2513.0,22.9,17.7,62.0,1.0,12,9
2025-12-30 10:00:00,15.1,63,1.8,1000.4,5,0.0,229,157.9,158.3,2190.0,16.6,19.9,95.0,1.0,12,10
2025-12-30 11:00:00,17.5,54,2.1,999.9,36,0.0,228,140.6,141.1,1881.0,11.3,22.0,124.0,1.0,12,11
2025-12-30 12:00:00,19.4,48,2.8,998.5,19,0.0,227,126.2,126.7,1602.0,7.9,24.1,146.0,1.0,12,12
2025-12-30 13:00:00,20.9,44,4.3,997.3,1,0.0,227,107.3,107.8,1337.0,5.4,26.1,164.0,1.0,12,13
2025-12-30 14:00:00,21.6,41,5.9,996.5,0,0.0,228,88.9,89.4,1168.0,4.9,27.0,171.0,1.0,12,14
2025-12-30 15:00:00,21.8,39,7.1,995.9,0,0.0,229,78.0,78.5,1153.0,7.6,25.8,161.0,1.0,12,15
2025-12-30 16:00:00,21.4,40,8.5,995.5,0,0.0,229,82.9,83.4,1234.0,12.2,23.4,140.0,1.0,12,16
2025-12-30 17:00:00,20.4,45,9.8,994.8,0,0.0,229,83.6,84.1,1313.0,15.2,19.5,104.0,1.0,12,17
2025-12-30 18:00:00,18.7,52,12.1,995.2,2,0.0,228,93.6,94.1,1376.0,17.4,20.5,96.0,1.0,12,18
2025-12-30 19:00:00,17.5,57,11.1,995.4,100,0.0,226,103.4,103.8,1437.0,20.3,21.8,84.0,1.0,12,19
2025-12-30 20:00:00,16.8,61,10.2,995.9,48,0.0,225,113.6,113.9,1442.0,22.1,22.6,74.0,1.0,12,20
2025-12-30 21:00:00,15.9,64,10.1,996.4,77,0.0,224,119.2,119.7,1348.0,22.0,22.7,68.0,1.0,12,21
2025-12-30 22:00:00,14.8,69,9.9,996.4,91,0.0,222,118.7,119.2,1197.0,20.7,22.3,63.0,1.0,12,22
2025-12-30 23:00:00,14.3,73,9.7,996.1,71,0.0,219,109.0,109.4,1062.0,18.9,21.1,60.0,1.0,12,23
2025-12-31 00:00:00,13.9,76,9.9,995.7,98,0.0,215,89.4,90.3,970.0,16.2,18.4,58.0,2.0,12,0
2025-12-31 01:00:00,13.7,79,9.1,995.6,100,0.0,211,74.0,75.4,894.0,12.9,14.8,58.0,2.0,12,1
2025-12-31 02:00:00,13.5,81,8.5,995.8,100,0.0,205,64.7,66.1,826.0,10.4,11.9,57.0,3.0,12,2
2025-12-31 03:00:00,13.2,84,10.1,995.8,100,0.3,199,60.5,62.2,752.0,9.2,10.3,54.0,3.0,12,3
2025-12-31 04:00:00,13.0,87,9.7,995.0,100,0.0,195,58.9,60.5,686.0,8.8,9.5,51.0,3.0,12,4
2025-12-31 05:00:00,12.8,84,8.6,994.4,100,0.1,191,84.3,85.2,664.0,10.8,13.6,48.0,2.0,12,5
2025-12-31 06:00:00,12.4,88,9.4,994.4,100,0.0,189,90.3,91.0,723.0,13.5,14.2,44.0,2.0,12,6
2025-12-31 07:00:00,12.2,88,8.6,994.7,100,0.0,187,102.7,103.4,826.0,17.2,14.9,40.0,1.0,12,7
2025-12-31 08:00:00,11.7,88,10.1,995.4,100,0.3,185,113.4,114.1,902.0,19.0,15.6,42.0,1.0,12,8
2025-12-31 09:00:00,11.6,89,7.6,996.2,100,1.9,183,119.0,119.2,930.0,17.4,16.0,54.0,1.0,12,9
2025-12-31 10:00:00,12.2,91,9.2,996.3,100,2.5,181,104.3,105.5,932.0,14.1,16.3,72.0,2.0,12,10
2025-12-31 11:00:00,13.2,88,8.7,996.4,100,0.0,180,91.7,93.6,895.0,10.9,16.4,90.0,3.0,12,11
2025-12-31 12:00:00,13.4,87,8.6,995.3,100,0.0,178,77.5,79.9,788.0,8.1,16.2,107.0,5.0,12,12
2025-12-31 13:00:00,13.9,83,9.8,994.3,100,0.0,177,68.2,71.2,643.0,5.5,15.7,125.0,7.0,12,13
2025-12-31 14:00:00,14.4,81,10.8,993.3,78,0.0,176,64.3,69.4,546.0,4.4,15.4,134.0,9.0,12,14
2025-12-31 15:00:00,14.4,80,12.6,992.7,29,0.1,175,62.4,67.5,540.0,5.8,15.3,131.0,9.0,12,15
2025-12-31 16:00:00,14.5,78,11.6,992.6,30,0.0,174,61.9,67.1,581.0,8.8,15.3,121.0,8.0,12,16
2025-12-31 17:00:00,13.2,84,9.5,992.8,100,0.0,174,79.6,85.4,627.0,10.4,15.3,96.0,10.0,12,17
2025-12-31 18:00:00,13.0,87,9.5,993.6,100,0.1,174,92.7,98.0,669.0,15.4,16.1,83.0,10.0,12,18
2025-12-31 19:00:00,12.7,91,8.6,994.4,34,0.1,174,107.8,113.4,715.0,22.2,17.3,65.0,10.0,12,19
2025-12-31 20:00:00,12.2,94,7.7,995.0,38,0.0,174,123.9,129.5,743.0,26.4,17.7,51.0,10.0,12,20
2025-12-31 21:00:00,11.7,95,9.9,995.8,27,0.0,174,127.1,132.2,737.0,25.8,17.0,47.0,9.0,12,21
2025-12-31 22:00:00,11.9,94,10.8,996.5,77,0.0,174,115.5,119.7,713.0,22.6,15.5,47.0,8.0,12,22
2025-12-31 23:00:00,11.8,94,10.3,996.1,20,0.0,174,101.7,105.7,693.0,19.3,14.0,48.0,7.0,12,23
2026-01-01 00:00:00,11.7,94,9.5,996.0,17,0.0,174,89.6,93.4,683.0,16.4,12.3,49.0,6.0,1,0
2026-01-01 01:00:00,11.2,96,10.1,996.0,23,0.0,174,82.9,86.4,676.0,13.4,10.5,51.0,5.0,1,1
2026-01-01 02:00:00,10.9,96,10.6,996.1,2,0.0,174,77.1,80.1,676.0,10.9,9.1,53.0,5.0,1,2
2026-01-01 03:00:00,10.7,96,11.3,996.4,2,0.0,175,72.4,75.7,673.0,8.9,8.4,56.0,5.0,1,3
2026-01-01 04:00:00,10.5,96,11.1,996.4,10,0.0,175,70.1,73.3,677.0,7.3,8.1,59.0,6.0,1,4
2026-01-01 05:00:00,10.2,97,10.1,996.5,0,0.0,175,72.6,76.1,717.0,7.1,7.2,62.0,6.0,1,5
2026-01-01 06:00:00,9.9,97,9.0,997.1,0,0.0,175,71.7,74.7,842.0,9.1,7.3,58.0,6.0,1,6
2026-01-01 07:00:00,9.6,97,7.8,997.9,0,0.0,174,76.8,79.6,1003.0,11.7,7.6,54.0,5.0,1,7
2026-01-01 08:00:00,9.8,98,7.3,998.5,0,0.0,174,81.5,84.3,1086.0,12.9,8.4,55.0,5.0,1,8
2026-01-01 09:00:00,11.1,93,6.0,999.8,0,0.0,173,78.2,81.5,1026.0,11.3,10.5,67.0,6.0,1,9
2026-01-01 10:00:00,12.6,88,6.4,1000.7,0,0.0,171,74.5,78.5,888.0,8.2,13.2,84.0,7.0,1,10
2026-01-01 11:00:00,14.3,79,7.3,1000.8,45,0.0,171,67.3,72.2,750.0,5.6,14.7,99.0,8.0,1,11
2026-01-01 12:00:00,15.6,69,8.6,1000.2,93,0.0,170,50.8,54.9,616.0,3.8,13.9,110.0,8.0,1,12
2026-01-01 13:00:00,16.6,63,10.0,999.4,49,0.0,169,37.5,40.9,482.0,2.5,12.0,119.0,7.0,1,13
2026-01-01 14:00:00,17.2,59,10.5,999.0,66,0.0,168,30.4,33.5,421.0,2.5,10.4,122.0,6.0,1,14
2026-01-01 15:00:00,17.4,57,9.7,998.7,55,0.0,167,27.3,30.4,475.0,3.4,9.5,118.0,5.0,1,15
2026-01-01 16:00:00,17.1,58,8.3,998.8,33,0.0,166,26.3,29.2,601.0,5.6,9.0,108.0,5.0,1,16
2026-01-01 17:00:00,16.5,68,7.2,998.6,5,0.0,165,54.6,58.7,739.0,12.4,9.6,87.0,7.0,1,17
2026-01-01 18:00:00,15.3,73,8.2,999.2,0,0.0,164,79.9,83.6,853.0,21.8,11.9,72.0,7.0,1,18
2026-01-01 19:00:00,14.5,75,8.4,999.8,0,0.0,164,114.6,118.5,980.0,34.9,15.3,51.0,7.0,1,19
2026-01-01 20:00:00,13.7,80,7.0,1000.3,0,0.0,164,145.8,149.9,1162.0,46.2,18.6,33.0,7.0,1,20
2026-01-01 21:00:00,12.9,84,6.5,1001.0,0,0.0,165,173.7,178.3,1478.0,54.1,22.3,22.0,8.0,1,21
2026-01-01 22:00:00,12.3,87,4.6,1001.2,0,0.0,166,207.7,212.8,1850.0,60.1,26.1,15.0,9.0,1,22
2026-01-01 23:00:00,11.6,91,1.5,1001.1,0,0.0,169,232.4,238.0,2091.0,62.9,27.7,10.0,10.0,1,23
2026-01-02 00:00:00,11.5,92,3.9,1000.9,0,0.0,173,231.9,237.0,2107.0,61.4,25.7,7.0,9.0,1,0
2026-01-02 01:00:00,11.0,94,4.0,1000.8,0,0.0,177,211.9,216.1,1993.0,56.6,21.6,7.0,8.0,1,1
2026-01-02 02:00:00,10.6,94,6.1,1000.7,0,0.0,181,177.9,181.1,1846.0,50.6,18.0,9.0,6.0,1,2
2026-01-02 03:00:00,10.3,94,6.1,1001.1,0,0.0,184,151.3,154.1,1637.0,42.4,15.6,14.0,5.0,1,3
2026-01-02 04:00:00,9.8,95,6.6,1001.0,0,0.0,186,131.3,133.6,1395.0,32.8,13.6,20.0,4.0,1,4
2026-01-02 05:00:00,9.2,98,6.7,1001.1,0,0.0,188,260.8,266.4,1303.0,58.3,26.3,0.0,9.0,1,5
2026-01-02 06:00:00,8.8,100,6.0,1001.3,100,0.0,194,247.7,253.3,1533.0,55.8,23.8,0.0,9.0,1,6
2026-01-02 07:00:00,8.4,100,4.9,1002.1,100,0.0,199,261.7,267.3,1913.0,51.9,20.5,0.0,9.0,1,7
2026-01-02 08:00:00,8.5,100,4.6,1002.6,100,0.0,206,310.1,315.7,2110.0,45.7,18.2,6.0,9.0,1,8
2026-01-02 09:00:00,10.1,98,3.8,1003.9,92,0.0,216,244.9,248.7,1948.0,35.3,18.1,40.0,10.0,1,9
2026-01-02 10:00:00,12.8,86,2.9,1004.7,5,0.0,223,194.2,197.4,1603.0,22.5,19.0,87.0,10.0,1,10
2026-01-02 11:00:00,15.0,79,2.8,1004.8,5,0.0,228,125.3,130.4,1265.0,12.6,19.7,123.0,10.0,1,11
2026-01-02 12:00:00,16.6,69,3.1,1003.7,0,0.0,230,76.4,80.6,952.0,7.1,19.7,140.0,8.0,1,12
2026-01-02 13:00:00,17.7,61,3.5,1002.7,0,0.0,231,57.9,60.8,646.0,4.4,19.6,146.0,6.0,1,13
2026-01-02 14:00:00,18.2,57,2.8,1002.1,0,0.0,232,51.0,53.3,484.0,4.4,19.0,146.0,4.0,1,14
2026-01-02 15:00:00,18.4,57,2.0,1001.6,0,0.0,233,47.6,49.7,500.0,7.5,17.6,138.0,3.0,1,15
2026-01-02 16:00:00,18.2,58,1.5,1001.4,0,0.0,234,46.8,48.7,661.0,13.3,15.8,123.0,3.0,1,16
2026-01-02 17:00:00,17.0,72,1.2,1001.0,0,0.0,234,89.6,92.2,1000.0,21.7,16.4,100.0,5.0,1,17
2026-01-02 18:00:00,16.1,76,1.7,1001.3,0,0.0,236,121.1,123.9,1646.0,28.3,16.7,84.0,5.0,1,18
2026-01-02 19:00:00,15.1,78,3.0,1002.0,0,0.0,238,152.3,154.6,2470.0,37.5,17.2,61.0,4.0,1,19
2026-01-02 20:00:00,13.9,84,3.5,1002.1,0,0.0,239,180.2,182.5,3125.0,44.9,18.2,43.0,4.0,1,20
2026-01-02 21:00:00,13.1,88,3.0,1002.5,0,0.0,241,210.9,213.7,3503.0,49.2,20.5,34.0,4.0,1,21
2026-01-02 22:00:00,12.5,89,5.1,1002.4,0,0.0,242,243.1,245.9,3711.0,51.6,23.4,29.0,5.0,1,22
2026-01-02 23:00:00,12.4,88,5.7,1002.3,0,0.0,244,260.8,263.6,3725.0,52.1,24.9,26.0,5.0,1,23
2026-01-03 00:00:00,12.2,88,7.1,1001.8,0,0.0,245,258.0,260.8,3452.0,50.0,24.1,24.0,5.0,1,0
2026-01-03 01:00:00,11.6,90,7.5,1001.5,0,0.0,246,244.0,246.8,2984.0,45.9,22.0,25.0,5.0,1,1
2026-01-03 02:00:00,11.1,92,7.4,1001.4,0,0.0,247,229.1,232.4,2574.0,41.2,19.9,26.0,5.0,1,2
2026-01-03 03:00:00,10.6,93,7.7,1001.0,0,0.0,249,211.9,215.1,2271.0,35.2,17.9,29.0,5.0,1,3
2026-01-03 04:00:00,10.3,94,7.5,1000.5,0,0.0,252,196.5,199.3,2025.0,28.5,15.9,33.0,5.0,1,4
2026-01-03 05:00:00,9.7,95,7.0,1000.7,0,0.0,255,216.1,219.3,1946.0,32.7,17.3,26.0,6.0,1,5
2026-01-03 06:00:00,9.6,95,7.2,1000.8,0,0.0,253,199.8,203.0,2209.0,34.0,17.4,24.0,6.0,1,6
2026-01-03 07:00:00,9.4,95,6.6,1001.3,0,0.0,251,198.8,202.1,2637.0,35.4,17.5,23.0,6.0,1,7
2026-01-03 08:00:00,9.4,96,6.3,1001.9,0,0.0,248,204.9,208.2,2814.0,34.0,16.9,31.0,6.0,1,8
2026-01-03 09:00:00,11.3,92,3.7,1002.7,0,0.0,244,171.4,173.7,2494.0,27.0,14.6,55.0,5.0,1,9
2026-01-03 10:00:00,13.9,83,2.9,1003.4,0,0.0,241,143.4,145.8,1921.0,17.2,11.7,88.0,5.0,1,10
2026-01-03 11:00:00,16.1,74,4.8,1003.4,0,0.0,239,115.5,118.7,1414.0,9.4,10.9,115.0,6.0,1,11
2026-01-03 12:00:00,17.4,65,6.2,1002.5,0,0.0,238,87.1,92.9,1054.0,5.4,14.6,132.0,11.0,1,12
2026-01-03 13:00:00,18.3,59,6.6,1001.5,2,0.0,239,69.6,79.2,760.0,3.5,20.5,143.0,18.0,1,13
2026-01-03 14:00:00,18.8,56,6.0,1000.6,2,0.0,239,63.1,75.4,603.0,3.8,24.4,145.0,23.0,1,14
2026-01-03 15:00:00,19.1,54,5.6,1000.2,7,0.0,240,61.2,75.2,617.0,7.0,24.1,134.0,24.0,1,15
2026-01-03 16:00:00,18.9,55,4.6,1000.1,4,0.0,240,62.6,76.6,768.0,12.4,21.7,115.0,22.0,1,16
2026-01-03 17:00:00,17.2,71,2.5,1000.1,0,0.0,241,72.4,81.0,1029.0,18.6,19.9,91.0,16.0,1,17
2026-01-03 18:00:00,16.4,70,4.3,1000.5,3,0.0,240,100.1,107.1,1513.0,22.4,18.8,80.0,14.0,1,18
2026-01-03 19:00:00,15.1,77,5.9,1001.1,2,0.0,239,117.1,122.9,2107.0,27.8,17.4,64.0,11.0,1,19
2026-01-03 20:00:00,14.2,81,6.7,1001.5,5,0.0,238,131.8,136.9,2444.0,31.7,16.4,51.0,9.0,1,20
2026-01-03 21:00:00,13.5,83,8.9,1002.0,0,0.0,236,146.7,151.8,2294.0,33.2,16.5,44.0,8.0,1,21
2026-01-03 22:00:00,12.9,84,10.3,1002.1,0,0.0,233,160.2,165.3,1886.0,33.4,17.0,41.0,8.0,1,22
2026-01-03 23:00:00,12.5,86,10.5,1002.0,0,0.0,230,164.8,169.5,1545.0,32.6,17.0,38.0,8.0,1,23
2026-01-04 00:00:00,12.4,86,9.6,1001.8,8,0.0,226,158.8,163.0,1395.0,30.4,15.7,36.0,7.0,1,0
2026-01-04 01:00:00,12.1,87,9.7,1001.6,10,0.0,221,151.8,155.5,1311.0,27.1,13.7,34.0,7.0,1,1
2026-01-04 02:00:00,11.8,88,9.5,1001.5,7,0.0,218,142.5,145.8,1241.0,24.2,12.2,33.0,6.0,1,2
2026-01-04 03:00:00,11.3,90,8.7,1001.7,12,0.0,214,132.2,135.5,1139.0,21.7,11.3,33.0,6.0,1,3
2026-01-04 04:00:00,11.0,91,8.0,1001.5,15,0.0,211,125.7,128.1,1051.0,19.6,10.7,34.0,5.0,1,4
2026-01-04 05:00:00,10.8,93,7.8,1001.6,0,0.0,208,99.0,101.3,1058.0,14.9,10.0,44.0,4.0,1,5
2026-01-04 06:00:00,10.5,94,6.6,1001.8,5,0.0,203,97.3,99.2,1269.0,17.9,10.4,38.0,3.0,1,6
2026-01-04 07:00:00,10.1,95,6.0,1002.6,4,0.0,199,107.6,109.0,1575.0,21.9,10.9,32.0,2.0,1,7
2026-01-04 08:00:00,9.9,97,6.1,1003.2,5,0.0,196,117.8,119.0,1727.0,23.3,11.4,34.0,2.0,1,8
2026-01-04 09:00:00,11.4,92,4.0,1004.0,7,0.0,194,113.6,114.6,1581.0,19.7,11.6,52.0,2.0,1,9
2026-01-04 10:00:00,13.6,83,3.6,1004.7,7,0.0,192,98.0,99.4,1282.0,13.6,11.7,80.0,2.0,1,10
2026-01-04 11:00:00,15.8,75,4.0,1004.8,14,0.0,191,87.5,89.6,1013.0,8.5,12.2,103.0,4.0,1,11
2026-01-04 12:00:00,17.4,66,5.0,1003.9,6,0.0,190,75.0,77.8,816.0,5.3,13.6,120.0,8.0,1,12
2026-01-04 13:00:00,18.8,57,5.8,1002.8,42,0.0,189,60.1,65.7,648.0,3.1,15.4,133.0,12.0,1,13
2026-01-04 14:00:00,19.6,51,4.2,1002.2,20,0.0,189,54.6,63.1,570.0,3.6,16.7,137.0,16.0,1,14
2026-01-04 15:00:00,19.6,52,3.4,1001.8,17,0.0,189,54.0,64.3,615.0,7.4,17.0,129.0,17.0,1,15
2026-01-04 16:00:00,19.3,54,4.5,1001.5,0,0.0,189,54.9,65.7,750.0,13.9,16.8,113.0,17.0,1,16
2026-01-04 17:00:00,17.8,66,5.5,1001.4,2,0.0,188,76.8,85.7,926.0,20.5,15.2,98.0,16.0,1,17
2026-01-04 18:00:00,16.6,72,6.5,1002.1,16,0.0,189,115.0,123.4,1169.0,27.9,15.9,81.0,15.0,1,18
2026-01-04 19:00:00,15.4,77,8.1,1002.8,18,0.0,189,147.1,154.1,1454.0,37.8,16.9,57.0,13.0,1,19
2026-01-04 20:00:00,14.4,81,8.4,1003.3,27,0.0,190,161.6,168.1,1660.0,43.7,17.6,41.0,12.0,1,20
2026-01-04 21:00:00,13.6,82,9.9,1004.1,35,0.0,191,158.3,164.4,1726.0,41.4,17.5,39.0,12.0,1,21
2026-01-04 22:00:00,13.0,82,9.3,1004.2,10,0.0,191,159.3,165.8,1712.0,35.0,17.0,44.0,12.0,1,22
2026-01-04 23:00:00,12.4,86,8.7,1004.3,29,0.0,191,166.7,173.2,1681.0,30.7,16.8,47.0,12.0,1,23
2026-01-05 00:00:00,12.5,85,8.6,1003.9,45,0.0,191,170.9,177.4,1641.0,31.4,17.2,43.0,12.0,1,0
2026-01-05 01:00:00,11.8,88,8.9,1004.1,73,0.0,192,183.0,189.5,1583.0,34.3,17.8,36.0,11.0,1,1
2026-01-05 02:00:00,11.3,89,8.8,1003.7,100,0.0,192,194.2,200.7,1542.0,36.4,18.3,30.0,11.0,1,2
2026-01-05 03:00:00,11.0,90,8.9,1003.7,55,0.0,194,199.3,205.8,1510.0,36.1,18.2,27.0,10.0,1,3
2026-01-05 04:00:00,10.8,91,8.4,1003.5,82,0.0,196,201.2,207.2,1494.0,35.1,18.0,25.0,10.0,1,4
2026-01-05 05:00:00,10.3,93,5.1,1003.8,100,0.0,198,120.6,123.4,1549.0,14.3,12.2,48.0,5.0,1,5
2026-01-05 06:00:00,10.5,92,3.6,1004.3,93,0.0,199,119.2,121.5,1774.0,24.1,15.9,39.0,5.0,1,6
2026-01-05 07:00:00,10.4,94,0.4,1005.2,100,0.0,200,145.8,148.1,2070.0,37.1,20.9,27.0,4.0,1,7
2026-01-05 08:00:00,10.6,92,1.1,1005.7,99,0.0,201,188.1,190.9,2196.0,43.3,24.0,27.0,4.0,1,8
2026-01-05 09:00:00,11.8,88,0.4,1006.2,89,0.0,204,146.7,148.5,2003.0,36.2,23.2,50.0,3.0,1,9
2026-01-05 10:00:00,13.6,79,0.9,1006.8,56,0.0,205,120.1,121.5,1639.0,22.3,20.5,84.0,3.0,1,10
2026-01-05 11:00:00,14.9,74,0.4,1007.1,62,0.0,206,94.3,96.2,1309.0,11.4,19.0,114.0,3.0,1,11
2026-01-05 12:00:00,16.4,69,1.1,1006.2,38,0.0,206,82.7,85.0,1073.0,6.8,20.5,135.0,4.0,1,12
2026-01-05 13:00:00,17.4,63,0.6,1005.5,55,0.0,207,68.5,71.7,871.0,5.2,23.2,151.0,5.0,1,13
2026-01-05 14:00:00,18.0,59,0.6,1004.8,38,0.0,207,59.6,63.6,723.0,6.2,25.1,159.0,7.0,1,14
2026-01-05 15:00:00,18.1,56,0.9,1004.3,41,0.0,207,57.3,61.9,623.0,10.1,25.0,156.0,9.0,1,15
2026-01-05 16:00:00,17.8,58,3.8,1003.9,34,0.0,207,58.3,64.0,577.0,16.7,24.1,144.0,11.0,1,16
2026-01-05 17:00:00,16.7,70,6.4,1003.6,20,0.0,208,114.8,123.9,629.0,25.2,30.6,136.0,16.0,1,17
2026-01-05 18:00:00,15.4,75,9.1,1003.7,1,0.0,209,152.7,161.6,836.0,33.6,32.2,116.0,16.0,1,18
2026-01-05 19:00:00,14.7,74,8.8,1004.2,8,0.0,211,187.2,196.5,1142.0,45.5,34.5,87.0,17.0,1,19
2026-01-05 20:00:00,14.1,77,8.7,1004.7,9,0.0,212,216.5,225.8,1417.0,56.2,36.7,62.0,17.0,1,20
2026-01-05 21:00:00,13.2,81,9.1,1004.8,0,0.0,215,253.3,262.6,1618.0,66.0,39.3,42.0,17.0,1,21
2026-01-05 22:00:00,12.4,85,7.5,1004.6,0,0.0,219,294.3,303.6,1788.0,74.7,41.7,26.0,17.0,1,22
2026-01-05 23:00:00,11.5,87,4.9,1004.4,0,0.0,224,307.3,316.6,1936.0,76.8,41.9,17.0,17.0,1,23
2026-01-06 00:00:00,11.0,90,5.6,1004.2,0,0.0,230,274.7,284.1,2085.0,67.5,38.0,21.0,16.0,1,0
2026-01-06 01:00:00,10.4,92,6.1,1003.9,0,0.0,234,241.2,249.6,2211.0,51.5,31.9,32.0,15.0,1,1
2026-01-06 02:00:00,10.1,92,5.8,1003.8,0,0.0,237,217.5,225.4,2248.0,38.1,26.2,41.0,14.0,1,2
2026-01-06 03:00:00,9.8,93,4.2,1003.6,0,0.0,238,199.3,205.8,2069.0,29.8,21.8,43.0,12.0,1,3
2026-01-06 04:00:00,9.2,95,2.3,1003.6,0,0.0,238,183.9,189.5,1801.0,24.0,18.0,43.0,11.0,1,4
2026-01-06 05:00:00,8.6,97,2.4,1003.6,0,0.0,237,157.9,162.5,1754.0,18.1,15.7,46.0,8.0,1,5
2026-01-06 06:00:00,8.2,99,1.8,1004.1,0,0.0,239,158.8,163.0,2219.0,22.5,13.2,34.0,7.0,1,6
2026-01-06 07:00:00,7.6,100,2.3,1004.6,99,0.0,240,179.7,183.5,2905.0,28.3,9.8,19.0,7.0,1,7
2026-01-06 08:00:00,7.4,100,2.4,1005.3,100,0.0,242,215.1,218.9,3246.0,30.7,7.9,19.0,6.0,1,8
2026-01-06 09:00:00,8.8,98,1.3,1006.1,99,0.0,243,196.0,198.4,2908.0,26.7,8.8,49.0,6.0,1,9
2026-01-06 10:00:00,11.2,93,0.9,1006.8,99,0.0,245,178.8,181.1,2226.0,19.2,11.0,94.0,6.0,1,10
2026-01-06 11:00:00,13.4,83,1.2,1007.1,0,0.0,247,131.8,135.5,1635.0,12.8,12.8,131.0,6.0,1,11
2026-01-06 12:00:00,15.3,75,1.6,1006.2,0,0.0,249,95.2,99.9,1264.0,8.0,13.3,153.0,7.0,1,12
2026-01-06 13:00:00,16.4,67,1.6,1005.2,0,0.0,249,78.2,83.8,984.0,4.2,13.3,167.0,9.0,1,13
2026-01-06 14:00:00,17.1,63,1.3,1004.8,0,0.0,250,68.5,74.0,850.0,3.8,13.3,170.0,10.0,1,14
2026-01-06 15:00:00,17.4,61,1.5,1004.4,0,0.0,250,60.5,66.4,924.0,8.1,12.9,159.0,10.0,1,15
2026-01-06 16:00:00,17.2,61,2.2,1004.4,0,0.0,250,59.1,64.5,1144.0,15.7,12.4,137.0,9.0,1,16
2026-01-06 17:00:00,16.1,73,3.5,1004.4,0,0.0,250,96.2,102.4,1378.0,21.4,12.1,111.0,11.0,1,17
2026-01-06 18:00:00,14.7,77,5.2,1004.8,0,0.0,250,136.0,142.0,1573.0,34.3,15.3,89.0,11.0,1,18
2026-01-06 19:00:00,13.6,80,5.6,1005.3,0,0.0,249,181.6,187.7,1782.0,52.3,19.9,60.0,11.0,1,19
2026-01-06 20:00:00,12.7,83,5.1,1005.6,0,0.0,249,225.4,231.4,2037.0,67.4,24.4,35.0,11.0,1,20
2026-01-06 21:00:00,11.9,85,4.6,1006.1,0,0.0,249,258.0,267.3,2409.0,76.7,28.6,22.0,11.0,1,21
2026-01-06 22:00:00,11.4,87,4.0,1006.2,0,0.0,249,288.7,301.7,2826.0,83.2,32.8,14.0,12.0,1,22
2026-01-06 23:00:00,10.0,93,2.3,1005.9,0,0.0,249,317.6,330.6,3106.0,87.5,35.8,8.0,12.0,1,23
2026-01-07 00:00:00,10.1,94,1.1,1005.7,0,0.0,249,327.8,339.9,3125.0,89.7,37.4,4.0,12.0,1,0
2026-01-07 01:00:00,9.8,94,1.2,1005.6,0,0.0,252,324.1,335.3,3007.0,89.7,37.9,3.0,11.0,1,1
2026-01-07 02:00:00,9.7,93,1.9,1005.4,0,0.0,255,312.9,322.2,2938.0,88.3,37.4,2.0,11.0,1,2
2026-01-07 03:00:00,9.1,95,1.9,1005.4,0,0.0,259,295.2,304.5,3018.0,84.8,35.0,1.0,11.0,1,3
2026-01-07 04:00:00,8.5,97,2.0,1004.9,0,0.0,263,271.9,280.3,3147.0,79.8,31.7,1.0,10.0,1,4
2026-01-07 05:00:00,7.7,100,2.4,1004.9,99,0.0,267,336.2,346.5,3218.0,92.4,45.4,2.0,13.0,1,5
2026-01-07 06:00:00,6.4,100,2.0,1005.1,100,0.0,274,309.2,318.5,3182.0,87.4,41.4,0.0,12.0,1,6
2026-01-07 07:00:00,5.9,100,1.3,1005.9,100,0.0,280,299.0,307.3,3087.0,79.7,35.8,0.0,10.0,1,7
2026-01-07 08:00:00,6.3,100,0.9,1006.6,100,0.0,285,294.3,301.7,2970.0,68.9,32.1,11.0,9.0,1,8
2026-01-07 09:00:00,8.0,99,0.8,1007.3,100,0.0,289,244.0,249.6,2875.0,52.3,32.4,49.0,9.0,1,9
2026-01-07 10:00:00,9.5,98,0.8,1008.0,100,0.0,291,200.2,204.0,2758.0,32.5,34.4,100.0,8.0,1,10
2026-01-07 11:00:00,11.0,93,0.7,1008.1,100,0.0,292,120.1,125.7,2516.0,17.1,34.9,139.0,9.0,1,11
2026-01-07 12:00:00,14.0,80,1.2,1007.5,2,0.0,291,84.1,90.3,1991.0,8.8,31.9,156.0,11.0,1,12
2026-01-07 13:00:00,15.8,66,1.2,1006.6,0,0.0,291,65.4,72.9,1342.0,4.9,27.4,161.0,13.0,1,13
2026-01-07 14:00:00,16.7,57,0.7,1005.9,0,0.0,290,56.5,64.3,945.0,5.2,23.9,158.0,14.0,1,14
2026-01-07 15:00:00,17.1,52,1.2,1005.6,0,0.0,290,50.8,58.2,986.0,10.2,22.3,147.0,14.0,1,15
2026-01-07 16:00:00,16.9,51,1.5,1005.4,0,0.0,289,53.1,60.1,1280.0,19.5,21.9,129.0,12.0,1,16
2026-01-07 17:00:00,15.1,65,2.0,1005.2,0,0.0,289,107.8,115.0,1649.0,31.4,21.9,108.0,13.0,1,17
2026-01-07 18:00:00,13.9,65,2.6,1005.4,0,0.0,289,153.2,160.2,2071.0,45.2,23.9,84.0,13.0,1,18
2026-01-07 19:00:00,13.2,68,2.3,1005.8,0,0.0,290,204.9,211.9,2567.0,64.4,26.9,51.0,12.0,1,19
2026-01-07 20:00:00,13.1,65,2.5,1006.1,0,0.0,291,247.7,258.9,3025.0,80.3,30.5,24.0,12.0,1,20
2026-01-07 21:00:00,12.0,73,2.9,1006.1,0,0.0,292,280.3,294.3,3460.0,90.5,35.7,11.0,13.0,1,21
2026-01-07 22:00:00,10.8,80,2.4,1005.9,0,0.0,293,319.4,332.5,3856.0,97.5,41.5,5.0,14.0,1,22
2026-01-07 23:00:00,9.8,82,1.0,1006.2,0,0.0,294,346.5,359.5,4056.0,100.0,44.2,2.0,14.0,1,23
2026-01-08 00:00:00,9.2,85,2.6,1005.9,0,0.0,296,336.2,347.4,3929.0,95.9,41.1,0.0,12.0,1,0
2026-01-08 01:00:00,8.8,85,4.7,1005.7,0,0.0,296,294.3,301.7,3605.0,87.3,34.9,1.0,10.0,1,1
2026-01-08 02:00:00,8.0,87,5.5,1005.5,0,0.0,295,242.1,249.6,3314.0,79.4,30.5,1.0,8.0,1,2
2026-01-08 03:00:00,7.5,88,6.6,1005.6,0,0.0,292,217.0,224.0,3099.0,74.2,29.8,0.0,7.0,1,3
2026-01-08 04:00:00,7.2,91,4.8,1005.3,0,0.0,288,204.9,211.4,2917.0,69.8,30.9,0.0,6.0,1,4
2026-01-08 05:00:00,6.9,94,4.7,1005.1,0,0.0,286,326.0,337.1,2867.0,83.7,43.0,0.0,13.0,1,5
2026-01-08 06:00:00,6.8,95,6.6,1005.4,0,0.0,285,328.8,339.0,3123.0,80.3,42.1,0.0,12.0,1,6
2026-01-08 07:00:00,6.5,95,6.7,1006.1,0,0.0,286,340.9,351.1,3510.0,75.0,40.7,0.0,12.0,1,7
2026-01-08 08:00:00,6.5,96,5.9,1006.4,0,0.0,288,332.5,341.8,3610.0,66.0,38.2,7.0,11.0,1,8
2026-01-08 09:00:00,8.5,92,3.6,1007.0,0,0.0,289,242.1,248.7,3147.0,50.1,32.8,44.0,10.0,1,9
2026-01-08 10:00:00,11.7,82,1.9,1007.7,0,0.0,289,175.6,180.7,2395.0,30.6,26.4,93.0,10.0,1,10
2026-01-08 11:00:00,13.9,71,3.6,1007.9,0,0.0,288,123.4,128.1,1760.0,15.9,23.5,130.0,9.0,1,11
2026-01-08 12:00:00,15.4,64,4.2,1007.0,0,0.0,288,89.2,93.6,1346.0,9.5,28.0,143.0,8.0,1,12
2026-01-08 13:00:00,16.5,58,3.9,1005.9,0,0.0,289,67.5,71.2,1050.0,7.8,36.1,144.0,7.0,1,13
2026-01-08 14:00:00,17.2,53,2.4,1005.0,0,0.0,289,56.9,60.3,960.0,9.2,41.1,138.0,6.0,1,14
2026-01-08 15:00:00,17.3,52,1.4,1004.3,0,0.0,289,53.1,56.2,1137.0,13.1,39.3,126.0,5.0,1,15
2026-01-08 16:00:00,17.1,52,1.1,1004.0,0,0.0,289,62.6,65.2,1520.0,20.0,34.5,107.0,4.0,1,16
2026-01-08 17:00:00,15.0,68,2.1,1003.8,0,0.0,289,98.3,102.2,2026.0,29.5,36.2,86.0,7.0,1,17
2026-01-08 18:00:00,13.8,70,3.2,1004.0,0,0.0,289,130.9,134.6,2825.0,37.7,35.8,72.0,7.0,1,18
2026-01-08 19:00:00,12.5,76,5.2,1004.5,0,0.0,288,170.4,174.6,3745.0,48.9,35.3,53.0,7.0,1,19
2026-01-08 20:00:00,11.2,81,6.9,1004.6,0,0.0,286,210.9,215.6,4188.0,57.0,34.7,38.0,7.0,1,20
2026-01-08 21:00:00,10.3,84,8.0,1004.9,0,0.0,285,241.2,249.6,3710.0,58.7,34.2,31.0,7.0,1,21
2026-01-08 22:00:00,9.7,86,8.0,1004.5,0,0.0,283,258.9,270.1,2755.0,57.4,33.7,29.0,8.0,1,22
2026-01-08 23:00:00,9.4,87,8.0,1004.7,0,0.0,281,266.4,278.5,2056.0,56.5,33.2,26.0,8.0,1,23
2026-01-09 00:00:00,8.8,90,8.3,1004.1,0,0.0,277,261.7,272.9,1955.0,58.0,33.0,21.0,8.0,1,0
2026-01-09 01:00:00,8.1,92,7.6,1003.8,0,0.0,274,258.9,270.1,2110.0,60.0,32.8,15.0,8.0,1,1
2026-01-09 02:00:00,7.6,93,7.1,1003.8,0,0.0,273,258.9,269.2,2225.0,60.7,32.2,11.0,8.0,1,2
2026-01-09 03:00:00,7.1,95,7.6,1003.8,0,0.0,274,258.9,269.2,2174.0,59.2,30.8,8.0,8.0,1,3
2026-01-09 04:00:00,6.6,97,7.9,1003.5,0,0.0,275,258.9,268.2,2083.0,56.6,29.0,7.0,8.0,1,4
2026-01-09 05:00:00,6.7,98,8.2,1003.6,20,0.0,278,250.5,260.8,2036.0,42.7,23.6,16.0,9.0,1,5
2026-01-09 06:00:00,6.6,100,8.4,1003.5,16,0.0,274,237.0,247.7,2106.0,44.4,23.9,13.0,9.0,1,6
2026-01-09 07:00:00,6.0,100,7.4,1004.4,100,0.0,271,240.3,250.5,2220.0,46.3,24.2,10.0,8.0,1,7
2026-01-09 08:00:00,6.2,100,7.0,1004.8,100,0.0,266,258.0,268.2,2236.0,44.2,23.6,19.0,8.0,1,8
2026-01-09 09:00:00,7.6,98,6.9,1006.0,100,0.0,263,216.5,223.1,2074.0,34.5,21.1,51.0,8.0,1,9
2026-01-09 10:00:00,8.1,99,3.8,1007.0,100,0.0,262,184.9,187.7,1815.0,20.8,17.8,96.0,7.0,1,10
2026-01-09 11:00:00,9.7,93,2.8,1007.9,50,0.0,263,136.9,140.6,1561.0,10.1,15.8,130.0,7.0,1,11
2026-01-09 12:00:00,12.3,80,3.1,1007.3,2,0.0,263,104.8,109.4,1309.0,4.7,16.6,147.0,7.0,1,12
2026-01-09 13:00:00,13.9,70,2.7,1006.6,1,0.0,264,89.9,94.1,1062.0,2.3,18.7,154.0,7.0,1,13
2026-01-09 14:00:00,14.8,65,3.7,1005.9,1,0.0,265,76.4,80.1,937.0,2.7,19.7,153.0,7.0,1,14
2026-01-09 15:00:00,15.1,64,5.0,1005.0,0,0.0,266,69.8,73.3,996.0,6.5,18.1,141.0,6.0,1,15
2026-01-09 16:00:00,14.9,63,5.3,1005.1,0,0.0,266,74.0,77.1,1176.0,13.1,15.5,122.0,5.0,1,16
2026-01-09 17:00:00,13.8,69,6.3,1004.9,0,0.0,267,99.2,101.7,1403.0,18.1,13.8,113.0,4.0,1,17
2026-01-09 18:00:00,12.2,77,8.2,1005.0,0,0.0,267,127.1,129.5,1675.0,23.0,14.8,101.0,4.0,1,18
2026-01-09 19:00:00,11.4,79,8.7,1005.3,0,0.0,267,144.8,147.1,1993.0,29.9,16.3,84.0,4.0,1,19
2026-01-09 20:00:00,10.8,81,7.5,1005.3,0,0.0,266,162.5,164.8,2288.0,35.9,18.1,69.0,4.0,1,20
2026-01-09 21:00:00,9.8,85,6.9,1005.3,0,0.0,264,183.9,186.3,2534.0,40.1,20.6,59.0,4.0,1,21
2026-01-09 22:00:00,9.1,88,6.2,1005.4,0,0.0,261,210.5,213.3,2758.0,43.3,23.4,50.0,4.0,1,22
2026-01-09 23:00:00,7.8,92,2.9,1005.4,0,0.0,259,231.0,236.6,2963.0,45.3,25.3,43.0,4.0,1,23
2026-01-10 00:00:00,7.5,94,0.4,1005.1,0,0.0,258,234.2,242.1,3179.0,45.4,25.6,37.0,4.0,1,0
2026-01-10 01:00:00,6.8,98,0.5,1004.6,0,0.0,256,234.7,244.0,3377.0,44.3,24.9,33.0,4.0,1,1
2026-01-10 02:00:00,6.6,99,2.3,1004.5,0,0.0,255,237.5,247.7,3478.0,43.8,24.4,28.0,4.0,1,2
2026-01-10 03:00:00,5.7,100,1.8,1004.5,98,0.0,255,239.3,250.5,3412.0,45.0,25.1,23.0,4.0,1,3
2026-01-10 04:00:00,4.8,100,2.6,1003.8,100,0.0,254,241.2,251.5,3250.0,46.8,26.0,18.0,5.0,1,4
2026-01-10 05:00:00,4.2,100,3.9,1004.0,100,0.0,253,291.5,301.7,3123.0,62.3,30.7,8.0,6.0,1,5
2026-01-10 06:00:00,3.8,100,3.2,1004.0,100,0.0,255,283.1,292.4,3100.0,62.2,28.7,4.0,6.0,1,6
2026-01-10 07:00:00,3.9,100,3.3,1004.5,100,0.0,257,295.2,304.5,3111.0,61.4,26.0,1.0,5.0,1,7
2026-01-10 08:00:00,4.4,99,3.1,1004.6,100,0.0,259,335.3,343.7,3082.0,56.3,23.5,13.0,5.0,1,8
2026-01-10 09:00:00,5.4,96,2.9,1005.5,100,0.0,262,299.9,301.7,3000.0,42.9,20.7,54.0,5.0,1,9
2026-01-10 10:00:00,7.1,96,1.5,1006.0,100,0.0,266,231.0,232.8,2877.0,25.3,18.2,110.0,5.0,1,10
2026-01-10 11:00:00,8.6,92,2.0,1006.5,31,0.0,268,162.1,164.8,2671.0,12.0,18.6,153.0,5.0,1,11
2026-01-10 12:00:00,11.1,81,1.5,1005.8,0,0.0,269,121.1,123.9,2271.0,6.1,24.6,173.0,5.0,1,12
2026-01-10 13:00:00,13.0,73,1.6,1004.8,0,0.0,269,99.4,102.0,1789.0,4.5,33.5,181.0,4.0,1,13
2026-01-10 14:00:00,14.1,68,1.9,1004.1,0,0.0,270,85.7,88.0,1519.0,6.7,39.5,179.0,4.0,1,14
2026-01-10 15:00:00,14.6,66,1.6,1003.6,0,0.0,270,78.5,80.6,1585.0,13.4,39.4,167.0,4.0,1,15
2026-01-10 16:00:00,14.5,66,1.3,1003.6,0,0.0,270,86.6,88.5,1862.0,23.9,36.4,145.0,3.0,1,16
2026-01-10 17:00:00,12.8,78,2.4,1003.5,0,0.0,271,138.3,141.1,2274.0,32.1,39.1,135.0,5.0,1,17
2026-01-10 18:00:00,11.4,81,2.7,1003.9,0,0.0,273,184.4,187.2,2907.0,45.6,41.9,109.0,5.0,1,18
2026-01-10 19:00:00,10.5,83,2.2,1004.6,0,0.0,275,244.0,246.8,3675.0,64.5,45.8,74.0,5.0,1,19
2026-01-10 20:00:00,9.6,86,2.5,1004.7,0,0.0,279,304.5,307.3,4240.0,80.1,49.4,44.0,5.0,1,20
2026-01-10 21:00:00,8.4,92,1.7,1005.3,0,0.0,285,350.2,358.6,4459.0,89.9,52.7,26.0,5.0,1,21
2026-01-10 22:00:00,7.6,94,1.4,1005.8,0,0.0,292,386.5,401.4,4476.0,96.5,55.7,13.0,5.0,1,22
2026-01-10 23:00:00,6.7,97,1.5,1005.7,0,0.0,299,415.4,430.3,4381.0,99.2,56.3,5.0,5.0,1,23
2026-01-11 00:00:00,6.1,99,2.1,1005.7,0,0.0,307,426.5,439.6,4155.0,96.9,53.2,1.0,5.0,1,0
2026-01-11 01:00:00,5.8,99,4.8,1005.3,0,0.0,315,419.1,430.3,3817.0,90.6,47.7,1.0,5.0,1,1
2026-01-11 02:00:00,4.6,100,5.6,1005.3,100,0.0,323,387.4,396.7,3524.0,83.0,42.5,3.0,5.0,1,2
2026-01-11 03:00:00,3.8,100,5.8,1005.3,100,0.0,329,343.7,353.0,3331.0,73.3,37.7,6.0,5.0,1,3
2026-01-11 04:00:00,3.5,100,7.2,1005.2,100,0.0,333,312.0,321.3,3182.0,62.3,33.1,11.0,5.0,1,4
2026-01-11 05:00:00,4.0,99,5.6,1005.5,98,0.0,336,252.4,258.9,3063.0,40.4,22.6,24.0,5.0,1,5
2026-01-11 06:00:00,3.5,100,1.5,1006.2,99,0.0,335,238.4,244.0,2981.0,45.2,24.5,20.0,5.0,1,6
2026-01-11 07:00:00,3.1,100,1.4,1006.5,100,0.0,333,254.3,259.8,2928.0,51.3,27.1,17.0,5.0,1,7
2026-01-11 08:00:00,3.9,100,2.2,1006.9,100,0.0,331,287.8,298.0,2871.0,51.9,28.2,27.0,5.0,1,8
2026-01-11 09:00:00,5.3,98,1.7,1007.9,100,0.0,329,311.1,318.5,2841.0,42.0,26.1,63.0,5.0,1,9
2026-01-11 10:00:00,8.2,96,0.6,1008.6,100,0.0,330,234.2,239.3,2806.0,26.6,22.6,113.0,4.0,1,10
2026-01-11 11:00:00,10.3,84,1.5,1009.4,52,0.0,330,172.3,174.2,2637.0,14.3,20.7,153.0,4.0,1,11
2026-01-11 12:00:00,12.7,72,1.0,1008.5,23,0.0,330,133.6,135.5,2161.0,8.0,22.7,174.0,4.0,1,12
2026-01-11 13:00:00,14.3,58,1.9,1007.5,95,0.0,331,108.3,110.6,1550.0,4.8,26.3,185.0,4.0,1,13
2026-01-11 14:00:00,15.1,54,1.9,1006.6,100,0.0,331,92.9,95.2,1189.0,4.7,28.0,185.0,4.0,1,14
2026-01-11 15:00:00,15.4,53,2.3,1006.0,100,0.0,331,85.9,88.2,1279.0,8.1,25.2,171.0,4.0,1,15
2026-01-11 16:00:00,15.2,55,2.4,1005.7,67,0.0,332,88.9,90.8,1619.0,14.5,20.5,146.0,3.0,1,16
2026-01-11 17:00:00,14.0,69,2.4,1005.3,92,0.0,332,113.6,115.5,1984.0,22.8,18.0,121.0,3.0,1,17
2026-01-11 18:00:00,12.4,73,5.5,1005.1,81,0.0,331,149.9,151.8,2331.0,33.9,19.8,99.0,3.0,1,18
2026-01-11 19:00:00,11.0,81,2.6,1005.5,72,0.0,329,192.8,194.6,2704.0,46.8,23.8,76.0,4.0,1,19
2026-01-11 20:00:00,9.9,84,1.5,1005.3,100,0.0,327,237.0,240.3,3011.0,57.7,27.6,57.0,4.0,1,20
2026-01-11 21:00:00,9.5,83,4.3,1005.3,94,0.0,324,274.7,284.1,3279.0,66.7,31.2,40.0,4.0,1,21
2026-01-11 22:00:00,8.4,87,6.6,1005.2,5,0.0,321,312.0,324.1,3481.0,73.6,34.7,26.0,4.0,1,22
2026-01-11 23:00:00,7.4,87,8.3,1005.3,100,0.0,318,326.9,337.1,3451.0,74.4,35.4,19.0,4.0,1,23
2026-01-12 00:00:00,7.1,86,9.9,1004.8,34,0.0,314,276.6,284.1,2985.0,64.4,31.1,25.0,4.0,1,0
2026-01-12 01:00:00,6.6,85,9.2,1004.2,99,0.0,308,227.2,233.3,2287.0,48.1,24.1,38.0,3.0,1,1
2026-01-12 02:00:00,6.3,86,8.2,1004.2,83,0.0,300,209.1,213.3,1797.0,35.2,18.8,48.0,3.0,1,2
2026-01-12 03:00:00,6.0,87,7.4,1003.8,56,0.0,293,202.6,204.9,1719.0,29.4,17.1,50.0,3.0,1,3
2026-01-12 04:00:00,5.6,90,8.2,1003.2,90,0.0,287,197.9,199.8,1850.0,27.0,17.0,49.0,3.0,1,4
2026-01-12 05:00:00,5.2,91,7.9,1003.1,74,0.0,282,165.8,167.6,2022.0,21.1,12.7,46.0,3.0,1,5
2026-01-12 06:00:00,4.8,92,8.2,1003.4,93,0.0,278,161.1,162.5,2251.0,24.0,13.1,41.0,3.0,1,6
2026-01-12 07:00:00,4.4,93,8.5,1003.9,90,0.0,275,162.5,163.9,2522.0,27.8,13.5,36.0,2.0,1,7
2026-01-12 08:00:00,4.6,92,8.8,1004.6,93,0.0,271,162.1,163.4,2619.0,28.6,13.6,40.0,2.0,1,8
2026-01-12 09:00:00,6.5,86,7.6,1005.5,30,0.0,266,133.6,134.6,2402.0,23.6,12.9,63.0,2.0,1,9
2026-01-12 10:00:00,9.3,76,4.3,1006.2,43,0.0,259,113.9,114.8,2010.0,15.5,11.8,96.0,2.0,1,10
2026-01-12 11:00:00,12.0,66,4.1,1006.6,0,0.0,254,91.3,92.4,1651.0,9.1,11.2,123.0,2.0,1,11
2026-01-12 12:00:00,13.6,61,3.8,1005.6,0,0.0,250,74.7,76.4,1358.0,5.6,11.7,142.0,2.0,1,12
2026-01-12 13:00:00,15.0,55,4.4,1004.4,0,0.0,248,67.8,69.4,1097.0,3.7,12.6,155.0,3.0,1,13
2026-01-12 14:00:00,15.9,50,3.9,1003.7,90,0.0,246,64.5,66.1,973.0,4.1,12.8,158.0,3.0,1,14
2026-01-12 15:00:00,16.3,47,3.1,1003.5,95,0.0,245,62.2,63.8,1061.0,7.8,11.4,145.0,3.0,1,15
2026-01-12 16:00:00,15.9,49,4.3,1003.3,97,0.0,244,63.6,65.0,1285.0,13.8,9.3,121.0,2.0,1,16
2026-01-12 17:00:00,14.6,61,7.8,1003.2,91,0.0,243,82.2,83.6,1526.0,17.5,8.4,99.0,2.0,1,17
2026-01-12 18:00:00,13.0,67,8.4,1003.8,100,0.0,242,113.9,115.0,1746.0,22.1,9.2,87.0,2.0,1,18
2026-01-12 19:00:00,11.9,72,8.0,1004.7,100,0.0,240,137.8,139.2,1982.0,28.3,10.4,70.0,2.0,1,19
2026-01-12 20:00:00,11.2,75,7.4,1005.1,100,0.0,238,146.7,148.5,2227.0,32.8,11.8,58.0,2.0,1,20
2026-01-12 21:00:00,10.2,80,8.6,1005.6,100,0.0,234,158.8,161.6,2503.0,33.7,13.5,54.0,2.0,1,21
2026-01-12 22:00:00,9.6,81,8.3,1005.9,100,0.0,229,170.4,175.1,2789.0,32.9,15.4,54.0,1.0,1,22
2026-01-12 23:00:00,8.7,82,6.1,1005.9,95,0.0,223,181.1,186.7,3013.0,32.2,16.9,54.0,1.0,1,23
2026-01-13 00:00:00,8.2,84,4.5,1005.8,78,0.0,217,182.5,188.1,3150.0,32.1,17.7,52.0,1.0,1,0
2026-01-13 01:00:00,7.4,87,2.7,1005.7,89,0.0,213,185.8,191.4,3226.0,32.0,18.1,49.0,1.0,1,1
2026-01-13 02:00:00,6.7,90,4.5,1005.6,88,0.0,212,192.8,199.3,3241.0,32.4,18.3,44.0,1.0,1,2
2026-01-13 03:00:00,6.2,90,7.4,1005.6,91,0.0,211,205.4,211.4,3141.0,33.3,18.0,36.0,1.0,1,3
2026-01-13 04:00:00,6.0,90,7.9,1005.3,95,0.0,211,216.1,221.7,2981.0,34.6,17.5,28.0,1.0,1,4
2026-01-13 05:00:00,5.7,91,8.1,1005.1,95,0.0,212,149.9,151.3,2927.0,17.2,14.4,49.0,0.0,1,5
2026-01-13 06:00:00,5.3,93,7.8,1005.2,85,0.0,211,154.6,155.5,3151.0,24.8,17.1,38.0,0.0,1,6
2026-01-13 07:00:00,4.8,94,7.3,1005.7,80,0.0,211,175.1,178.8,3481.0,34.9,20.9,24.0,0.0,1,7
2026-01-13 08:00:00,4.7,95,6.4,1006.2,88,0.0,211,211.9,217.9,3574.0,39.4,23.8,26.0,0.0,1,8
2026-01-13 09:00:00,6.6,90,3.0,1007.1,35,0.0,214,202.6,206.8,3210.0,32.8,25.3,59.0,0.0,1,9
2026-01-13 10:00:00,9.7,81,0.6,1007.7,12,0.0,216,170.9,174.6,2608.0,20.6,26.1,107.0,0.0,1,10
2026-01-13 11:00:00,12.5,67,0.7,1007.6,41,0.0,219,121.1,121.1,2079.0,10.8,26.0,146.0,0.0,1,11
2026-01-13 12:00:00,14.3,58,1.0,1006.7,56,0.0,220,95.7,95.9,1686.0,6.0,24.6,166.0,0.0,1,12
2026-01-13 13:00:00,15.5,52,0.6,1005.3,77,0.0,221,80.6,80.8,1367.0,3.6,22.3,175.0,0.0,1,13
2026-01-13 14:00:00,16.4,47,1.0,1004.3,70,0.0,221,73.3,73.6,1246.0,4.3,20.6,176.0,0.0,1,14
2026-01-13 15:00:00,16.7,45,1.7,1003.5,78,0.0,222,69.2,69.6,1420.0,8.6,19.6,166.0,0.0,1,15
2026-01-13 16:00:00,16.5,46,1.9,1002.9,63,0.0,222,71.0,71.2,1792.0,15.9,19.1,148.0,0.0,1,16
2026-01-13 17:00:00,15.3,63,1.9,1002.1,0,0.0,222,114.3,114.6,2201.0,23.5,18.9,119.0,0.0,1,17
2026-01-13 18:00:00,14.2,62,4.0,1002.1,0,0.0,224,151.8,151.8,2665.0,32.5,21.3,99.0,0.0,1,18
2026-01-13 19:00:00,12.7,67,5.2,1002.4,0,0.0,225,192.8,193.2,3165.0,45.2,24.6,72.0,0.0,1,19
2026-01-13 20:00:00,11.7,69,5.2,1002.3,0,0.0,228,234.2,236.6,3482.0,55.9,27.6,49.0,0.0,1,20
2026-01-13 21:00:00,10.7,73,5.1,1002.3,0,0.0,231,265.4,272.9,3501.0,64.2,30.5,33.0,0.0,1,21
2026-01-13 22:00:00,9.6,78,6.2,1002.1,0,0.0,236,292.4,300.8,3338.0,70.6,33.0,21.0,1.0,1,22
2026-01-13 23:00:00,9.0,80,8.4,1001.9,0,0.0,241,301.7,309.2,3121.0,71.0,33.5,16.0,1.0,1,23
2026-01-14 00:00:00,8.9,79,8.6,1001.5,0,0.0,246,265.4,271.0,2852.0,61.2,30.3,24.0,1.0,1,0
2026-01-14 01:00:00,8.4,79,8.6,1000.7,0,0.0,249,216.5,222.1,2530.0,45.4,24.9,39.0,0.0,1,1
2026-01-14 02:00:00,7.9,80,8.1,1000.6,0,0.0,251,189.1,191.4,2271.0,32.6,20.7,51.0,0.0,1,2
2026-01-14 03:00:00,7.5,81,7.8,1000.3,0,0.0,250,175.6,176.0,2107.0,25.7,18.7,56.0,0.0,1,3
2026-01-14 04:00:00,6.8,84,8.0,999.8,0,0.0,249,166.7,166.7,2007.0,21.8,17.8,58.0,0.0,1,4
2026-01-14 05:00:00,6.0,85,8.4,999.8,0,0.0,247,208.2,213.7,1999.0,33.1,22.9,37.0,0.0,1,5
2026-01-14 06:00:00,5.6,85,8.7,1000.0,0,0.0,250,208.2,214.2,2171.0,36.7,23.6,32.0,0.0,1,6
2026-01-14 07:00:00,5.4,86,9.0,1000.4,0,0.0,252,218.4,224.0,2435.0,41.1,24.4,27.0,0.0,1,7
2026-01-14 08:00:00,5.7,85,9.1,1000.8,0,0.0,254,223.1,228.6,2556.0,41.3,24.3,34.0,0.0,1,8
2026-01-14 09:00:00,7.8,79,6.5,1001.7,0,0.0,254,183.0,186.3,2415.0,33.1,22.0,66.0,0.0,1,9
2026-01-14 10:00:00,10.6,71,4.0,1002.5,0,0.0,253,160.7,161.1,2132.0,20.7,18.8,110.0,0.0,1,10
2026-01-14 11:00:00,13.9,62,4.5,1002.3,0,0.0,253,125.7,126.2,1831.0,11.0,17.6,146.0,0.0,1,11
2026-01-14 12:00:00,16.0,54,5.2,1001.4,0,0.0,253,102.2,102.4,1498.0,6.7,20.9,167.0,0.0,1,12
2026-01-14 13:00:00,17.6,48,4.8,1000.1,0,0.0,253,88.9,89.2,1147.0,5.2,26.2,180.0,1.0,1,13
2026-01-14 14:00:00,18.7,45,4.7,999.1,0,0.0,254,81.3,81.5,950.0,5.9,29.3,182.0,1.0,1,14
2026-01-14 15:00:00,19.3,44,5.3,998.5,0,0.0,254,78.0,78.2,1025.0,9.0,27.4,167.0,1.0,1,15
2026-01-14 16:00:00,19.1,48,4.2,998.5,0,0.0,254,81.3,81.5,1252.0,14.2,23.3,141.0,0.0,1,16
2026-01-14 17:00:00,17.7,58,8.4,998.3,0,0.0,255,66.1,66.4,1450.0,16.5,17.3,105.0,0.0,1,17
2026-01-14 18:00:00,15.6,64,11.5,998.6,0,0.0,253,89.6,89.9,1551.0,20.7,18.1,93.0,0.0,1,18
2026-01-14 19:00:00,14.7,67,10.4,999.0,3,0.0,250,105.0,105.2,1622.0,26.5,19.2,76.0,0.0,1,19
2026-01-14 20:00:00,13.8,70,9.3,999.7,20,0.0,246,114.3,115.3,1676.0,31.6,20.5,62.0,0.0,1,20
2026-01-14 21:00:00,12.8,74,9.6,1000.0,30,0.0,241,128.5,131.3,1715.0,35.8,22.5,52.0,0.0,1,21
2026-01-14 22:00:00,11.8,78,9.7,1000.0,12,0.0,236,147.6,151.3,1737.0,39.3,24.7,44.0,0.0,1,22
2026-01-14 23:00:00,11.2,79,10.3,1000.0,19,0.0,230,154.6,158.8,1749.0,40.1,25.6,39.0,0.0,1,23
2026-01-15 00:00:00,10.9,81,9.8,999.9,20,0.0,224,141.1,145.3,1743.0,36.3,24.0,38.0,0.0,1,0
2026-01-15 01:00:00,10.4,82,9.5,999.3,59,0.0,218,122.0,125.7,1727.0,29.7,21.0,41.0,0.0,1,1
2026-01-15 02:00:00,9.9,82,8.7,999.2,39,0.0,214,109.0,111.1,1726.0,24.1,18.6,43.0,0.0,1,2
2026-01-15 03:00:00,9.6,83,7.3,999.5,57,0.0,211,97.8,98.7,1735.0,19.9,17.1,45.0,0.0,1,3
2026-01-15 04:00:00,9.2,85,4.5,999.5,29,0.0,208,88.9,89.2,1759.0,16.6,16.2,48.0,0.0,1,4
2026-01-15 05:00:00,8.8,85,3.9,999.8,95,0.0,205,38.9,39.0,1845.0,8.2,10.7,66.0,0.0,1,5
2026-01-15 06:00:00,8.3,88,4.8,1000.1,99,0.0,198,44.5,44.6,2099.0,15.1,12.4,57.0,0.0,1,6
2026-01-15 07:00:00,7.7,89,6.6,1000.5,91,0.0,193,64.5,64.7,2416.0,24.4,14.6,47.0,0.0,1,7
2026-01-15 08:00:00,7.7,88,6.5,1000.8,60,0.0,189,95.7,98.3,2520.0,29.1,15.9,45.0,0.0,1,8
2026-01-15 09:00:00,9.6,81,3.6,1001.7,13,0.0,185,101.3,103.4,2217.0,24.9,14.8,60.0,0.0,1,9
2026-01-15 10:00:00,12.3,71,1.0,1002.5,20,0.0,183,73.6,75.0,1703.0,16.2,12.8,85.0,1.0,1,10
2026-01-15 11:00:00,14.5,62,1.4,1002.6,6,0.0,180,60.8,61.2,1290.0,9.3,12.2,108.0,1.0,1,11
2026-01-15 12:00:00,16.3,58,1.5,1001.9,18,0.0,178,56.6,57.0,1087.0,6.1,14.9,128.0,1.0,1,12
2026-01-15 13:00:00,17.5,55,0.8,1000.9,66,0.0,177,55.8,56.5,986.0,4.6,19.1,146.0,2.0,1,13
2026-01-15 14:00:00,18.3,54,0.5,1000.0,69,0.0,176,56.0,57.0,972.0,5.8,22.0,154.0,2.0,1,14
2026-01-15 15:00:00,18.6,54,1.0,999.5,67,0.0,175,56.6,58.0,998.0,9.7,22.0,146.0,2.0,1,15
2026-01-15 16:00:00,18.6,55,2.3,999.4,83,0.0,174,59.0,60.5,1112.0,16.3,20.6,129.0,2.0,1,16
2026-01-15 17:00:00,17.9,66,3.5,998.6,70,0.0,174,103.4,105.0,1440.0,28.8,19.4,112.0,3.0,1,17
2026-01-15 18:00:00,16.1,77,5.4,998.8,89,0.0,175,146.7,148.1,2184.0,46.2,22.6,84.0,3.0,1,18
2026-01-15 19:00:00,15.0,81,4.3,999.5,39,0.0,176,190.5,195.1,3143.0,70.1,27.1,46.0,2.0,1,19
2026-01-15 20:00:00,14.4,82,3.9,999.8,66,0.0,179,233.3,239.3,3838.0,87.1,30.7,17.0,2.0,1,20
2026-01-15 21:00:00,13.5,84,5.1,1000.0,88,0.0,183,278.5,284.1,4049.0,91.7,33.1,5.0,2.0,1,21
2026-01-15 22:00:00,12.5,86,6.7,1000.2,100,0.0,187,304.5,309.2,3997.0,89.3,34.6,2.0,1.0,1,22
2026-01-15 23:00:00,11.8,88,5.7,1000.0,100,0.0,192,294.3,299.0,3869.0,83.0,33.8,3.0,1.0,1,23
2026-01-16 00:00:00,11.4,90,5.7,999.5,100,0.0,196,244.9,249.6,3672.0,71.5,29.0,8.0,1.0,1,0
2026-01-16 01:00:00,10.9,91,5.2,999.0,100,0.0,199,204.4,209.1,3398.0,56.2,22.0,17.0,1.0,1,1
2026-01-16 02:00:00,10.4,93,4.4,998.9,100,0.0,202,183.5,187.2,3212.0,43.8,16.8,24.0,1.0,1,2
2026-01-16 03:00:00,9.7,95,4.2,998.7,100,0.0,205,177.0,179.3,3140.0,36.4,14.8,26.0,1.0,1,3
2026-01-16 04:00:00,9.3,96,4.0,998.4,100,0.0,208,177.9,179.7,3155.0,32.0,14.5,25.0,1.0,1,4
2026-01-16 05:00:00,8.8,97,1.8,998.1,100,0.0,212,236.1,240.3,3348.0,59.8,23.7,2.0,1.0,1,5
2026-01-16 06:00:00,9.1,97,1.5,998.4,100,0.0,220,233.3,238.0,3947.0,58.6,25.6,0.0,1.0,1,6
2026-01-16 07:00:00,8.9,98,0.0,998.8,99,0.0,228,247.7,252.4,4722.0,56.6,28.1,0.0,2.0,1,7
2026-01-16 08:00:00,9.0,97,2.4,999.6,100,0.0,236,274.7,279.4,5075.0,52.5,28.9,6.0,2.0,1,8
2026-01-16 09:00:00,10.5,92,1.0,1000.0,100,0.0,243,229.1,231.9,4640.0,44.7,26.0,31.0,2.0,1,9
2026-01-16 10:00:00,13.1,83,0.9,1000.3,100,0.0,249,183.9,188.1,3781.0,34.7,21.3,67.0,1.0,1,10
2026-01-16 11:00:00,15.6,73,1.0,1000.6,100,0.0,253,139.7,145.3,2995.0,25.9,18.6,100.0,1.0,1,11
2026-01-16 12:00:00,17.2,67,0.6,999.7,100,0.0,256,112.7,115.3,2412.0,18.8,20.5,132.0,1.0,1,12
2026-01-16 13:00:00,18.5,62,1.2,998.7,100,0.0,259,102.4,103.8,1900.0,12.9,24.3,162.0,2.0,1,13
2026-01-16 14:00:00,19.3,59,1.0,997.4,100,0.0,261,89.9,91.3,1562.0,9.7,25.9,177.0,2.0,1,14
2026-01-16 15:00:00,19.8,55,2.7,996.8,100,0.0,262,80.8,82.0,1473.0,10.3,22.7,167.0,2.0,1,15
2026-01-16 16:00:00,19.8,52,4.0,996.5,65,0.0,263,75.0,75.7,1558.0,13.6,17.3,142.0,1.0,1,16
2026-01-16 17:00:00,18.7,59,7.2,996.1,100,0.0,264,87.3,89.2,1692.0,17.3,9.3,90.0,2.0,1,17
2026-01-16 18:00:00,16.8,66,8.6,996.4,98,0.0,263,99.7,101.5,1855.0,19.4,9.7,80.0,2.0,1,18
2026-01-16 19:00:00,15.6,71,8.5,997.0,98,0.0,261,106.2,108.0,2068.0,22.4,10.3,65.0,1.0,1,19
2026-01-16 20:00:00,14.4,77,7.6,997.3,100,0.0,258,115.3,117.3,2268.0,25.8,11.4,52.0,1.0,1,20
2026-01-16 21:00:00,13.5,82,7.8,997.7,95,0.0,253,127.6,130.9,2456.0,30.0,13.5,43.0,1.0,1,21
2026-01-16 22:00:00,12.9,84,7.5,997.8,96,0.0,246,145.8,150.9,2631.0,34.4,16.0,35.0,1.0,1,22
2026-01-16 23:00:00,12.6,85,6.3,997.7,66,0.0,240,168.6,173.2,2734.0,37.2,17.4,29.0,1.0,1,23
2026-01-17 00:00:00,11.9,88,6.3,997.5,1,0.0,235,183.0,187.2,2734.0,37.2,16.6,24.0,1.0,1,0
2026-01-17 01:00:00,11.1,90,6.9,997.3,0,0.0,232,174.6,178.3,2661.0,35.4,14.6,20.0,1.0,1,1
2026-01-17 02:00:00,10.3,93,7.0,997.2,0,0.0,231,158.3,162.1,2549.0,33.1,13.0,17.0,1.0,1,2
2026-01-17 03:00:00,9.6,96,8.8,997.3,0,0.0,230,147.1,150.4,2361.0,30.0,12.3,17.0,1.0,1,3
2026-01-17 04:00:00,9.1,97,9.6,997.5,0,0.0,229,143.0,145.8,2134.0,26.3,12.1,18.0,0.0,1,4
2026-01-17 05:00:00,8.8,97,9.7,997.5,49,0.0,227,137.8,142.5,2010.0,26.2,13.2,19.0,1.0,1,5
2026-01-17 06:00:00,8.6,97,9.4,997.8,53,0.0,223,136.0,139.2,2100.0,26.4,13.5,16.0,1.0,1,6
2026-01-17 07:00:00,8.4,98,9.0,998.5,52,0.0,219,143.0,145.8,2293.0,26.4,13.8,12.0,0.0,1,7
2026-01-17 08:00:00,8.6,97,8.8,999.2,77,0.0,215,150.9,153.2,2405.0,25.2,14.4,19.0,0.0,1,8
2026-01-17 09:00:00,9.9,92,6.7,999.9,91,0.0,209,151.8,153.7,2359.0,21.6,15.2,44.0,0.0,1,9
2026-01-17 10:00:00,12.3,83,5.5,1000.5,26,0.0,206,148.5,149.0,2232.0,16.8,16.1,79.0,0.0,1,10
2026-01-17 11:00:00,14.5,75,6.7,1000.6,0,0.0,205,140.2,140.6,2062.0,12.5,17.2,111.0,0.0,1,11
2026-01-17 12:00:00,16.4,68,7.0,999.8,0,0.0,205,127.1,127.1,1817.0,9.0,18.7,138.0,0.0,1,12
2026-01-17 13:00:00,18.0,62,7.8,998.9,0,0.0,205,116.9,117.1,1530.0,6.1,20.3,161.0,1.0,1,13
2026-01-17 14:00:00,18.9,58,8.3,997.7,0,0.0,206,106.9,107.3,1340.0,5.4,21.3,172.0,1.0,1,14
2026-01-17 15:00:00,19.3,55,8.3,996.8,0,0.0,207,101.3,102.0,1293.0,7.7,20.9,165.0,1.0,1,15
2026-01-17 16:00:00,19.0,57,8.4,996.5,0,0.0,207,99.9,100.4,1344.0,12.2,19.9,145.0,1.0,1,16
2026-01-17 17:00:00,18.2,65,7.7,996.3,0,0.0,209,115.0,116.2,1490.0,12.2,21.3,112.0,2.0,1,17
2026-01-17 18:00:00,16.7,72,9.5,996.3,0,0.0,210,129.5,129.9,1789.0,17.5,21.7,99.0,2.0,1,18
2026-01-17 19:00:00,15.5,78,9.8,996.4,1,0.0,211,146.2,147.1,2184.0,24.8,22.3,80.0,2.0,1,19
2026-01-17 20:00:00,14.5,82,8.9,996.6,1,0.0,213,163.9,164.8,2504.0,30.2,22.7,65.0,2.0,1,20
2026-01-17 21:00:00,13.3,87,8.8,996.8,1,0.0,215,181.1,182.1,2700.0,32.3,23.0,56.0,2.0,1,21
2026-01-17 22:00:00,12.3,91,8.1,996.7,1,0.0,217,193.7,194.6,2821.0,32.5,23.2,51.0,2.0,1,22
2026-01-17 23:00:00,11.7,92,7.5,996.9,0,0.0,219,197.0,198.4,2837.0,31.1,23.0,48.0,2.0,1,23
2026-01-18 00:00:00,11.2,93,8.2,996.8,0,0.0,220,189.5,190.5,2699.0,27.6,22.0,48.0,2.0,1,0
2026-01-18 01:00:00,10.7,94,8.9,996.4,0,0.0,220,178.3,179.3,2455.0,22.6,20.5,50.0,2.0,1,1
2026-01-18 02:00:00,10.3,94,9.6,996.1,0,0.0,220,167.6,169.0,2225.0,18.2,19.3,53.0,2.0,1,2
2026-01-18 03:00:00,10.0,95,9.8,995.7,0,0.0,221,158.3,159.3,2017.0,14.6,18.7,56.0,2.0,1,3
2026-01-18 04:00:00,9.8,94,9.4,995.4,0,0.0,221,149.0,150.4,1822.0,11.6,18.5,60.0,3.0,1,4
2026-01-18 05:00:00,9.0,95,7.8,995.2,0,0.0,222,169.0,170.4,1728.0,13.9,19.8,53.0,3.0,1,5
2026-01-18 06:00:00,8.3,97,8.0,995.5,0,0.0,223,165.3,167.2,1829.0,17.0,20.3,46.0,3.0,1,6
2026-01-18 07:00:00,8.0,97,7.9,996.2,0,0.0,224,173.7,175.6,2032.0,21.2,21.1,37.0,3.0,1,7
2026-01-18 08:00:00,8.2,97,7.6,996.9,0,0.0,225,190.5,192.3,2147.0,22.9,22.2,41.0,3.0,1,8
2026-01-18 09:00:00,10.0,91,4.6,997.7,0,0.0,227,191.4,193.2,2088.0,20.1,23.8,69.0,4.0,1,9
2026-01-18 10:00:00,12.6,81,2.4,998.4,0,0.0,229,183.5,186.3,1941.0,15.0,25.7,110.0,5.0,1,10
2026-01-18 11:00:00,15.3,70,3.1,998.3,0,0.0,230,167.6,170.9,1772.0,10.5,27.5,143.0,6.0,1,11
2026-01-18 12:00:00,17.5,61,3.6,997.6,0,0.0,231,137.4,141.1,1571.0,7.2,29.3,162.0,6.0,1,12
2026-01-18 13:00:00,19.1,53,3.8,996.7,0,0.0,232,105.5,109.0,1347.0,4.6,30.9,172.0,6.0,1,13
2026-01-18 14:00:00,20.1,48,3.8,995.8,2,0.0,231,85.9,89.2,1194.0,4.4,31.3,173.0,6.0,1,14
2026-01-18 15:00:00,20.6,45,3.9,995.2,0,0.0,230,76.8,79.9,1124.0,6.9,29.0,160.0,5.0,1,15
2026-01-18 16:00:00,20.4,45,4.3,995.0,11,0.0,229,82.2,84.5,1125.0,11.8,25.4,137.0,5.0,1,16
2026-01-18 17:00:00,19.7,54,3.8,995.1,2,0.0,229,107.6,111.3,1252.0,19.4,20.0,105.0,7.0,1,17
2026-01-18 18:00:00,18.1,61,6.1,995.3,57,0.0,228,138.3,141.6,1582.0,28.8,21.3,87.0,7.0,1,18
2026-01-18 19:00:00,16.6,68,7.6,995.9,14,0.0,229,170.4,173.7,2038.0,41.7,23.3,61.0,6.0,1,19
2026-01-18 20:00:00,15.6,72,6.9,996.4,0,0.0,230,205.8,209.1,2443.0,51.8,25.2,41.0,6.0,1,20
2026-01-18 21:00:00,14.8,75,5.8,997.0,0,0.0,231,238.4,242.1,2725.0,56.4,27.3,32.0,6.0,1,21
2026-01-18 22:00:00,13.6,85,2.2,997.2,6,0.0,234,262.6,267.3,2956.0,58.1,29.5,28.0,7.0,1,22
2026-01-18 23:00:00,12.4,87,1.3,997.2,0,0.0,237,276.6,282.2,3175.0,58.5,30.7,25.0,7.0,1,23
2026-01-19 00:00:00,12.4,87,3.0,997.2,0,0.0,240,274.7,282.2,3440.0,57.5,30.2,22.0,7.0,1,0
2026-01-19 01:00:00,11.6,90,4.5,997.0,0,0.0,244,270.1,277.5,3694.0,55.1,28.7,20.0,7.0,1,1
2026-01-19 02:00:00,11.2,89,6.5,996.9,0,0.0,247,269.2,277.5,3805.0,53.5,27.6,18.0,7.0,1,2
2026-01-19 03:00:00,10.5,90,7.8,996.9,0,0.0,252,271.9,280.3,3649.0,54.1,27.4,14.0,7.0,1,3
2026-01-19 04:00:00,10.2,88,9.3,996.8,0,0.0,256,272.9,282.2,3350.0,55.5,27.6,10.0,7.0,1,4
2026-01-19 05:00:00,9.6,85,9.1,996.9,0,0.0,261,227.7,232.4,3152.0,35.9,19.0,18.0,6.0,1,5
2026-01-19 06:00:00,9.2,86,8.8,997.4,0,0.0,264,213.3,217.0,3216.0,35.5,19.1,18.0,5.0,1,6
2026-01-19 07:00:00,8.9,87,7.1,998.2,0,0.0,266,200.2,203.5,3380.0,34.6,19.1,19.0,5.0,1,7
2026-01-19 08:00:00,8.8,89,6.3,999.1,0,0.0,267,197.0,199.8,3401.0,31.9,18.9,28.0,4.0,1,8
2026-01-19 09:00:00,10.8,82,4.1,1000.0,0,0.0,267,174.6,176.5,3149.0,26.0,18.2,51.0,4.0,1,9
2026-01-19 10:00:00,14.0,72,1.2,1000.9,0,0.0,267,154.6,156.5,2754.0,18.3,17.3,81.0,4.0,1,10
2026-01-19 11:00:00,17.2,62,1.5,1000.8,0,0.0,265,128.5,130.4,2359.0,12.0,16.7,107.0,4.0,1,11
2026-01-19 12:00:00,19.3,52,0.8,1000.5,0,0.0,264,102.7,105.2,1972.0,7.6,16.8,127.0,4.0,1,12
2026-01-19 13:00:00,20.6,45,0.9,999.6,0,0.0,262,88.9,91.7,1584.0,4.5,17.3,143.0,5.0,1,13
2026-01-19 14:00:00,21.3,41,1.8,998.7,0,0.0,262,78.5,81.5,1313.0,4.1,17.4,149.0,5.0,1,14
2026-01-19 15:00:00,21.5,40,2.4,998.2,0,0.0,261,74.0,77.1,1200.0,7.5,16.7,138.0,5.0,1,15
2026-01-19 16:00:00,21.3,40,3.0,998.0,3,0.0,261,79.4,82.0,1204.0,13.7,15.7,118.0,4.0,1,16
2026-01-19 17:00:00,20.1,58,1.9,997.5,2,0.0,261,115.3,118.7,1320.0,27.3,17.7,101.0,6.0,1,17
2026-01-19 18:00:00,18.8,55,5.6,997.6,0,0.0,261,158.3,161.6,1614.0,39.9,19.4,79.0,6.0,1,18
2026-01-19 19:00:00,17.2,62,5.4,998.2,0,0.0,262,202.6,205.8,2020.0,57.0,21.8,49.0,6.0,1,19
2026-01-19 20:00:00,16.0,68,5.4,998.3,0,0.0,264,237.5,241.2,2332.0,68.0,24.0,27.0,6.0,1,20
2026-01-19 21:00:00,15.2,71,5.4,998.6,0,0.0,265,252.4,256.1,2453.0,67.0,25.7,23.0,6.0,1,21
2026-01-19 22:00:00,14.5,74,5.9,998.7,0,0.0,265,260.8,265.4,2479.0,59.9,27.2,28.0,7.0,1,22
2026-01-19 23:00:00,13.9,77,5.3,998.8,0,0.0,265,277.5,284.1,2495.0,53.8,28.0,32.0,7.0,1,23
2026-01-20 00:00:00,13.3,80,8.3,998.5,0,0.0,265,284.1,292.4,2525.0,51.3,27.7,30.0,7.0,1,0
2026-01-20 01:00:00,12.6,82,9.3,998.5,0,0.0,266,282.2,291.5,2545.0,49.9,26.8,27.0,8.0,1,1
2026-01-20 02:00:00,12.2,83,9.3,998.1,0,0.0,266,280.3,289.6,2566.0,49.1,25.9,23.0,8.0,1,2
2026-01-20 03:00:00,11.7,85,8.5,998.2,0,0.0,267,279.4,288.7,2549.0,49.2,25.5,18.0,8.0,1,3
2026-01-20 04:00:00,11.3,87,7.7,997.8,0,0.0,267,274.7,283.1,2534.0,50.0,25.2,13.0,8.0,1,4
2026-01-20 05:00:00,10.2,91,1.0,998.2,0,0.0,267,196.0,201.6,2651.0,19.0,19.1,51.0,10.0,1,5
2026-01-20 06:00:00,9.9,93,0.8,998.6,0,0.0,266,193.2,198.8,3087.0,23.7,20.3,44.0,10.0,1,6
2026-01-20 07:00:00,9.3,94,3.5,999.3,0,0.0,265,198.8,204.4,3655.0,30.0,21.8,36.0,10.0,1,7
2026-01-20 08:00:00,9.0,95,6.2,1000.2,0,0.0,265,219.3,224.9,3930.0,32.7,22.8,40.0,10.0,1,8
2026-01-20 09:00:00,11.1,86,2.6,1001.3,0,0.0,266,229.1,232.8,3657.0,28.8,22.5,66.0,9.0,1,9
2026-01-20 10:00:00,14.0,74,1.3,1002.1,0,0.0,268,201.2,205.4,3091.0,21.3,21.6,105.0,8.0,1,10
2026-01-20 11:00:00,16.7,67,2.4,1002.3,14,0.0,270,176.0,180.7,2566.0,14.9,21.3,141.0,8.0,1,11
2026-01-20 12:00:00,18.6,61,2.2,1001.8,78,0.0,272,156.5,161.1,2185.0,10.4,22.7,173.0,9.0,1,12
2026-01-20 13:00:00,20.0,55,1.2,1001.0,91,0.0,274,141.1,146.2,1846.0,6.9,24.7,203.0,10.0,1,13
2026-01-20 14:00:00,20.9,50,1.1,1000.2,76,0.0,277,128.1,134.1,1580.0,6.1,25.6,215.0,11.0,1,14
2026-01-20 15:00:00,21.3,45,1.7,999.4,23,0.0,279,118.7,125.7,1355.0,9.6,23.9,198.0,11.0,1,15
2026-01-20 16:00:00,21.4,43,1.5,999.2,3,0.0,280,118.7,125.7,1202.0,15.9,21.1,164.0,11.0,1,16
2026-01-20 17:00:00,20.6,47,3.1,999.1,3,0.0,282,132.2,148.5,1251.0,26.6,20.7,120.0,30.0,1,17
2026-01-20 18:00:00,19.0,56,4.6,999.2,0,0.0,283,170.0,184.9,1675.0,33.1,20.7,101.0,28.0,1,18
2026-01-20 19:00:00,17.4,63,7.2,999.7,1,0.0,283,198.4,211.9,2301.0,41.8,20.7,74.0,25.0,1,19
2026-01-20 20:00:00,16.3,69,7.1,1000.2,0,0.0,283,207.7,220.3,2734.0,46.3,20.6,56.0,22.0,1,20
2026-01-20 21:00:00,15.5,74,6.1,1000.7,0,0.0,282,208.6,219.8,2769.0,42.6,20.3,54.0,20.0,1,21
2026-01-20 22:00:00,14.7,78,6.4,1000.9,0,0.0,280,210.0,220.7,2612.0,34.7,19.9,61.0,20.0,1,22
2026-01-20 23:00:00,14.0,82,6.5,1001.0,0,0.0,278,213.7,224.4,2484.0,28.6,19.7,65.0,19.0,1,23
2026-01-21 00:00:00,13.7,82,6.8,1001.2,0,0.0,275,213.3,224.0,2469.0,26.8,20.2,64.0,19.0,1,0
2026-01-21 01:00:00,13.0,84,7.1,1001.0,0,0.0,272,216.1,227.2,2483.0,26.8,20.9,61.0,20.0,1,1
2026-01-21 02:00:00,12.3,85,7.2,1000.9,0,0.0,270,228.6,239.3,2504.0,27.1,21.2,56.0,20.0,1,2
2026-01-21 03:00:00,11.7,86,6.5,1000.6,0,0.0,267,242.1,252.4,2501.0,27.2,20.7,48.0,19.0,1,3
2026-01-21 04:00:00,11.2,87,5.6,1000.6,0,0.0,266,242.1,252.4,2503.0,27.6,19.7,39.0,17.0,1,4
2026-01-21 05:00:00,10.5,89,6.1,1000.3,0,0.0,264,224.4,235.2,2580.0,24.6,20.0,47.0,19.0,1,5
2026-01-21 06:00:00,9.9,90,6.2,1000.6,0,0.0,266,229.1,239.3,2848.0,31.4,21.4,34.0,18.0,1,6
2026-01-21 07:00:00,9.4,91,6.2,1001.6,0,0.0,267,248.7,259.8,3190.0,40.3,23.4,18.0,17.0,1,7
2026-01-21 08:00:00,9.4,90,5.7,1002.3,0,0.0,269,279.4,288.7,3320.0,43.8,24.5,19.0,17.0,1,8
2026-01-21 09:00:00,11.4,80,3.4,1003.2,0,0.0,272,269.2,274.7,3064.0,36.7,24.0,52.0,18.0,1,9
2026-01-21 10:00:00,14.5,66,1.8,1003.8,0,0.0,273,245.9,252.4,2597.0,24.1,22.7,103.0,19.0,1,10
2026-01-21 11:00:00,17.3,57,0.4,1003.9,0,0.0,275,177.9,189.5,2158.0,13.9,21.4,144.0,21.0,1,11
2026-01-21 12:00:00,19.3,52,0.0,1003.0,0,0.0,275,141.6,154.6,1809.0,8.5,20.4,169.0,23.0,1,12
2026-01-21 13:00:00,20.5,48,0.3,1002.0,1,0.0,275,120.1,133.6,1488.0,5.5,19.4,185.0,26.0,1,13
2026-01-21 14:00:00,21.3,43,1.4,1001.0,6,0.0,274,101.0,115.7,1252.0,4.8,18.2,188.0,27.0,1,14
2026-01-21 15:00:00,21.6,41,2.8,1000.0,5,0.0,273,85.2,100.1,1118.0,7.3,16.3,171.0,25.0,1,15
2026-01-21 16:00:00,21.5,40,4.3,999.6,4,0.0,271,85.2,97.1,1070.0,12.2,14.2,140.0,21.0,1,16
2026-01-21 17:00:00,20.8,43,5.5,999.3,0,0.0,270,103.8,113.4,1109.0,17.5,13.7,114.0,18.0,1,17
2026-01-21 18:00:00,19.0,51,10.0,999.5,0,0.0,269,127.1,136.0,1286.0,21.0,14.2,103.0,17.0,1,18
2026-01-21 19:00:00,17.8,56,11.0,999.9,0,0.0,267,143.4,151.3,1551.0,25.6,14.9,89.0,16.0,1,19
2026-01-21 20:00:00,17.0,58,10.1,1000.0,0,0.0,265,143.4,151.3,1758.0,27.5,15.5,80.0,14.0,1,20
2026-01-21 21:00:00,16.0,63,10.1,1000.2,0,0.0,262,133.6,140.2,1875.0,24.2,16.0,82.0,12.0,1,21
2026-01-21 22:00:00,15.3,66,10.5,999.9,0,0.0,259,117.1,122.5,1934.0,18.3,16.4,89.0,10.0,1,22
2026-01-21 23:00:00,14.6,66,11.2,1000.1,0,0.0,255,101.7,106.2,1891.0,13.2,17.0,95.0,8.0,1,23
2026-01-22 00:00:00,14.2,65,11.1,1000.1,0,0.0,250,88.7,92.4,1678.0,10.3,18.0,99.0,7.0,1,0
2026-01-22 01:00:00,13.7,65,11.6,999.4,0,0.0,245,80.1,83.4,1363.0,8.4,19.2,102.0,6.0,1,1
2026-01-22 02:00:00,13.2,65,11.8,998.8,0,0.0,239,75.0,78.0,1102.0,7.1,20.3,103.0,5.0,1,2
2026-01-22 03:00:00,12.7,67,11.9,998.3,0,0.0,233,72.2,75.0,923.0,5.8,20.9,101.0,5.0,1,3
2026-01-22 04:00:00,12.3,69,11.4,997.5,0,0.0,226,70.5,73.3,799.0,5.2,21.5,97.0,5.0,1,4
2026-01-22 05:00:00,12.1,71,11.5,997.1,0,0.0,219,81.5,84.3,799.0,8.6,18.5,82.0,5.0,1,5
2026-01-22 06:00:00,11.7,72,7.7,997.0,5,0.0,213,79.2,81.7,1049.0,14.3,20.7,78.0,5.0,1,6
2026-01-22 07:00:00,11.1,78,2.3,997.2,1,0.0,207,92.2,95.0,1424.0,21.9,23.4,73.0,5.0,1,7
2026-01-22 08:00:00,11.5,72,4.5,997.3,27,0.0,200,112.9,115.5,1619.0,25.4,24.1,73.0,5.0,1,8
2026-01-22 09:00:00,12.7,66,4.2,997.3,13,0.0,195,97.1,98.7,1449.0,20.9,20.7,84.0,4.0,1,9
2026-01-22 10:00:00,14.9,58,5.4,997.6,66,0.0,190,77.5,79.4,1100.0,12.3,15.2,100.0,3.0,1,10
2026-01-22 11:00:00,17.2,54,5.6,997.0,3,0.0,185,67.8,69.4,822.0,5.6,10.8,113.0,3.0,1,11
2026-01-22 12:00:00,18.9,50,6.8,995.8,98,0.0,182,59.6,61.2,709.0,3.2,8.9,121.0,2.0,1,12
2026-01-22 13:00:00,20.3,45,9.2,994.4,83,0.0,179,51.1,53.3,667.0,2.7,8.2,126.0,2.0,1,13
2026-01-22 14:00:00,21.5,42,9.8,993.3,89,0.0,177,44.7,48.2,663.0,3.4,7.8,126.0,6.0,1,14
2026-01-22 15:00:00,21.2,41,10.1,992.7,71,0.0,176,39.7,44.5,715.0,5.7,7.6,118.0,18.0,1,15
2026-01-22 16:00:00,19.7,48,11.9,993.0,100,0.0,174,39.5,46.3,805.0,9.2,7.7,105.0,34.0,1,16
2026-01-22 17:00:00,16.4,69,9.0,993.3,100,3.7,173,58.6,76.6,849.0,9.6,8.3,95.0,33.0,1,17
2026-01-22 18:00:00,15.3,80,2.6,993.0,100,2.3,171,49.2,70.1,799.0,9.1,7.2,93.0,32.0,1,18
2026-01-22 19:00:00,14.7,93,7.6,993.0,100,2.8,169,42.5,62.4,703.0,8.5,5.8,90.0,30.0,1,19
2026-01-22 20:00:00,14.4,89,12.8,992.5,99,1.7,166,38.3,53.8,615.0,8.2,4.9,86.0,28.0,1,20
2026-01-22 21:00:00,13.9,92,13.7,992.5,18,1.3,163,35.3,47.8,557.0,8.8,5.1,80.0,25.0,1,21
2026-01-22 22:00:00,13.6,92,14.1,992.0,14,0.0,160,39.7,50.5,508.0,9.8,5.9,74.0,21.0,1,22
2026-01-22 23:00:00,12.9,94,16.2,993.0,100,0.5,158,43.9,53.2,458.0,10.4,6.7,68.0,17.0,1,23
2026-01-23 00:00:00,12.5,93,11.4,992.5,25,0.6,156,46.3,53.7,395.0,10.5,7.7,65.0,14.0,1,0
2026-01-23 01:00:00,10.9,69,16.8,992.7,1,0.0,155,45.3,51.0,331.0,10.2,8.8,62.0,12.0,1,1
2026-01-23 02:00:00,9.7,45,15.0,992.4,0,0.0,154,38.4,44.2,291.0,9.6,8.9,61.0,11.0,1,2
2026-01-23 03:00:00,8.2,52,11.6,992.1,5,0.0,153,32.4,38.4,286.0,8.2,7.1,61.0,13.0,1,3
2026-01-23 04:00:00,7.4,80,10.5,991.9,26,0.0,152,26.3,33.6,304.0,6.3,4.4,62.0,16.0,1,4
2026-01-23 05:00:00,7.3,92,8.0,992.3,20,0.0,150,21.4,30.4,339.0,4.8,1.7,67.0,16.0,1,5
2026-01-23 06:00:00,6.8,85,12.2,992.3,2,0.0,144,20.0,30.3,408.0,6.2,2.0,63.0,20.0,1,6
2026-01-23 07:00:00,6.6,73,14.8,992.8,0,0.0,138,23.9,36.6,493.0,8.0,2.5,57.0,27.0,1,7
2026-01-23 08:00:00,6.6,63,14.0,993.3,0,0.0,131,29.0,49.7,535.0,8.8,2.9,55.0,36.0,1,8
2026-01-23 09:00:00,7.9,60,12.2,994.0,0,0.0,122,34.1,60.8,494.0,7.6,3.2,58.0,50.0,1,9
2026-01-23 10:00:00,9.9,50,11.1,994.6,0,0.0,116,31.9,71.9,409.0,5.4,3.5,65.0,65.0,1,10
2026-01-23 11:00:00,12.3,33,13.6,995.2,0,0.0,111,26.4,68.2,341.0,3.6,3.9,72.0,75.0,1,11
2026-01-23 12:00:00,13.1,30,13.1,995.0,0,0.0,107,20.8,61.2,289.0,2.6,4.6,80.0,74.0,1,12
2026-01-23 13:00:00,13.7,29,11.7,995.1,0,0.0,103,19.6,56.1,254.0,2.0,5.5,88.0,66.0,1,13
2026-01-23 14:00:00,14.0,29,11.8,994.8,0,0.0,100,19.4,52.5,291.0,2.5,6.3,92.0,59.0,1,14
2026-01-23 15:00:00,14.9,26,9.7,994.8,1,0.0,98,19.6,50.3,453.0,4.3,6.9,90.0,54.0,1,15
2026-01-23 16:00:00,15.4,28,4.6,995.0,0,0.0,96,20.4,48.9,687.0,7.1,7.5,83.0,49.0,1,16
2026-01-23 17:00:00,12.7,39,9.0,997.0,0,0.0,95,29.2,57.4,900.0,12.3,13.1,67.0,50.0,1,17
2026-01-23 18:00:00,11.3,54,3.1,997.9,0,0.0,92,65.4,92.7,1085.0,20.8,13.5,54.0,44.0,1,18
2026-01-23 19:00:00,10.2,59,7.7,999.2,0,0.0,94,86.8,107.8,1247.0,32.5,13.9,35.0,37.0,1,19
2026-01-23 20:00:00,8.8,62,9.9,1000.5,0,0.0,97,91.5,109.7,1309.0,40.1,14.2,22.0,31.0,1,20
2026-01-23 21:00:00,7.9,62,10.6,1001.9,0,0.0,102,95.7,112.7,1206.0,40.0,14.1,18.0,29.0,1,21
2026-01-23 22:00:00,7.6,58,11.4,1002.5,0,0.0,108,101.7,118.5,1002.0,35.8,13.8,20.0,28.0,1,22
2026-01-23 23:00:00,7.7,62,12.3,1003.1,0,0.0,114,110.6,127.6,816.0,31.8,13.3,22.0,28.0,1,23
2026-01-24 00:00:00,7.8,64,8.9,1004.0,0,0.0,121,110.6,128.1,670.0,29.4,12.6,23.0,29.0,1,0
2026-01-24 01:00:00,7.5,66,9.4,1004.3,0,0.0,128,105.2,123.9,541.0,27.1,11.7,25.0,31.0,1,1
2026-01-24 02:00:00,7.2,66,10.4,1004.7,0,0.0,134,98.5,117.8,479.0,24.6,10.7,28.0,31.0,1,2
2026-01-24 03:00:00,6.9,65,11.3,1005.0,0,0.0,140,87.8,105.7,513.0,21.1,9.4,33.0,27.0,1,3
2026-01-24 04:00:00,6.4,67,10.8,1005.8,0,0.0,146,75.4,89.9,613.0,17.4,8.1,40.0,22.0,1,4
2026-01-24 05:00:00,5.9,74,12.3,1006.5,0,0.0,150,124.8,153.2,737.0,32.5,12.2,10.0,47.0,1,5
2026-01-24 06:00:00,5.7,75,10.2,1007.2,2,0.0,153,106.4,128.5,910.0,30.4,11.7,10.0,41.0,1,6
2026-01-24 07:00:00,5.3,76,8.9,1008.2,13,0.0,156,105.0,125.3,1107.0,27.4,11.1,11.0,33.0,1,7
2026-01-24 08:00:00,5.3,78,7.7,1009.1,0,0.0,158,108.3,125.3,1204.0,23.8,10.4,18.0,26.0,1,8
2026-01-24 09:00:00,7.1,74,5.8,1009.9,15,0.0,161,100.8,112.0,1129.0,19.3,9.7,35.0,20.0,1,9
2026-01-24 10:00:00,9.4,67,4.2,1010.6,100,0.0,163,82.2,94.1,956.0,14.3,8.9,57.0,14.0,1,10
2026-01-24 11:00:00,11.8,59,5.7,1011.2,27,0.1,164,59.8,67.8,781.0,10.0,8.2,76.0,13.0,1,11
2026-01-24 12:00:00,13.5,47,8.7,1010.8,98,0.0,165,36.0,50.4,612.0,6.5,7.5,89.0,21.0,1,12
2026-01-24 13:00:00,14.5,37,11.2,1009.4,99,0.0,166,29.6,51.3,442.0,3.7,6.9,99.0,33.0,1,13
2026-01-24 14:00:00,14.6,36,12.0,1008.7,98,0.0,166,28.4,51.3,345.0,2.5,6.5,104.0,41.0,1,14
2026-01-24 15:00:00,14.6,36,11.5,1008.1,81,0.0,166,28.1,50.6,363.0,3.0,6.4,101.0,40.0,1,15
2026-01-24 16:00:00,14.4,38,10.7,1007.6,100,0.0,167,29.2,49.9,453.0,5.0,6.6,93.0,34.0,1,16
2026-01-24 17:00:00,13.3,50,8.8,1007.6,100,0.0,167,27.5,40.6,565.0,8.2,7.1,75.0,24.0,1,17
2026-01-24 18:00:00,12.0,56,10.3,1007.6,100,0.0,167,36.9,47.4,693.0,13.6,8.0,64.0,21.0,1,18
2026-01-24 19:00:00,11.3,59,9.5,1008.0,100,0.0,166,49.1,59.1,841.0,21.1,9.2,50.0,18.0,1,19
2026-01-24 20:00:00,10.6,64,9.4,1008.2,100,0.0,165,63.3,72.6,976.0,27.0,10.3,38.0,15.0,1,20
2026-01-24 21:00:00,10.0,68,8.3,1008.1,84,0.0,164,73.3,82.2,1093.0,30.3,11.2,32.0,13.0,1,21
2026-01-24 22:00:00,9.5,71,7.1,1007.8,42,0.0,163,84.1,92.7,1195.0,32.0,12.0,28.0,12.0,1,22
2026-01-24 23:00:00,9.2,75,8.8,1007.2,20,0.0,163,89.4,96.9,1258.0,31.5,12.0,27.0,11.0,1,23
2026-01-25 00:00:00,8.7,77,9.1,1006.8,0,0.0,162,78.9,85.0,1260.0,27.6,10.7,29.0,8.0,1,0
2026-01-25 01:00:00,8.0,79,8.4,1006.5,0,0.0,161,62.4,66.8,1224.0,21.7,8.7,34.0,5.0,1,1
2026-01-25 02:00:00,7.5,80,7.1,1006.1,0,0.0,160,51.5,54.4,1187.0,16.8,7.1,38.0,3.0,1,2
2026-01-25 03:00:00,6.9,83,6.9,1005.6,0,0.0,159,45.3,47.5,1153.0,14.0,6.4,39.0,2.0,1,3
2026-01-25 04:00:00,6.2,85,7.8,1005.2,0,0.0,157,42.0,44.0,1119.0,12.4,6.1,40.0,1.0,1,4
2026-01-25 05:00:00,6.1,86,8.2,1004.6,0,0.0,156,38.5,40.2,1116.0,11.8,6.4,41.0,1.0,1,5
2026-01-25 06:00:00,5.8,85,8.1,1004.9,0,0.0,154,37.3,38.9,1192.0,14.3,6.8,38.0,1.0,1,6
2026-01-25 07:00:00,5.7,84,7.4,1005.6,0,0.0,152,42.8,44.9,1299.0,17.5,7.4,34.0,1.0,1,7
2026-01-25 08:00:00,5.8,83,7.0,1005.9,0,0.0,149,54.8,56.7,1330.0,18.8,7.8,36.0,1.0,1,8
2026-01-25 09:00:00,7.8,76,4.7,1006.2,0,0.0,144,54.7,56.2,1221.0,16.5,8.0,50.0,1.0,1,9
2026-01-25 10:00:00,10.7,64,2.9,1006.4,7,0.0,139,44.8,47.0,1035.0,12.3,8.0,70.0,1.0,1,10
2026-01-25 11:00:00,13.8,52,4.9,1006.5,69,0.0,135,37.1,38.6,859.0,8.6,8.0,88.0,1.0,1,11
2026-01-25 12:00:00,15.6,46,5.9,1005.7,10,0.0,133,31.1,32.4,690.0,5.9,7.9,103.0,2.0,1,12
2026-01-25 13:00:00,16.8,40,6.5,1004.6,94,0.0,132,26.6,28.6,530.0,3.8,7.7,117.0,3.0,1,13
2026-01-25 14:00:00,17.6,35,6.9,1003.8,100,0.0,132,24.7,27.0,469.0,3.4,7.5,123.0,4.0,1,14
2026-01-25 15:00:00,17.8,33,7.0,1003.0,68,0.0,131,23.9,26.1,573.0,4.1,7.0,119.0,4.0,1,15
2026-01-25 16:00:00,17.4,38,6.6,1002.8,1,0.0,131,25.3,27.4,775.0,6.5,6.6,106.0,3.0,1,16
2026-01-25 17:00:00,16.6,50,4.3,1002.6,2,0.0,131,24.0,24.0,971.0,11.6,7.3,92.0,0.0,1,17
2026-01-25 18:00:00,15.0,54,8.5,1002.8,0,0.0,130,45.1,46.3,1141.0,24.2,9.5,74.0,0.0,1,18
2026-01-25 19:00:00,13.5,58,8.4,1003.1,16,0.0,131,75.0,76.4,1304.0,41.3,12.6,50.0,0.0,1,19
2026-01-25 20:00:00,12.5,62,8.3,1003.0,90,0.0,134,99.2,100.8,1409.0,53.2,14.7,31.0,0.0,1,20
2026-01-25 21:00:00,11.7,66,8.3,1003.4,98,0.0,137,116.4,118.0,1431.0,55.4,15.1,24.0,0.0,1,21
2026-01-25 22:00:00,11.0,70,7.8,1003.2,99,0.0,142,124.3,125.7,1396.0,52.3,14.4,23.0,0.0,1,22
2026-01-25 23:00:00,10.5,72,8.2,1003.1,97,0.0,146,114.6,116.2,1327.0,47.0,13.2,24.0,0.0,1,23
2026-01-26 00:00:00,10.2,72,6.8,1002.5,97,0.0,149,90.1,91.7,1217.0,39.3,11.0,27.0,0.0,1,0
2026-01-26 01:00:00,9.8,73,6.4,1002.2,85,0.0,150,71.2,72.6,1073.0,29.5,8.3,33.0,0.0,1,1
2026-01-26 02:00:00,9.0,75,7.3,1002.4,100,0.0,150,58.1,59.4,947.0,21.5,6.3,38.0,0.0,1,2
2026-01-26 03:00:00,9.0,74,7.2,1002.3,100,0.0,150,46.7,47.7,815.0,16.4,5.7,43.0,0.0,1,3
2026-01-26 04:00:00,8.9,73,7.7,1002.0,66,0.0,150,39.3,40.4,701.0,13.1,5.9,47.0,0.0,1,4
2026-01-26 05:00:00,9.3,71,7.8,1001.7,98,0.0,150,49.8,51.3,726.0,17.8,8.4,37.0,0.0,1,5
2026-01-26 06:00:00,8.9,75,3.2,1001.8,100,0.0,151,49.1,50.4,1021.0,22.4,9.5,31.0,0.0,1,6
2026-01-26 07:00:00,9.3,70,6.8,1001.8,14,0.0,151,62.2,63.3,1456.0,28.4,10.9,25.0,0.0,1,7
2026-01-26 08:00:00,9.6,70,4.7,1002.5,84,0.0,152,94.3,95.9,1757.0,31.3,11.7,26.0,0.0,1,8
2026-01-26 09:00:00,11.1,66,1.3,1003.6,65,0.0,153,108.0,109.4,1787.0,27.7,11.0,44.0,0.0,1,9
2026-01-26 10:00:00,13.8,56,2.6,1004.5,100,0.0,154,84.8,86.8,1684.0,21.0,9.6,69.0,0.0,1,10
2026-01-26 11:00:00,13.8,60,3.5,1004.7,100,0.0,156,61.5,64.0,1591.0,15.9,8.7,87.0,0.0,1,11
2026-01-26 12:00:00,14.6,55,2.9,1003.5,100,0.0,156,47.4,49.9,1561.0,14.6,9.1,90.0,0.0,1,12
2026-01-26 13:00:00,15.3,52,4.0,1002.8,100,0.0,157,43.4,45.8,1541.0,14.9,10.1,86.0,0.0,1,13
2026-01-26 14:00:00,14.9,55,4.3,1001.8,100,0.0,157,43.7,45.6,1518.0,16.0,10.8,80.0,0.0,1,14
2026-01-26 15:00:00,15.3,54,2.8,1001.5,100,0.0,158,49.1,50.9,1463.0,17.9,10.7,73.0,0.0,1,15
2026-01-26 16:00:00,14.7,61,3.8,1001.1,100,0.0,159,53.2,54.9,1405.0,20.4,10.2,64.0,0.0,1,16
2026-01-26 17:00:00,15.6,58,5.9,1001.5,100,0.0,159,44.8,46.2,1410.0,18.6,11.2,64.0,0.0,1,17
2026-01-26 18:00:00,14.6,59,8.8,1001.2,100,0.0,160,50.9,52.4,1574.0,19.9,11.3,58.0,1.0,1,18
2026-01-26 19:00:00,13.7,64,7.6,1002.0,99,0.0,160,55.4,57.5,1802.0,21.7,11.4,51.0,2.0,1,19
2026-01-26 20:00:00,13.2,66,9.4,1002.5,100,0.0,160,56.6,59.6,1873.0,22.1,11.4,46.0,3.0,1,20
2026-01-26 21:00:00,12.8,67,8.3,1002.8,100,0.0,158,57.3,61.7,1639.0,20.0,11.3,47.0,4.0,1,21
2026-01-26 22:00:00,12.2,70,10.2,1003.1,100,0.0,157,61.0,66.4,1248.0,16.7,11.2,52.0,6.0,1,22
2026-01-26 23:00:00,12.5,75,10.5,1003.0,100,0.0,155,63.6,68.5,928.0,13.7,11.1,56.0,8.0,1,23
2026-01-27 00:00:00,11.9,77,10.1,1003.1,100,0.0,153,62.4,67.1,767.0,11.8,11.0,58.0,10.0,1,0
2026-01-27 01:00:00,11.6,75,11.1,1002.8,100,0.0,152,62.4,67.5,676.0,10.3,10.9,60.0,12.0,1,1
2026-01-27 02:00:00,11.5,69,12.0,1002.8,100,0.0,152,66.1,74.0,615.0,9.1,10.9,62.0,14.0,1,2
2026-01-27 03:00:00,11.4,66,12.8,1002.6,100,0.0,152,68.2,77.5,570.0,7.8,11.0,65.0,15.0,1,3
2026-01-27 04:00:00,10.9,67,13.2,1002.1,100,0.0,153,68.7,78.5,554.0,6.8,11.1,67.0,16.0,1,4
2026-01-27 05:00:00,11.1,71,11.7,1001.7,98,0.0,154,69.6,76.8,569.0,7.9,9.6,51.0,13.0,1,5
2026-01-27 06:00:00,11.1,73,11.7,1001.6,86,0.0,155,71.2,79.2,631.0,9.1,9.5,50.0,13.0,1,6
2026-01-27 07:00:00,10.9,75,11.9,1001.9,11,0.0,155,74.5,82.4,724.0,10.8,9.3,49.0,12.0,1,7
2026-01-27 08:00:00,10.5,79,10.9,1002.4,18,0.0,156,76.1,83.6,798.0,11.4,9.5,52.0,13.0,1,8
2026-01-27 09:00:00,11.7,75,8.3,1003.3,27,0.0,155,74.3,81.5,844.0,10.1,10.3,63.0,15.0,1,9
2026-01-27 10:00:00,13.5,70,8.2,1003.8,15,0.0,154,68.2,77.1,870.0,7.7,11.5,78.0,18.0,1,10
2026-01-27 11:00:00,15.6,64,8.1,1003.7,37,0.0,154,61.5,73.1,852.0,5.7,12.5,91.0,21.0,1,11
2026-01-27 12:00:00,17.0,55,8.9,1002.8,5,0.0,154,54.2,67.3,757.0,4.2,13.2,101.0,23.0,1,12
2026-01-27 13:00:00,17.8,47,8.7,1001.9,14,0.0,154,52.7,66.8,618.0,3.0,13.8,110.0,25.0,1,13
2026-01-27 14:00:00,18.2,43,7.9,1001.2,16,0.0,154,50.1,64.3,512.0,2.9,14.0,114.0,26.0,1,14
2026-01-27 15:00:00,18.2,42,6.6,1000.5,10,0.0,154,47.6,61.0,443.0,3.4,13.4,112.0,24.0,1,15
2026-01-27 16:00:00,18.1,42,5.4,1000.4,1,0.0,154,45.6,58.3,407.0,5.0,12.5,106.0,21.0,1,16
2026-01-27 17:00:00,17.7,48,5.2,1000.4,1,0.0,154,40.2,46.6,474.0,8.1,11.6,91.0,11.0,1,17
2026-01-27 18:00:00,16.3,56,7.2,1000.9,9,0.0,154,57.7,63.3,722.0,15.9,12.2,75.0,10.0,1,18
2026-01-27 19:00:00,14.9,61,8.7,1001.9,1,0.0,154,79.2,84.5,1074.0,26.7,13.1,52.0,10.0,1,19
2026-01-27 20:00:00,14.0,65,7.8,1002.4,0,0.0,155,97.3,102.2,1366.0,35.0,14.1,35.0,9.0,1,20
2026-01-27 21:00:00,13.3,67,8.4,1003.1,0,0.0,156,108.0,113.6,1567.0,38.2,15.5,28.0,9.0,1,21
2026-01-27 22:00:00,12.6,71,7.7,1003.6,0,0.0,157,118.7,125.7,1708.0,38.9,17.0,26.0,10.0,1,22
2026-01-27 23:00:00,12.4,76,7.3,1003.9,0,0.0,159,133.6,141.6,1721.0,39.6,17.9,23.0,10.0,1,23
2026-01-28 00:00:00,12.0,78,6.7,1004.0,0,0.0,161,144.8,152.7,1512.0,41.9,17.8,18.0,10.0,1,0
2026-01-28 01:00:00,11.4,80,5.9,1003.8,1,0.0,164,144.8,152.3,1175.0,44.3,17.0,12.0,9.0,1,1
2026-01-28 02:00:00,10.7,83,5.5,1003.7,0,0.0,166,139.2,146.2,923.0,44.2,15.8,9.0,8.0,1,2
2026-01-28 03:00:00,9.9,86,6.5,1003.7,0,0.0,168,130.9,137.4,842.0,39.8,14.3,11.0,7.0,1,3
2026-01-28 04:00:00,9.3,88,7.3,1003.5,0,0.0,170,115.9,121.5,845.0,33.0,12.3,15.0,5.0,1,4
2026-01-28 05:00:00,9.4,83,7.5,1003.4,0,0.0,172,96.2,102.2,884.0,25.3,10.9,21.0,6.0,1,5
2026-01-28 06:00:00,9.0,84,7.9,1003.9,0,0.0,172,87.3,92.0,978.0,25.5,11.0,19.0,6.0,1,6
2026-01-28 07:00:00,8.5,86,8.0,1004.5,0,0.0,173,88.0,92.9,1107.0,25.4,11.0,17.0,5.0,1,7
2026-01-28 08:00:00,8.5,87,6.4,1005.1,28,0.0,173,96.9,102.7,1172.0,23.7,11.1,24.0,5.0,1,8
2026-01-28 09:00:00,10.2,79,2.2,1006.2,9,0.0,174,94.1,98.3,1121.0,18.7,11.2,49.0,5.0,1,9
2026-01-28 10:00:00,12.7,69,1.7,1007.0,0,0.0,174,77.3,82.4,1004.0,11.9,11.3,84.0,6.0,1,10
2026-01-28 11:00:00,15.5,60,0.8,1007.0,25,0.0,175,54.9,58.2,873.0,6.6,11.1,111.0,6.0,1,11
2026-01-28 12:00:00,17.6,50,0.4,1006.6,44,0.0,175,41.0,43.2,719.0,3.8,10.3,124.0,5.0,1,12
2026-01-28 13:00:00,18.7,44,1.5,1005.3,19,0.0,174,32.2,34.1,550.0,2.4,9.2,129.0,4.0,1,13
2026-01-28 14:00:00,19.4,41,4.5,1004.2,0,0.0,173,28.3,30.2,442.0,2.3,8.4,129.0,3.0,1,14
2026-01-28 15:00:00,19.8,40,4.5,1003.5,0,0.0,173,28.7,30.7,374.0,3.4,8.0,124.0,3.0,1,15
2026-01-28 16:00:00,19.9,40,3.9,1003.2,0,0.0,172,30.0,32.1,366.0,5.8,7.8,113.0,3.0,1,16
2026-01-28 17:00:00,19.0,44,1.6,1003.3,0,0.0,172,28.6,28.9,554.0,10.4,7.4,90.0,0.0,1,17
2026-01-28 18:00:00,17.3,49,3.8,1003.4,0,0.0,171,52.9,54.2,1137.0,21.3,8.9,72.0,0.0,1,18
2026-01-28 19:00:00,16.1,53,5.3,1003.9,0,0.0,171,84.3,85.7,1915.0,36.1,10.9,47.0,0.0,1,19
2026-01-28 20:00:00,15.1,57,4.0,1004.2,0,0.0,171,109.7,111.3,2427.0,45.5,12.2,29.0,0.0,1,20
2026-01-28 21:00:00,13.7,64,5.9,1004.6,0,0.0,172,114.3,115.9,2412.0,44.6,12.3,26.0,0.0,1,21
2026-01-28 22:00:00,12.7,70,7.4,1004.7,0,0.0,172,119.0,120.6,2131.0,38.3,11.7,31.0,0.0,1,22
2026-01-28 23:00:00,12.4,73,7.9,1004.9,0,0.0,172,117.6,119.2,1901.0,32.4,11.0,35.0,0.0,1,23
2026-01-29 00:00:00,12.6,70,7.4,1004.5,0,0.0,172,109.0,110.8,1832.0,28.4,10.3,37.0,0.0,1,0
2026-01-29 01:00:00,12.1,72,6.1,1004.5,0,0.0,171,102.9,105.0,1816.0,24.7,9.5,40.0,1.0,1,1
2026-01-29 02:00:00,11.4,75,6.1,1003.9,0,0.0,169,101.7,104.1,1841.0,22.6,9.1,40.0,1.0,1,2
2026-01-29 03:00:00,10.8,78,5.9,1004.0,0,0.0,168,107.8,110.6,1939.0,23.1,9.4,36.0,1.0,1,3
2026-01-29 04:00:00,9.9,82,7.0,1003.6,0,0.0,167,117.3,120.1,2079.0,25.2,10.0,30.0,1.0,1,4
2026-01-29 05:00:00,9.7,84,8.0,1003.7,0,0.0,168,122.5,125.3,2161.0,26.7,11.1,26.0,1.0,1,5
2026-01-29 06:00:00,9.2,86,8.0,1003.9,96,0.0,168,129.0,131.8,2166.0,28.1,11.2,21.0,1.0,1,6
2026-01-29 07:00:00,9.1,86,7.3,1004.6,98,0.0,170,133.2,136.0,2113.0,29.9,11.3,16.0,0.0,1,7
2026-01-29 08:00:00,9.0,84,6.9,1005.2,100,0.0,171,130.4,132.7,1954.0,29.1,11.4,22.0,0.0,1,8
2026-01-29 09:00:00,10.8,74,4.5,1006.0,23,0.0,172,111.3,113.4,1610.0,23.6,11.3,48.0,0.0,1,9
2026-01-29 10:00:00,13.5,61,3.2,1006.4,71,0.0,172,86.6,89.2,1160.0,15.7,11.2,85.0,0.0,1,10
2026-01-29 11:00:00,16.3,53,3.5,1006.5,89,0.0,173,53.9,56.3,797.0,9.3,11.4,114.0,0.0,1,11
2026-01-29 12:00:00,18.1,47,4.0,1005.9,40,0.0,173,36.1,36.4,596.0,5.6,12.2,128.0,0.0,1,12
2026-01-29 13:00:00,19.2,42,4.5,1004.8,80,0.0,172,28.7,29.0,481.0,3.3,13.3,133.0,1.0,1,13
2026-01-29 14:00:00,19.7,40,4.0,1003.8,78,0.0,172,26.9,27.3,419.0,3.0,13.8,132.0,1.0,1,14
2026-01-29 15:00:00,19.8,40,4.2,1003.1,70,0.0,172,26.1,26.7,377.0,4.2,13.1,124.0,1.0,1,15
2026-01-29 16:00:00,19.7,40,4.4,1003.1,96,0.0,172,26.4,27.0,387.0,7.3,11.8,109.0,1.0,1,16
2026-01-29 17:00:00,18.9,43,3.1,1002.7,95,0.0,172,39.0,39.2,509.0,15.6,10.9,90.0,0.0,1,17
2026-01-29 18:00:00,17.9,48,5.5,1002.9,100,0.0,172,67.5,69.4,824.0,29.7,12.5,70.0,0.0,1,18
2026-01-29 19:00:00,16.7,54,7.0,1003.4,100,0.0,173,103.1,105.0,1251.0,49.1,14.7,42.0,0.0,1,19
2026-01-29 20:00:00,15.8,58,6.5,1003.7,100,0.0,173,129.0,130.9,1607.0,63.5,16.7,20.0,0.0,1,20
2026-01-29 21:00:00,15.4,60,5.9,1003.9,100,0.0,174,155.5,157.4,1831.0,67.9,18.4,12.0,0.0,1,21
2026-01-29 22:00:00,14.9,61,1.3,1004.4,98,0.0,175,172.8,174.2,1982.0,67.4,19.9,10.0,0.0,1,22
2026-01-29 23:00:00,14.5,62,4.0,1004.0,100,0.0,177,180.7,182.5,2060.0,66.7,20.9,9.0,0.0,1,23
2026-01-30 00:00:00,14.1,64,6.5,1003.1,100,0.0,179,186.3,188.1,2052.0,68.2,21.6,6.0,0.0,1,0
2026-01-30 01:00:00,13.9,64,1.6,1003.4,6,0.0,181,188.1,190.0,1969.0,69.6,21.8,3.0,0.0,1,1
2026-01-30 02:00:00,12.9,69,3.1,1003.0,0,0.0,184,178.8,181.1,1844.0,69.0,21.1,2.0,0.0,1,2
2026-01-30 03:00:00,11.9,74,4.9,1002.6,0,0.0,186,157.4,159.7,1616.0,64.8,18.8,3.0,0.0,1,3
2026-01-30 04:00:00,11.2,77,5.1,1002.6,0,0.0,187,136.9,139.2,1347.0,58.6,15.5,4.0,1.0,1,4
2026-01-30 05:00:00,11.3,82,3.1,1002.7,0,0.0,188,176.5,179.7,1250.0,61.8,19.2,1.0,0.0,1,5
2026-01-30 06:00:00,11.0,82,5.6,1002.6,0,0.0,190,180.7,184.4,1544.0,59.9,19.9,0.0,0.0,1,6
2026-01-30 07:00:00,10.7,82,4.4,1003.0,0,0.0,191,188.1,191.9,2012.0,56.8,20.7,0.0,0.0,1,7
2026-01-30 08:00:00,10.5,83,5.2,1003.5,0,0.0,193,201.6,205.4,2215.0,50.6,20.5,10.0,0.0,1,8
2026-01-30 09:00:00,12.7,70,3.6,1004.1,0,0.0,195,158.3,161.6,1874.0,38.5,18.3,42.0,0.0,1,9
2026-01-30 10:00:00,15.8,57,0.9,1004.9,0,0.0,196,102.4,106.2,1268.0,23.4,15.1,85.0,0.0,1,10
2026-01-30 11:00:00,18.2,47,1.3,1004.8,0,0.0,197,52.9,55.2,796.0,11.6,12.6,119.0,0.0,1,11
2026-01-30 12:00:00,19.5,42,1.3,1004.0,0,0.0,197,35.9,36.1,626.0,5.8,11.9,136.0,0.0,1,12
2026-01-30 13:00:00,20.3,40,2.2,1002.6,0,0.0,197,28.1,28.2,591.0,3.4,11.9,144.0,0.0,1,13
2026-01-30 14:00:00,20.7,38,2.8,1001.3,0,0.0,197,25.2,25.3,588.0,3.0,11.7,145.0,0.0,1,14
2026-01-30 15:00:00,20.9,37,2.8,1000.7,84,0.0,197,24.4,24.6,535.0,4.1,10.6,137.0,0.0,1,15
2026-01-30 16:00:00,20.7,38,3.6,1000.7,59,0.0,197,24.9,25.1,514.0,7.2,9.2,123.0,0.0,1,16
2026-01-30 17:00:00,19.9,40,5.4,1000.3,66,0.0,196,37.0,37.3,664.0,12.2,8.1,104.0,0.0,1,17
2026-01-30 18:00:00,18.2,47,6.2,1000.2,38,0.0,196,60.8,62.2,1133.0,23.2,9.8,86.0,0.0,1,18
2026-01-30 19:00:00,17.0,50,6.2,1000.5,40,0.0,196,90.6,92.7,1773.0,38.4,12.2,62.0,0.0,1,19
2026-01-30 20:00:00,15.8,54,6.3,1001.0,10,0.0,196,118.5,121.1,2279.0,50.7,14.6,42.0,0.0,1,20
2026-01-30 21:00:00,15.0,58,4.6,1001.5,0,0.0,196,143.9,146.2,2525.0,56.6,17.0,32.0,0.0,1,21
2026-01-30 22:00:00,14.6,61,2.6,1001.7,20,0.0,195,168.6,171.4,2636.0,59.5,19.5,26.0,0.0,1,22
2026-01-30 23:00:00,13.7,68,3.6,1001.5,48,0.0,195,193.2,196.0,2686.0,62.3,21.4,21.0,0.0,1,23
2026-01-31 00:00:00,13.7,69,4.5,1001.3,53,0.0,195,205.8,209.1,2673.0,66.2,22.1,15.0,0.0,1,0
2026-01-31 01:00:00,12.9,73,4.4,1000.9,0,0.0,196,210.9,213.7,2598.0,70.0,22.2,9.0,1.0,1,1
2026-01-31 02:00:00,12.3,75,6.1,1000.8,0,0.0,197,212.8,216.1,2540.0,73.1,22.7,4.0,1.0,1,2
2026-01-31 03:00:00,12.0,75,5.1,1000.6,0,0.0,198,214.2,217.5,2500.0,75.8,24.0,1.0,1.0,1,3
2026-01-31 04:00:00,11.7,75,5.4,1000.4,0,0.0,199,216.1,219.8,2476.0,78.0,25.7,0.0,1.0,1,4
2026-01-31 05:00:00,10.3,87,1.6,1000.1,0,0.0,202,216.5,219.3,2549.0,75.0,24.3,0.0,0.0,1,5
2026-01-31 06:00:00,10.2,86,3.7,1000.6,0,0.0,204,193.7,197.0,2884.0,69.7,23.0,5.0,0.0,1,6
2026-01-31 07:00:00,9.8,87,4.1,1001.2,63,0.0,205,183.5,187.2,3314.0,61.8,21.2,13.0,1.0,1,7
2026-01-31 08:00:00,9.9,86,6.1,1001.9,72,0.0,204,192.3,196.0,3421.0,51.8,19.1,30.0,1.0,1,8
2026-01-31 09:00:00,12.4,71,4.3,1002.8,42,0.0,204,149.5,152.3,2903.0,37.8,16.3,62.0,1.0,1,9
2026-01-31 10:00:00,15.5,58,1.5,1003.7,66,0.0,204,111.5,114.8,2061.0,21.7,13.3,103.0,1.0,1,10
2026-01-31 11:00:00,17.8,49,1.3,1003.8,99,0.0,204,75.2,78.0,1376.0,9.5,11.7,134.0,1.0,1,11
2026-01-31 12:00:00,19.3,42,1.9,1003.1,31,0.0,205,52.5,53.3,1042.0,4.0,12.9,149.0,1.0,1,12
2026-01-31 13:00:00,20.3,39,3.5,1001.9,0,0.0,206,43.4,44.1,865.0,2.4,15.4,155.0,1.0,1,13
2026-01-31 14:00:00,20.8,37,4.1,1001.0,0,0.0,206,39.9,40.6,749.0,2.6,16.9,154.0,1.0,1,14
2026-01-31 15:00:00,21.1,36,4.5,1000.5,0,0.0,207,38.2,38.9,647.0,4.3,15.8,145.0,1.0,1,15
2026-01-31 16:00:00,20.9,36,4.7,1000.5,16,0.0,208,38.3,38.8,606.0,7.7,13.7,129.0,1.0,1,16
2026-01-31 17:00:00,20.1,38,6.2,1000.3,34,0.0,208,51.7,52.4,669.0,13.3,12.0,102.0,1.0,1,17
2026-01-31 18:00:00,18.7,46,7.2,1000.5,0,0.0,209,72.4,72.9,881.0,18.9,12.2,90.0,1.0,1,18
2026-01-31 19:00:00,17.1,53,7.4,1001.2,1,0.0,209,90.6,91.7,1197.0,26.7,12.7,73.0,1.0,1,19
2026-01-31 20:00:00,16.2,57,6.7,1001.6,2,0.0,209,96.2,98.7,1526.0,33.1,13.4,59.0,1.0,1,20
2026-01-31 21:00:00,15.5,59,3.5,1001.8,0,0.0,208,106.9,110.4,1889.0,36.2,14.7,51.0,1.0,1,21
2026-01-31 22:00:00,14.7,62,2.7,1002.2,1,0.0,207,124.3,128.1,2265.0,38.0,16.4,46.0,1.0,1,22
2026-01-31 23:00:00,14.1,67,4.1,1002.0,0,0.0,205,144.4,148.5,2504.0,40.6,17.9,41.0,1.0,1,23
2026-02-01 00:00:00,14.0,65,5.2,1001.9,0,0.0,203,157.4,161.6,2539.0,46.3,19.2,32.0,1.0,2,0
2026-02-01 01:00:00,13.6,66,4.3,1001.6,0,0.0,201,165.3,170.0,2437.0,52.9,20.2,23.0,1.0,2,1
2026-02-01 02:00:00,13.1,67,4.2,1001.6,9,0.0,199,170.0,174.2,2242.0,55.3,20.3,18.0,1.0,2,2
2026-02-01 03:00:00,12.7,69,4.7,1001.5,35,0.0,198,156.5,160.2,1869.0,49.4,18.5,22.0,1.0,2,3
2026-02-01 04:00:00,12.1,71,7.7,1001.1,75,0.0,196,134.1,138.3,1404.0,39.4,15.8,30.0,1.0,2,4
2026-02-01 05:00:00,11.5,77,6.6,1001.6,97,0.0,194,164.8,170.0,1148.0,43.7,16.5,17.0,2.0,2,5
2026-02-01 06:00:00,11.3,78,6.2,1001.9,84,0.0,192,177.4,182.5,1332.0,45.9,17.7,12.0,2.0,2,6
2026-02-01 07:00:00,10.9,79,6.5,1002.2,66,0.0,192,195.6,200.7,1726.0,48.3,19.3,6.0,2.0,2,7
2026-02-01 08:00:00,10.9,78,5.7,1002.6,27,0.0,192,222.1,227.2,1933.0,46.3,19.7,14.0,2.0,2,8
2026-02-01 09:00:00,13.2,66,2.8,1003.7,9,0.0,193,189.1,192.3,1750.0,35.6,17.9,50.0,2.0,2,9
2026-02-01 10:00:00,16.4,52,2.6,1004.3,39,0.0,194,127.6,131.3,1380.0,20.4,15.0,99.0,2.0,2,10
2026-02-01 11:00:00,18.8,47,3.3,1005.0,52,0.0,195,96.6,97.8,1044.0,8.7,12.7,137.0,2.0,2,11
2026-02-01 12:00:00,19.9,47,5.5,1004.7,84,0.0,195,70.5,71.7,802.0,3.8,11.7,152.0,2.0,2,12
2026-02-01 13:00:00,19.7,46,9.2,1004.3,67,0.0,196,54.9,55.5,594.0,2.3,11.2,155.0,1.0,2,13
2026-02-01 14:00:00,19.4,48,9.2,1003.3,46,0.1,196,48.9,49.5,452.0,2.5,10.9,152.0,1.0,2,14
2026-02-01 15:00:00,19.7,47,11.3,1003.1,8,0.0,196,45.8,46.8,361.0,3.3,10.2,144.0,1.0,2,15
2026-02-01 16:00:00,19.4,47,9.9,1003.2,0,0.0,197,47.0,48.3,336.0,5.7,9.7,129.0,2.0,2,16
2026-02-01 17:00:00,19.4,42,5.2,1002.7,5,0.0,197,68.9,72.4,462.0,14.2,9.5,99.0,6.0,2,17
2026-02-01 18:00:00,18.2,51,5.3,1003.2,0,0.0,197,85.7,88.2,854.0,23.5,11.2,83.0,5.0,2,18
2026-02-01 19:00:00,16.7,58,6.5,1003.6,0,0.0,198,108.3,110.6,1396.0,36.7,13.7,61.0,5.0,2,19
2026-02-01 20:00:00,15.5,63,6.4,1003.8,0,0.0,198,136.0,138.8,1824.0,48.7,16.3,41.0,4.0,2,20
2026-02-01 21:00:00,14.8,67,7.2,1004.3,0,0.0,200,159.3,164.8,2043.0,58.8,19.5,27.0,4.0,2,21
2026-02-01 22:00:00,14.0,69,8.8,1004.7,7,0.0,202,181.6,187.7,2147.0,67.7,23.0,16.0,4.0,2,22
2026-02-01 23:00:00,13.6,77,6.0,1004.4,17,0.0,204,198.4,204.0,2156.0,72.7,24.7,8.0,4.0,2,23
2026-02-02 00:00:00,13.5,78,5.8,1004.5,21,0.0,206,193.2,198.8,2035.0,71.6,23.5,4.0,5.0,2,0
2026-02-02 01:00:00,13.0,80,4.5,1004.4,45,0.0,208,176.5,182.5,1820.0,66.6,20.5,4.0,5.0,2,1
2026-02-02 02:00:00,12.2,85,2.8,1004.5,66,0.0,208,162.5,169.0,1631.0,61.2,17.9,4.0,6.0,2,2
2026-02-02 03:00:00,11.8,87,2.9,1004.8,98,0.0,208,151.8,158.8,1479.0,55.9,16.0,5.0,6.0,2,3
2026-02-02 04:00:00,11.6,86,5.2,1004.3,99,0.0,208,145.8,152.3,1354.0,50.1,14.4,8.0,5.0,2,4
2026-02-02 05:00:00,11.5,85,5.3,1004.0,96,0.0,208,182.5,190.0,1349.0,58.4,19.0,3.0,6.0,2,5
2026-02-02 06:00:00,10.8,87,5.7,1004.4,100,0.0,209,169.5,176.5,1602.0,56.6,19.7,3.0,5.0,2,6
2026-02-02 07:00:00,10.2,89,6.5,1005.0,35,0.0,209,177.9,184.4,1976.0,53.7,20.7,4.0,4.0,2,7
2026-02-02 08:00:00,10.1,88,6.2,1005.5,25,0.0,208,203.0,209.5,2150.0,47.8,21.3,18.0,3.0,2,8
2026-02-02 09:00:00,12.5,76,3.3,1006.3,100,0.0,207,186.7,191.4,1938.0,36.4,21.4,58.0,2.0,2,9
2026-02-02 10:00:00,15.6,64,1.1,1006.8,100,0.0,207,156.5,159.7,1526.0,22.2,21.1,110.0,2.0,2,10
2026-02-02 11:00:00,18.1,57,3.4,1006.8,83,0.0,208,115.5,116.6,1155.0,11.1,20.4,149.0,2.0,2,11
2026-02-02 12:00:00,19.5,50,4.7,1006.0,64,0.0,209,89.9,91.5,895.0,5.6,19.1,164.0,3.0,2,12
2026-02-02 13:00:00,20.4,44,6.0,1005.0,5,0.0,210,71.0,73.1,676.0,3.2,17.3,165.0,4.0,2,13
2026-02-02 14:00:00,20.9,40,6.5,1004.0,23,0.0,210,59.4,61.9,528.0,2.9,15.6,160.0,5.0,2,14
2026-02-02 15:00:00,21.1,38,6.4,1003.1,6,0.0,211,54.0,56.8,436.0,4.4,13.9,148.0,5.0,2,15
2026-02-02 16:00:00,20.8,39,6.7,1003.0,13,0.0,211,52.4,55.1,415.0,8.0,12.2,129.0,4.0,2,16
2026-02-02 17:00:00,20.1,42,7.1,1002.7,5,0.0,211,50.3,52.0,538.0,13.6,10.6,100.0,3.0,2,17
2026-02-02 18:00:00,18.9,48,7.8,1002.5,34,0.0,211,73.1,74.5,942.0,25.8,11.8,80.0,3.0,2,18
2026-02-02 19:00:00,17.5,53,7.4,1003.0,2,0.0,210,100.6,103.6,1491.0,42.7,13.7,52.0,2.0,2,19
2026-02-02 20:00:00,16.1,59,5.8,1003.2,3,0.0,210,133.2,136.9,1850.0,56.8,16.2,29.0,2.0,2,20
2026-02-02 21:00:00,15.3,63,6.5,1003.5,0,0.0,210,165.8,170.0,1824.0,65.9,19.7,16.0,2.0,2,21
2026-02-02 22:00:00,14.8,65,3.6,1003.3,0,0.0,210,194.6,198.4,1607.0,72.2,23.9,7.0,2.0,2,22
2026-02-02 23:00:00,13.7,75,2.6,1003.2,0,0.0,211,204.4,208.6,1447.0,74.2,27.3,2.0,3.0,2,23
2026-02-03 00:00:00,14.1,70,3.1,1002.7,0,0.0,211,181.6,186.3,1446.0,69.5,29.4,2.0,4.0,2,0
2026-02-03 01:00:00,13.8,71,1.7,1002.7,0,0.0,210,129.5,135.0,1502.0,60.5,30.9,5.0,5.0,2,1
2026-02-03 02:00:00,12.8,76,3.4,1002.5,0,0.0,208,98.5,104.8,1557.0,52.9,32.0,8.0,6.0,2,2
2026-02-03 03:00:00,12.3,79,4.1,1002.2,0,0.0,206,87.3,94.5,1549.0,48.6,32.9,10.0,7.0,2,3
2026-02-03 04:00:00,11.8,82,2.6,1001.9,0,0.0,203,85.2,92.9,1542.0,45.8,33.5,12.0,8.0,2,4
2026-02-03 05:00:00,11.5,85,0.9,1001.8,0,0.0,200,83.4,90.3,1663.0,42.4,43.7,17.0,9.0,2,5
2026-02-03 06:00:00,11.7,85,0.8,1002.1,0,0.0,197,92.4,100.6,2113.0,44.0,43.2,12.0,9.0,2,6
2026-02-03 07:00:00,11.2,87,2.2,1002.9,5,0.0,195,113.9,123.4,2692.0,45.9,42.5,7.0,8.0,2,7
2026-02-03 08:00:00,11.4,84,5.2,1003.5,94,0.0,193,146.2,154.1,2934.0,44.5,41.4,10.0,8.0,2,8
2026-02-03 09:00:00,13.3,74,5.3,1004.5,95,0.0,191,116.6,122.9,2526.0,37.1,39.9,29.0,8.0,2,9
2026-02-03 10:00:00,16.3,61,3.5,1005.2,59,0.0,189,94.5,99.4,1781.0,26.4,38.1,57.0,8.0,2,10
2026-02-03 11:00:00,19.1,52,4.6,1005.1,100,0.0,188,75.0,79.4,1175.0,17.5,36.0,83.0,8.0,2,11
2026-02-03 12:00:00,20.5,47,4.9,1004.6,99,0.0,186,61.9,67.1,887.0,12.0,33.7,105.0,10.0,2,12
2026-02-03 13:00:00,21.5,44,5.2,1003.6,93,0.0,186,57.2,63.3,737.0,8.3,31.1,124.0,12.0,2,13
2026-02-03 14:00:00,22.0,43,4.8,1002.9,99,0.0,185,56.1,63.6,659.0,6.4,28.2,134.0,14.0,2,14
2026-02-03 15:00:00,22.3,42,4.3,1002.4,100,0.0,185,54.9,63.6,633.0,6.8,24.5,131.0,14.0,2,15
2026-02-03 16:00:00,22.1,43,6.1,1002.4,98,0.0,185,55.1,63.8,678.0,9.2,20.5,118.0,14.0,2,16
2026-02-03 17:00:00,21.3,47,7.7,1002.6,85,0.0,185,82.7,97.6,784.0,17.0,24.2,110.0,27.0,2,17
2026-02-03 18:00:00,19.5,55,9.9,1002.6,10,0.0,186,102.2,115.3,994.0,19.7,23.3,100.0,24.0,2,18
2026-02-03 19:00:00,18.3,60,9.1,1003.1,0,0.0,187,109.4,120.6,1265.0,23.3,22.0,87.0,21.0,2,19
2026-02-03 20:00:00,17.0,67,8.2,1003.4,0,0.0,187,113.2,123.4,1453.0,25.4,20.8,77.0,18.0,2,20
2026-02-03 21:00:00,15.9,73,9.1,1004.1,0,0.0,187,117.1,126.7,1488.0,24.3,19.9,74.0,17.0,2,21
2026-02-03 22:00:00,15.0,75,9.8,1004.7,0,0.0,185,119.7,129.0,1441.0,21.5,19.0,73.0,17.0,2,22
2026-02-03 23:00:00,15.0,73,10.4,1005.0,0,0.0,183,122.0,131.3,1377.0,19.5,18.2,72.0,17.0,2,23
2026-02-04 00:00:00,14.8,72,10.0,1005.0,0,0.0,180,122.9,132.2,1303.0,19.0,17.2,68.0,17.0,2,0
2026-02-04 01:00:00,14.1,74,10.3,1005.3,0,0.0,179,123.9,133.2,1212.0,19.1,16.2,64.0,16.0,2,1
2026-02-04 02:00:00,13.8,73,9.7,1005.1,0,0.0,179,128.5,137.8,1149.0,19.8,15.5,58.0,16.0,2,2
2026-02-04 03:00:00,13.3,73,9.0,1005.1,0,0.0,179,136.0,145.3,1114.0,21.1,15.1,51.0,16.0,2,3
2026-02-04 04:00:00,12.8,72,8.8,1005.1,0,0.0,181,145.8,154.6,1106.0,23.0,15.1,43.0,15.0,2,4
2026-02-04 05:00:00,12.6,74,6.9,1005.4,2,0.0,183,69.6,72.6,1168.0,10.5,7.6,62.0,5.0,2,5
2026-02-04 06:00:00,11.8,77,6.3,1006.0,10,0.0,182,71.5,74.5,1373.0,17.8,9.4,53.0,5.0,2,6
2026-02-04 07:00:00,11.1,79,5.9,1006.7,59,0.0,182,84.5,87.5,1649.0,27.6,11.9,41.0,5.0,2,7
2026-02-04 08:00:00,10.8,78,7.8,1007.3,1,0.0,181,114.1,117.6,1817.0,32.4,13.6,40.0,5.0,2,8
2026-02-04 09:00:00,12.6,70,5.9,1008.1,0,0.0,180,124.3,128.1,1806.0,27.5,13.8,60.0,5.0,2,9
2026-02-04 10:00:00,15.4,60,4.0,1008.8,9,0.0,180,88.9,92.0,1689.0,17.7,13.2,92.0,5.0,2,10
2026-02-04 11:00:00,18.3,52,4.1,1008.8,13,0.0,180,82.0,85.4,1504.0,9.6,12.5,118.0,6.0,2,11
2026-02-04 12:00:00,20.3,46,4.9,1008.0,9,0.0,180,75.0,80.1,1208.0,5.6,11.7,136.0,9.0,2,12
2026-02-04 13:00:00,21.7,41,5.8,1006.8,27,0.0,180,64.5,71.9,844.0,3.4,10.8,148.0,14.0,2,13
2026-02-04 14:00:00,22.5,36,6.5,1005.7,29,0.0,181,49.2,57.9,584.0,2.9,9.9,152.0,16.0,2,14
2026-02-04 15:00:00,22.7,34,6.8,1005.2,94,0.0,181,42.5,50.4,476.0,4.2,8.9,142.0,15.0,2,15
2026-02-04 16:00:00,22.5,33,6.8,1005.1,100,0.0,180,42.4,49.5,472.0,7.2,8.0,122.0,12.0,2,16
2026-02-04 17:00:00,21.6,37,7.5,1004.7,99,0.0,180,48.4,53.8,591.0,11.9,8.0,96.0,10.0,2,17
2026-02-04 18:00:00,20.2,44,8.4,1004.6,97,0.0,179,67.8,72.6,925.0,18.3,8.9,84.0,10.0,2,18
2026-02-04 19:00:00,18.9,49,7.3,1005.0,20,0.0,178,87.3,92.0,1383.0,27.5,10.4,66.0,9.0,2,19
2026-02-04 20:00:00,17.6,54,6.0,1005.3,8,0.0,177,103.6,108.5,1710.0,36.7,12.3,51.0,9.0,2,20
2026-02-04 21:00:00,16.4,60,5.2,1005.4,0,0.0,177,123.4,129.9,1793.0,46.6,15.5,39.0,9.0,2,21
2026-02-04 22:00:00,15.3,66,7.1,1005.5,0,0.0,177,146.2,154.6,1745.0,56.5,19.2,30.0,10.0,2,22
2026-02-04 23:00:00,14.4,73,6.6,1005.2,0,0.0,178,170.0,178.8,1656.0,62.0,21.1,23.0,10.0,2,23
2026-02-05 00:00:00,14.0,75,8.1,1004.8,0,0.0,179,180.2,189.5,1527.0,60.4,19.7,20.0,9.0,2,0
2026-02-05 01:00:00,13.4,77,8.8,1004.6,0,0.0,181,159.3,167.2,1357.0,54.3,16.5,20.0,8.0,2,1
2026-02-05 02:00:00,12.9,80,8.0,1004.2,0,0.0,182,123.4,130.4,1233.0,47.1,13.6,21.0,7.0,2,2
2026-02-05 03:00:00,12.3,82,7.3,1004.1,0,0.0,182,100.1,104.8,1163.0,38.2,11.7,25.0,6.0,2,3
2026-02-05 04:00:00,11.9,84,7.0,1003.9,0,0.0,181,85.0,88.7,1140.0,28.2,10.2,31.0,5.0,2,4
2026-02-05 05:00:00,11.7,86,7.2,1003.5,0,0.0,179,102.9,109.7,1230.0,38.1,18.4,19.0,7.0,2,5
2026-02-05 06:00:00,11.4,86,5.8,1003.7,0,0.0,180,98.5,104.8,1571.0,38.5,19.5,15.0,6.0,2,6
2026-02-05 07:00:00,10.9,88,3.8,1004.1,0,0.0,181,104.3,110.1,2026.0,38.8,21.1,11.0,6.0,2,7
2026-02-05 08:00:00,10.9,88,3.5,1004.3,0,0.0,181,120.1,125.7,2248.0,36.6,22.3,18.0,5.0,2,8
2026-02-05 09:00:00,13.1,76,1.1,1005.2,0,0.0,181,104.3,108.0,2025.0,29.6,22.1,44.0,5.0,2,9
2026-02-05 10:00:00,16.4,62,1.8,1006.2,0,0.0,181,76.1,80.3,1568.0,20.1,21.5,81.0,4.0,2,10
2026-02-05 11:00:00,19.6,51,1.8,1006.0,0,0.0,180,54.2,57.6,1171.0,12.7,22.6,111.0,5.0,2,11
2026-02-05 12:00:00,21.5,41,3.7,1005.2,0,0.0,180,49.2,54.1,928.0,9.2,27.7,130.0,8.0,2,12
2026-02-05 13:00:00,22.6,38,5.3,1003.8,0,0.0,179,50.2,56.6,744.0,7.7,34.4,142.0,11.0,2,13
2026-02-05 14:00:00,23.3,37,5.2,1002.9,0,0.0,178,50.9,58.0,623.0,7.5,37.7,146.0,13.0,2,14
2026-02-05 15:00:00,23.6,36,5.3,1002.3,0,0.0,179,51.0,58.2,554.0,8.3,34.3,140.0,12.0,2,15
2026-02-05 16:00:00,23.6,37,6.2,1002.0,0,0.0,179,53.0,59.5,548.0,10.3,27.4,126.0,11.0,2,16
2026-02-05 17:00:00,22.7,39,7.1,1002.2,0,0.0,179,65.4,72.4,647.0,13.8,16.8,103.0,13.0,2,17
2026-02-05 18:00:00,21.1,44,7.7,1002.2,0,0.0,180,83.6,89.9,934.0,20.7,16.3,88.0,12.0,2,18
2026-02-05 19:00:00,19.5,50,6.8,1002.7,0,0.0,180,100.8,106.9,1325.0,30.5,15.6,67.0,11.0,2,19
2026-02-05 20:00:00,18.7,53,5.5,1002.8,0,0.0,180,122.0,128.1,1614.0,39.4,15.6,49.0,11.0,2,20
2026-02-05 21:00:00,18.1,55,4.3,1003.3,0,0.0,181,143.4,149.9,1716.0,46.5,17.0,37.0,11.0,2,21
2026-02-05 22:00:00,17.2,58,5.1,1003.4,0,0.0,182,170.9,177.4,1715.0,52.9,19.2,28.0,12.0,2,22
2026-02-05 23:00:00,16.5,62,7.7,1003.3,0,0.0,182,193.2,202.6,1654.0,57.8,20.7,20.0,13.0,2,23
2026-02-06 00:00:00,15.8,64,7.9,1003.2,0,0.0,183,204.9,217.0,1515.0,61.1,21.2,13.0,13.0,2,0
2026-02-06 01:00:00,15.1,67,7.8,1002.8,0,0.0,184,211.9,223.5,1316.0,63.0,21.1,7.0,13.0,2,1
2026-02-06 02:00:00,14.6,68,7.6,1002.4,0,0.0,185,214.7,225.8,1155.0,63.2,20.4,3.0,13.0,2,2
2026-02-06 03:00:00,14.0,69,7.9,1001.9,0,0.0,188,209.5,219.8,1052.0,61.1,18.6,2.0,12.0,2,3
2026-02-06 04:00:00,13.5,71,7.9,1001.6,0,0.0,191,196.5,206.8,986.0,57.4,16.1,3.0,12.0,2,4
2026-02-06 05:00:00,13.6,71,8.6,1001.8,0,0.0,195,116.9,122.5,994.0,23.2,11.1,44.0,10.0,2,5
2026-02-06 06:00:00,13.3,71,7.6,1002.2,0,0.0,195,112.0,117.1,1151.0,24.8,11.0,39.0,9.0,2,6
2026-02-06 07:00:00,12.8,72,7.2,1002.7,0,0.0,195,113.6,118.7,1382.0,26.9,10.7,33.0,9.0,2,7
2026-02-06 08:00:00,12.8,71,8.1,1003.3,0,0.0,196,117.3,122.0,1495.0,26.7,10.5,35.0,8.0,2,8
2026-02-06 09:00:00,15.0,62,6.8,1004.0,0,0.0,196,103.6,106.9,1378.0,22.3,9.8,53.0,7.0,2,9
2026-02-06 10:00:00,17.9,52,5.8,1004.3,0,0.0,196,91.5,94.8,1144.0,15.8,9.1,79.0,6.0,2,10
2026-02-06 11:00:00,20.8,43,8.1,1004.1,0,0.0,196,76.4,80.3,940.0,10.3,9.6,103.0,7.0,2,11
2026-02-06 12:00:00,22.4,40,9.8,1003.3,0,0.0,197,64.3,69.8,814.0,6.9,12.5,123.0,12.0,2,12
2026-02-06 13:00:00,23.6,38,11.1,1002.1,13,0.0,197,56.6,65.2,718.0,4.6,16.6,142.0,19.0,2,13
2026-02-06 14:00:00,24.6,37,11.1,1000.9,0,0.0,197,49.0,61.9,652.0,4.0,19.1,149.0,24.0,2,14
2026-02-06 15:00:00,25.0,36,11.0,999.9,8,0.0,197,43.1,59.0,579.0,5.6,18.4,139.0,26.0,2,15
2026-02-06 16:00:00,24.9,36,10.6,999.5,36,0.0,197,41.2,57.4,536.0,8.9,16.1,119.0,27.0,2,16
2026-02-06 17:00:00,24.0,38,9.9,999.4,45,0.0,197,33.9,46.6,640.0,10.7,14.7,97.0,24.0,2,17
2026-02-06 18:00:00,22.9,40,9.6,999.6,26,0.0,196,47.0,56.9,1025.0,16.1,15.0,86.0,21.0,2,18
2026-02-06 19:00:00,21.7,42,7.7,999.9,41,0.0,195,59.0,68.0,1556.0,23.7,15.5,70.0,18.0,2,19
2026-02-06 20:00:00,20.3,46,7.6,1000.4,30,0.0,193,70.3,78.7,1951.0,30.0,16.3,57.0,15.0,2,20
2026-02-06 21:00:00,19.4,48,8.9,1000.9,21,0.0,192,80.6,88.5,2109.0,33.3,17.9,52.0,14.0,2,21
2026-02-06 22:00:00,18.7,49,7.7,1001.2,37,0.0,190,94.1,101.7,2130.0,35.4,19.8,49.0,14.0,2,22
2026-02-06 23:00:00,18.2,52,3.5,1001.3,92,0.0,188,108.7,116.4,2032.0,37.5,21.1,46.0,14.0,2,23
2026-02-07 00:00:00,17.3,55,4.9,1001.0,100,0.0,185,122.0,129.9,1756.0,41.2,21.7,38.0,14.0,2,0
2026-02-07 01:00:00,16.5,60,7.0,1001.0,99,0.0,183,131.3,140.6,1361.0,45.0,21.7,29.0,15.0,2,1
2026-02-07 02:00:00,15.0,74,11.3,1001.0,100,0.0,180,140.6,151.8,1042.0,45.7,20.8,23.0,14.0,2,2
2026-02-07 03:00:00,14.3,85,11.9,1000.9,54,0.0,178,141.6,153.2,872.0,41.1,18.3,21.0,12.0,2,3
2026-02-07 04:00:00,14.2,84,13.3,1000.8,1,0.0,176,116.9,123.9,777.0,33.6,15.0,23.0,9.0,2,4
2026-02-07 05:00:00,13.8,86,13.0,1001.2,1,0.0,174,81.5,84.3,730.0,19.0,14.0,40.0,5.0,2,5
2026-02-07 06:00:00,13.3,85,12.3,1001.9,0,0.0,173,73.1,75.4,753.0,18.2,13.3,38.0,5.0,2,6
2026-02-07 07:00:00,12.5,86,12.2,1002.6,0,0.0,172,71.5,73.6,823.0,17.1,12.5,37.0,4.0,2,7
2026-02-07 08:00:00,12.7,81,11.1,1003.1,0,0.0,170,71.5,74.0,848.0,15.5,12.1,42.0,5.0,2,8
2026-02-07 09:00:00,14.2,71,9.1,1003.6,0,0.0,169,69.6,72.6,774.0,13.2,12.7,59.0,8.0,2,9
2026-02-07 10:00:00,16.4,60,9.1,1003.8,0,0.0,168,63.8,69.8,655.0,10.4,13.8,83.0,13.0,2,10
2026-02-07 11:00:00,19.0,52,9.5,1003.8,0,0.0,167,58.3,68.5,560.0,7.9,14.7,105.0,18.0,2,11
2026-02-07 12:00:00,20.8,46,9.2,1003.2,0,0.0,167,53.4,66.6,513.0,5.7,15.4,124.0,22.0,2,12
2026-02-07 13:00:00,22.1,42,7.3,1002.0,0,0.0,166,48.9,64.0,491.0,3.8,15.9,141.0,26.0,2,13
2026-02-07 14:00:00,22.9,40,6.1,1000.9,0,0.0,166,46.2,61.9,484.0,3.2,16.1,149.0,29.0,2,14
2026-02-07 15:00:00,23.2,40,5.8,1000.2,0,0.0,166,44.9,62.4,460.0,3.9,15.6,144.0,29.0,2,15
2026-02-07 16:00:00,23.1,40,6.0,999.6,0,0.0,166,45.4,64.0,453.0,6.0,14.8,131.0,28.0,2,16
2026-02-07 17:00:00,22.7,42,5.5,999.3,0,0.0,166,47.3,63.1,556.0,9.8,15.1,116.0,29.0,2,17
2026-02-07 18:00:00,21.2,48,8.3,999.5,0,0.0,167,66.4,81.3,847.0,20.2,15.9,97.0,29.0,2,18
2026-02-07 19:00:00,19.6,55,7.2,999.9,0,0.0,167,89.2,104.1,1249.0,34.4,17.0,71.0,28.0,2,19
2026-02-07 20:00:00,18.5,60,5.6,1000.3,0,0.0,168,109.7,124.8,1625.0,44.6,17.9,51.0,28.0,2,20
2026-02-07 21:00:00,17.6,64,4.3,1000.9,0,0.0,169,122.0,137.4,1937.0,46.3,18.6,44.0,28.0,2,21
2026-02-07 22:00:00,16.8,68,4.4,1001.0,0,0.0,170,131.8,148.5,2224.0,43.9,19.1,44.0,29.0,2,22
2026-02-07 23:00:00,16.0,75,2.7,1000.7,0,0.0,172,141.6,160.7,2465.0,43.1,19.5,42.0,30.0,2,23
2026-02-08 00:00:00,15.9,73,3.4,1000.4,0,0.0,173,147.6,168.6,2669.0,46.5,19.8,35.0,31.0,2,0
2026-02-08 01:00:00,15.1,78,3.2,1000.1,0,0.0,173,151.3,172.8,2828.0,51.4,20.1,26.0,32.0,2,1
2026-02-08 02:00:00,14.3,81,5.2,999.8,0,0.0,174,153.2,175.6,2894.0,55.7,20.2,19.0,33.0,2,2
2026-02-08 03:00:00,13.5,83,6.4,999.3,0,0.0,174,155.5,178.3,2826.0,58.6,20.0,13.0,33.0,2,3
2026-02-08 04:00:00,12.9,85,5.6,998.8,0,0.0,175,157.4,180.2,2665.0,60.9,19.7,9.0,33.0,2,4
2026-02-08 05:00:00,12.3,85,6.6,999.1,0,0.0,176,153.7,177.0,2490.0,59.5,21.2,15.0,34.0,2,5
2026-02-08 06:00:00,11.8,86,5.8,999.5,0,0.0,178,159.3,182.5,2342.0,61.5,22.9,12.0,34.0,2,6
2026-02-08 07:00:00,11.3,88,5.1,1000.3,0,0.0,181,177.4,199.8,2180.0,63.6,25.0,9.0,33.0,2,7
2026-02-08 08:00:00,11.3,87,5.1,1000.7,0,0.0,184,206.3,228.2,1955.0,60.3,25.5,19.0,33.0,2,8
2026-02-08 09:00:00,13.8,73,2.7,1001.5,0,0.0,188,210.9,226.3,1598.0,46.4,22.6,55.0,33.0,2,9
2026-02-08 10:00:00,17.1,58,1.2,1001.9,0,0.0,192,117.1,133.2,1179.0,27.0,17.9,105.0,32.0,2,10
2026-02-08 11:00:00,19.9,47,0.9,1001.5,0,0.0,194,82.9,101.0,859.0,12.1,14.6,144.0,33.0,2,11
2026-02-08 12:00:00,22.0,41,1.9,1001.0,0,0.0,194,63.6,85.2,718.0,5.7,14.2,162.0,36.0,2,12
2026-02-08 13:00:00,23.1,39,2.3,999.5,38,0.0,195,54.4,76.6,676.0,3.8,15.2,168.0,40.0,2,13
2026-02-08 14:00:00,24.0,38,2.2,998.3,100,0.0,195,51.0,73.3,659.0,3.7,15.6,167.0,42.0,2,14
2026-02-08 15:00:00,24.4,36,1.9,997.4,100,0.0,195,49.7,71.2,600.0,4.9,14.4,157.0,39.0,2,15
2026-02-08 16:00:00,24.4,36,2.1,997.0,100,0.0,195,48.8,68.9,565.0,8.0,12.7,139.0,34.0,2,16
2026-02-08 17:00:00,23.8,37,3.1,996.6,100,0.0,195,62.2,82.2,675.0,13.4,11.4,122.0,38.0,2,17
2026-02-08 18:00:00,22.3,41,3.9,996.5,100,0.0,196,76.6,94.3,1048.0,17.7,11.2,109.0,34.0,2,18
2026-02-08 19:00:00,20.9,45,5.2,997.0,100,0.0,196,87.5,103.1,1566.0,23.5,10.9,91.0,28.0,2,19
2026-02-08 20:00:00,20.1,49,4.6,997.6,100,0.0,196,91.0,104.3,2002.0,27.5,10.6,76.0,24.0,2,20
2026-02-08 21:00:00,19.7,51,2.7,997.7,100,0.0,195,92.4,104.1,2307.0,27.8,10.5,68.0,22.0,2,21
2026-02-08 22:00:00,19.1,54,2.3,997.6,100,0.0,194,97.6,108.7,2530.0,26.3,10.4,64.0,21.0,2,22
2026-02-08 23:00:00,18.3,62,5.3,997.6,100,0.0,193,104.3,115.5,2591.0,25.3,10.3,60.0,20.0,2,23
2026-02-09 00:00:00,17.8,65,5.9,997.2,99,0.0,192,106.2,118.3,2378.0,25.9,10.0,54.0,20.0,2,0
2026-02-09 01:00:00,17.1,69,3.6,997.0,99,0.0,191,105.2,118.3,2004.0,27.2,9.6,48.0,19.0,2,1
2026-02-09 02:00:00,16.5,72,3.2,996.7,99,0.0,190,105.9,119.7,1723.0,28.3,9.4,43.0,19.0,2,2
2026-02-09 03:00:00,16.1,75,4.1,996.3,100,0.0,188,108.0,121.5,1650.0,29.4,9.4,39.0,18.0,2,3
2026-02-09 04:00:00,15.8,77,6.5,995.7,100,0.0,187,107.1,120.1,1670.0,30.4,9.5,36.0,18.0,2,4
2026-02-09 05:00:00,15.4,79,7.7,995.7,96,0.0,185,92.2,102.4,1698.0,23.5,8.2,47.0,14.0,2,5
2026-02-09 06:00:00,14.7,80,9.4,995.9,97,0.0,183,79.9,87.8,1733.0,23.6,7.7,46.0,11.0,2,6
2026-02-09 07:00:00,14.4,77,8.6,996.7,91,0.0,181,76.1,82.4,1776.0,23.6,7.2,44.0,8.0,2,7
2026-02-09 08:00:00,14.7,73,4.7,997.4,34,0.0,178,74.5,79.2,1744.0,22.3,7.1,48.0,5.0,2,8
2026-02-09 09:00:00,16.3,63,1.5,998.2,99,0.0,174,68.2,71.7,1581.0,18.7,8.0,59.0,4.0,2,9
2026-02-09 10:00:00,18.4,53,2.4,998.8,100,0.0,170,61.2,64.7,1342.0,13.8,9.3,74.0,4.0,2,10
2026-02-09 11:00:00,20.4,47,2.1,999.0,100,0.0,168,58.3,60.8,1109.0,9.7,10.5,92.0,4.0,2,11
2026-02-09 12:00:00,20.9,48,2.0,998.7,85,0.5,168,55.6,57.9,893.0,6.9,11.4,116.0,5.0,2,12
2026-02-09 13:00:00,22.2,43,5.0,997.7,33,0.0,167,52.6,55.3,683.0,4.9,12.1,141.0,5.0,2,13
2026-02-09 14:00:00,23.8,38,4.5,996.6,22,0.0,167,46.8,49.8,524.0,4.2,12.2,156.0,6.0,2,14
2026-02-09 15:00:00,24.4,36,4.1,996.1,23,0.0,167,40.3,43.9,420.0,5.0,11.2,152.0,6.0,2,15
2026-02-09 16:00:00,24.5,36,6.9,995.8,16,0.0,167,37.7,41.7,368.0,7.1,9.6,136.0,6.0,2,16
2026-02-09 17:00:00,24.2,33,6.9,995.7,10,0.0,167,49.7,53.2,398.0,8.7,14.3,115.0,6.0,2,17
2026-02-09 18:00:00,22.5,43,11.1,995.7,3,0.0,166,55.3,58.0,585.0,11.8,14.8,103.0,6.0,2,18
2026-02-09 19:00:00,20.8,51,10.8,996.0,9,0.0,166,60.1,62.6,855.0,16.0,15.5,87.0,5.0,2,19
2026-02-09 20:00:00,19.1,59,10.8,996.5,2,0.0,165,62.6,65.4,1018.0,18.0,15.6,77.0,5.0,2,20
2026-02-09 21:00:00,17.6,69,13.4,997.5,13,0.0,164,60.5,63.8,973.0,15.9,14.8,77.0,6.0,2,21
2026-02-09 22:00:00,16.8,77,13.7,998.0,70,0.0,163,53.9,57.5,822.0,11.7,13.5,83.0,6.0,2,22
2026-02-09 23:00:00,16.7,82,14.7,998.1,99,0.0,162,47.4,51.3,675.0,8.3,12.4,88.0,7.0,2,23
2026-02-10 00:00:00,16.4,82,15.3,998.1,98,0.0,160,43.8,48.1,560.0,6.7,11.7,89.0,7.0,2,0
2026-02-10 01:00:00,15.9,81,17.5,998.1,48,0.0,158,41.9,46.3,450.0,5.9,11.3,88.0,7.0,2,1
2026-02-10 02:00:00,15.3,79,16.6,997.9,74,0.0,156,41.9,45.8,375.0,5.3,10.9,88.0,7.0,2,2
2026-02-10 03:00:00,14.8,79,17.7,997.8,84,0.0,154,43.1,46.7,353.0,4.7,10.7,88.0,7.0,2,3
2026-02-10 04:00:00,14.4,78,18.4,997.5,22,0.0,152,44.1,47.7,366.0,4.4,10.6,89.0,7.0,2,4
2026-02-10 05:00:00,14.4,80,15.7,997.8,13,0.0,150,52.4,54.9,386.0,5.9,12.7,80.0,5.0,2,5
2026-02-10 06:00:00,14.0,83,16.0,998.4,1,0.0,147,53.2,56.7,411.0,6.8,12.0,78.0,6.0,2,6
2026-02-10 07:00:00,13.8,84,16.0,999.4,1,0.0,145,54.9,58.8,444.0,7.9,11.1,76.0,7.0,2,7
2026-02-10 08:00:00,14.2,82,17.2,1000.0,0,0.0,143,55.2,59.4,464.0,8.3,10.2,77.0,8.0,2,8
2026-02-10 09:00:00,15.4,76,15.4,1000.8,0,0.0,140,54.2,59.6,459.0,7.2,9.4,84.0,10.0,2,9
2026-02-10 10:00:00,17.0,69,17.2,1001.3,0,0.0,139,50.4,57.5,440.0,5.4,8.7,93.0,13.0,2,10
2026-02-10 11:00:00,18.9,63,17.9,1001.7,1,0.0,138,45.6,53.9,424.0,3.9,8.4,103.0,15.0,2,11
2026-02-10 12:00:00,20.2,57,18.0,1001.2,0,0.0,137,40.4,49.2,414.0,2.9,8.7,113.0,16.0,2,12
2026-02-10 13:00:00,21.2,53,17.0,1000.4,0,0.0,135,36.1,44.7,406.0,2.2,9.3,123.0,16.0,2,13
2026-02-10 14:00:00,21.8,51,16.5,999.5,0,0.0,133,32.7,41.1,405.0,2.1,9.7,128.0,15.0,2,14
2026-02-10 15:00:00,22.3,48,15.5,999.5,0,0.0,132,31.0,39.0,403.0,2.7,9.5,126.0,14.0,2,15
2026-02-10 16:00:00,22.1,48,15.4,999.6,2,0.0,131,30.5,37.8,406.0,3.9,9.1,120.0,12.0,2,16
2026-02-10 17:00:00,21.7,49,13.3,999.4,2,0.0,130,45.4,51.1,441.0,6.5,10.0,99.0,10.0,2,17
2026-02-10 18:00:00,20.4,55,11.7,1000.4,1,0.0,130,50.8,55.6,540.0,10.1,9.9,90.0,10.0,2,18
2026-02-10 19:00:00,19.1,60,11.0,1001.6,2,0.0,129,56.5,61.2,671.0,14.9,9.9,77.0,9.0,2,19
2026-02-10 20:00:00,18.2,64,12.0,1002.2,0,0.0,129,57.6,62.4,754.0,17.8,9.7,68.0,9.0,2,20
2026-02-10 21:00:00,17.3,68,11.6,1003.1,0,0.0,128,54.8,59.8,750.0,16.8,9.5,68.0,9.0,2,21
2026-02-10 22:00:00,16.3,72,11.1,1003.5,0,0.0,128,51.6,56.3,699.0,13.8,9.2,72.0,8.0,2,22
2026-02-10 23:00:00,16.0,76,11.0,1003.6,0,0.0,127,49.6,54.0,646.0,11.5,8.8,74.0,8.0,2,23
2026-02-11 00:00:00,15.6,77,10.0,1003.7,1,0.0,128,47.7,51.8,601.0,10.9,8.4,70.0,8.0,2,0
2026-02-11 01:00:00,15.0,80,10.6,1003.9,0,0.0,128,47.1,51.1,553.0,10.8,7.9,65.0,7.0,2,1
2026-02-11 02:00:00,14.3,84,10.3,1003.8,0,0.0,129,47.5,51.2,517.0,10.7,7.5,60.0,7.0,2,2
2026-02-11 03:00:00,13.7,87,10.5,1003.8,0,0.0,129,48.0,51.5,490.0,9.9,7.2,58.0,6.0,2,3
2026-02-11 04:00:00,13.3,89,10.5,1003.7,0,0.0,130,48.0,51.2,474.0,9.1,7.0,57.0,6.0,2,4
2026-02-11 05:00:00,13.0,87,11.2,1004.1,0,0.0,130,52.9,56.0,496.0,11.2,6.6,45.0,6.0,2,5
2026-02-11 06:00:00,12.6,89,11.8,1004.8,0,0.0,130,50.9,53.8,594.0,11.9,6.7,43.0,5.0,2,6
2026-02-11 07:00:00,12.3,89,10.7,1005.4,0,0.0,130,51.8,54.2,730.0,12.8,6.8,40.0,4.0,2,7
2026-02-11 08:00:00,12.6,86,8.8,1005.9,0,0.0,130,53.4,55.4,809.0,12.8,7.1,44.0,4.0,2,8
2026-02-11 09:00:00,14.4,76,6.1,1007.0,0,0.0,129,51.0,53.0,783.0,11.0,7.6,58.0,5.0,2,9
2026-02-11 10:00:00,16.9,66,6.2,1007.5,0,0.0,129,47.1,49.6,700.0,8.3,8.2,78.0,5.0,2,10
2026-02-11 11:00:00,19.7,58,8.1,1007.4,14,0.0,129,41.7,45.1,616.0,6.0,8.5,96.0,6.0,2,11
2026-02-11 12:00:00,21.6,50,8.2,1006.6,0,0.0,128,34.5,38.0,540.0,4.2,8.4,110.0,6.0,2,12
2026-02-11 13:00:00,22.7,45,7.9,1005.5,0,0.0,128,28.8,31.7,463.0,2.8,8.1,122.0,5.0,2,13
2026-02-11 14:00:00,23.5,40,8.3,1004.3,0,0.0,127,24.2,26.5,408.0,2.5,7.7,127.0,4.0,2,14
2026-02-11 15:00:00,23.8,36,8.4,1004.0,0,0.0,126,20.4,22.2,347.0,3.3,7.1,123.0,3.0,2,15
2026-02-11 16:00:00,23.6,35,8.3,1003.7,0,0.0,125,19.4,21.0,308.0,5.2,6.3,112.0,3.0,2,16
2026-02-11 17:00:00,23.0,38,8.9,1003.1,0,0.0,124,21.3,23.5,399.0,9.1,5.3,97.0,4.0,2,17
2026-02-11 18:00:00,21.8,44,9.6,1003.4,0,0.0,121,37.3,39.1,761.0,17.6,6.2,81.0,4.0,2,18
2026-02-11 19:00:00,20.8,46,5.7,1004.0,0,0.0,120,56.9,58.8,1253.0,29.7,7.4,59.0,3.0,2,19
2026-02-11 20:00:00,19.3,51,4.0,1004.1,0,0.0,120,75.0,78.5,1562.0,41.2,9.0,39.0,3.0,2,20
2026-02-11 21:00:00,18.0,58,6.9,1004.4,0,0.0,122,98.3,102.0,1507.0,52.5,11.3,24.0,3.0,2,21
2026-02-11 22:00:00,17.1,63,8.0,1004.3,0,0.0,126,119.7,123.9,1268.0,63.2,13.9,12.0,4.0,2,22
2026-02-11 23:00:00,16.5,68,7.6,1004.0,2,0.0,133,129.9,134.1,1071.0,67.4,15.2,5.0,4.0,2,23
2026-02-12 00:00:00,16.1,70,7.2,1003.6,24,0.0,142,113.6,117.1,1002.0,60.3,14.1,8.0,3.0,2,0
2026-02-12 01:00:00,15.4,74,6.6,1003.4,0,0.0,149,80.6,83.6,974.0,46.7,11.8,16.0,3.0,2,1
2026-02-12 02:00:00,14.7,78,6.5,1003.3,0,0.0,151,58.6,61.2,952.0,35.0,10.1,24.0,2.0,2,2
2026-02-12 03:00:00,14.2,81,6.1,1003.0,0,0.0,151,45.4,48.0,890.0,27.6,9.6,30.0,2.0,2,3
2026-02-12 04:00:00,13.8,82,5.3,1002.2,12,0.0,151,39.6,41.9,834.0,22.2,9.7,36.0,2.0,2,4
2026-02-12 05:00:00,13.2,85,3.6,1002.2,0,0.0,151,41.7,44.1,890.0,20.7,9.1,36.0,2.0,2,5
2026-02-12 06:00:00,12.9,86,4.4,1002.4,100,0.0,150,44.6,47.3,1203.0,25.6,10.3,28.0,2.0,2,6
2026-02-12 07:00:00,12.4,88,3.6,1002.4,99,0.0,150,57.9,60.3,1628.0,31.9,11.8,19.0,1.0,2,7
2026-02-12 08:00:00,12.5,87,2.2,1002.8,100,0.0,150,80.3,83.1,1831.0,34.1,12.5,21.0,1.0,2,8
2026-02-12 09:00:00,14.9,75,1.3,1003.7,99,0.0,151,70.1,72.2,1599.0,28.0,11.0,46.0,1.0,2,9
2026-02-12 10:00:00,18.3,59,1.5,1004.2,100,0.0,152,48.4,50.1,1145.0,17.8,8.6,82.0,1.0,2,10
2026-02-12 11:00:00,21.2,49,4.1,1004.3,100,0.0,152,36.3,37.0,780.0,9.8,8.2,112.0,1.0,2,11
2026-02-12 12:00:00,22.9,42,5.0,1003.5,100,0.0,152,26.8,27.8,628.0,6.6,11.9,128.0,2.0,2,12
2026-02-12 13:00:00,24.2,38,6.4,1002.2,100,0.0,151,24.3,25.5,564.0,5.6,17.5,137.0,2.0,2,13
2026-02-12 14:00:00,25.1,36,6.5,1001.2,99,0.0,151,24.9,26.3,525.0,5.8,21.1,140.0,3.0,2,14
2026-02-12 15:00:00,25.7,34,5.5,1000.1,100,0.0,151,25.4,27.0,471.0,6.7,20.9,135.0,3.0,2,15
2026-02-12 16:00:00,25.8,34,5.4,999.8,100,0.0,151,27.4,29.2,443.0,8.8,18.7,123.0,3.0,2,16
2026-02-12 17:00:00,24.8,35,6.9,999.4,100,0.0,152,47.1,50.4,498.0,15.5,18.4,109.0,6.0,2,17
2026-02-12 18:00:00,23.2,40,8.2,999.5,97,0.0,152,63.3,66.4,719.0,21.1,16.7,94.0,6.0,2,18
2026-02-12 19:00:00,21.5,46,8.1,999.7,100,0.0,153,75.2,78.0,1023.0,29.1,14.3,73.0,5.0,2,19
2026-02-12 20:00:00,20.6,51,9.1,999.9,99,0.0,154,86.8,89.6,1222.0,36.0,12.7,56.0,5.0,2,20
2026-02-12 21:00:00,19.5,57,10.3,1000.1,100,0.0,154,98.3,101.0,1215.0,40.7,12.7,46.0,5.0,2,21
2026-02-12 22:00:00,18.5,60,9.8,1000.1,99,0.0,154,112.2,115.5,1103.0,44.4,13.5,38.0,6.0,2,22
2026-02-12 23:00:00,17.7,64,10.1,1000.0,99,0.0,154,121.5,126.2,993.0,47.6,14.1,32.0,6.0,2,23
2026-02-13 00:00:00,17.6,63,9.5,999.6,100,0.0,154,124.8,130.9,922.0,51.4,14.2,25.0,7.0,2,0
2026-02-13 01:00:00,17.1,63,10.4,999.0,100,0.0,154,124.8,131.3,854.0,54.7,14.1,20.0,7.0,2,1
2026-02-13 02:00:00,16.9,63,10.5,998.6,100,0.0,155,122.5,129.9,792.0,55.3,13.9,17.0,8.0,2,2
2026-02-13 03:00:00,16.6,64,9.6,998.2,98,0.0,157,118.3,125.3,715.0,51.4,13.4,19.0,9.0,2,3
2026-02-13 04:00:00,16.1,65,8.6,997.5,100,0.0,159,113.2,119.2,643.0,44.7,12.7,24.0,9.0,2,4
2026-02-13 05:00:00,15.6,69,9.1,997.7,99,0.0,161,84.5,90.3,638.0,22.2,14.0,49.0,11.0,2,5
2026-02-13 06:00:00,15.2,71,9.2,997.6,100,0.0,163,87.1,94.1,771.0,24.3,14.4,43.0,11.0,2,6
2026-02-13 07:00:00,14.8,72,7.8,998.1,100,0.0,164,93.8,101.5,971.0,26.9,15.0,35.0,12.0,2,7
2026-02-13 08:00:00,15.1,72,6.3,998.8,98,0.0,165,100.1,107.6,1083.0,27.0,16.4,36.0,14.0,2,8
2026-02-13 09:00:00,16.7,65,2.1,999.9,98,0.0,166,92.9,100.1,1016.0,22.3,19.6,53.0,18.0,2,9
2026-02-13 10:00:00,18.7,58,2.1,1000.2,85,0.0,166,83.8,95.0,861.0,15.0,23.7,78.0,24.0,2,10
2026-02-13 11:00:00,21.2,51,4.8,1000.2,98,0.0,167,75.0,90.1,732.0,9.1,26.1,100.0,28.0,2,11
2026-02-13 12:00:00,23.1,46,3.3,999.7,97,0.0,169,67.3,85.0,666.0,5.8,25.7,118.0,30.0,2,12
2026-02-13 13:00:00,24.5,42,2.3,998.8,95,0.0,170,60.5,78.2,627.0,3.9,23.6,133.0,32.0,2,13
2026-02-13 14:00:00,25.5,39,1.3,997.7,88,0.0,171,54.2,70.5,614.0,3.3,21.3,140.0,31.0,2,14
2026-02-13 15:00:00,26.2,38,0.7,997.2,99,0.0,172,50.1,64.5,592.0,3.8,18.7,135.0,27.0,2,15
2026-02-13 16:00:00,26.4,37,0.4,996.7,98,0.0,172,47.6,60.1,598.0,5.6,15.8,122.0,22.0,2,16
2026-02-13 17:00:00,25.9,37,3.1,996.2,100,0.0,173,39.9,48.1,739.0,9.5,15.2,107.0,15.0,2,17
2026-02-13 18:00:00,23.9,43,0.4,996.6,100,0.0,173,54.0,61.0,1167.0,19.3,15.3,88.0,14.0,2,18
2026-02-13 19:00:00,22.2,49,3.9,997.2,100,0.0,173,73.3,79.9,1731.0,32.7,15.6,61.0,12.0,2,19
2026-02-13 20:00:00,21.3,55,5.6,997.7,76,0.0,172,92.4,98.0,2087.0,42.2,15.7,41.0,10.0,2,20
2026-02-13 21:00:00,20.3,62,7.5,998.1,84,0.0,173,104.1,108.7,2038.0,44.4,15.9,33.0,9.0,2,21
2026-02-13 22:00:00,19.5,68,5.7,998.2,21,0.0,173,109.4,113.9,1781.0,42.8,16.0,32.0,9.0,2,22
2026-02-13 23:00:00,18.8,73,3.1,998.5,83,0.0,173,113.4,117.8,1568.0,40.3,15.7,32.0,8.0,2,23
2026-02-14 00:00:00,18.8,72,2.9,998.4,100,0.0,172,113.2,117.6,1485.0,37.7,14.8,32.0,7.0,2,0
2026-02-14 01:00:00,18.4,73,4.1,997.9,100,0.0,172,107.8,111.8,1447.0,34.2,13.5,33.0,7.0,2,1
2026-02-14 02:00:00,17.5,76,4.6,997.4,55,0.0,172,99.9,103.6,1448.0,31.0,12.4,33.0,6.0,2,2
2026-02-14 03:00:00,16.4,80,5.4,997.2,0,0.0,171,90.6,93.8,1509.0,28.2,11.5,33.0,6.0,2,3
2026-02-14 04:00:00,15.5,83,5.6,997.0,0,0.0,170,88.0,91.0,1610.0,25.6,10.7,32.0,5.0,2,4
2026-02-14 05:00:00,15.7,83,5.3,997.2,0,0.0,169,83.8,86.1,1678.0,25.8,8.8,22.0,3.0,2,5
2026-02-14 06:00:00,14.7,87,6.4,997.6,0,0.0,169,83.4,86.4,1705.0,27.9,9.3,16.0,3.0,2,6
2026-02-14 07:00:00,13.9,91,8.7,998.5,0,0.0,169,90.3,94.3,1700.0,30.6,9.9,8.0,2.0,2,7
2026-02-14 08:00:00,14.4,87,7.4,999.2,0,0.0,169,109.0,112.5,1622.0,30.8,10.4,12.0,2.0,2,8
2026-02-14 09:00:00,16.4,77,3.4,1000.0,0,0.0,169,95.7,98.7,1419.0,26.3,10.3,36.0,2.0,2,9
2026-02-14 10:00:00,19.1,64,4.2,1000.4,0,0.0,169,78.7,82.2,1143.0,19.2,9.9,72.0,3.0,2,10
2026-02-14 11:00:00,21.9,53,5.5,1000.3,0,0.0,169,70.5,73.1,911.0,13.1,10.5,105.0,4.0,2,11
2026-02-14 12:00:00,23.8,46,5.9,999.6,0,0.0,169,66.1,69.2,766.0,8.9,13.0,133.0,6.0,2,12
2026-02-14 13:00:00,25.2,43,5.9,998.7,0,0.0,169,59.6,64.3,665.0,5.7,16.4,158.0,10.0,2,13
2026-02-14 14:00:00,26.0,40,5.1,997.8,0,0.0,169,54.1,60.5,599.0,4.2,18.4,172.0,12.0,2,14
2026-02-14 15:00:00,26.4,39,4.7,997.3,0,0.0,169,51.1,59.4,534.0,5.0,17.8,168.0,13.0,2,15
2026-02-14 16:00:00,26.3,39,5.1,996.6,5,0.0,169,50.4,59.5,503.0,7.5,15.9,153.0,14.0,2,16
2026-02-14 17:00:00,25.7,41,4.8,996.3,6,0.0,169,39.3,46.0,596.0,10.9,10.8,116.0,13.0,2,17
2026-02-14 18:00:00,24.2,47,6.3,996.7,4,0.0,169,56.7,62.9,928.0,16.4,10.5,101.0,12.0,2,18
2026-02-14 19:00:00,22.6,55,7.7,997.1,0,0.0,169,71.7,76.8,1384.0,24.0,10.2,79.0,10.0,2,19
2026-02-14 20:00:00,21.5,59,6.3,997.4,0,0.0,169,73.3,78.0,1711.0,30.8,10.3,61.0,9.0,2,20
2026-02-14 21:00:00,20.4,66,5.9,998.0,0,0.0,169,80.3,85.0,1794.0,35.2,11.0,50.0,9.0,2,21
2026-02-14 22:00:00,19.4,71,4.4,997.9,0,0.0,168,95.2,101.7,1748.0,38.7,12.1,42.0,9.0,2,22
2026-02-14 23:00:00,18.9,75,1.2,998.1,0,0.0,168,109.0,117.3,1670.0,42.6,13.2,35.0,10.0,2,23
2026-02-15 00:00:00,18.9,73,2.9,997.8,0,0.0,167,118.0,127.1,1579.0,48.6,14.3,26.0,11.0,2,0
2026-02-15 01:00:00,18.1,78,4.9,997.5,0,0.0,168,121.1,131.3,1454.0,55.0,15.3,17.0,12.0,2,1
2026-02-15 02:00:00,17.0,83,7.4,997.2,0,0.0,168,120.1,130.4,1334.0,58.4,16.1,11.0,13.0,2,2
2026-02-15 03:00:00,16.3,87,8.2,997.1,0,0.0,169,115.9,125.7,1182.0,56.4,16.3,10.0,12.0,2,3
2026-02-15 04:00:00,15.9,88,7.2,996.6,0,0.0,169,110.4,119.2,1034.0,51.4,16.2,11.0,11.0,2,4
2026-02-15 05:00:00,15.6,89,5.5,996.6,0,0.0,170,129.9,142.5,1031.0,64.4,15.7,2.0,17.0,2,5
2026-02-15 06:00:00,15.1,90,4.4,997.2,0,0.0,171,129.0,142.0,1345.0,64.1,16.6,2.0,17.0,2,6
2026-02-15 07:00:00,14.7,92,3.5,997.6,0,0.0,173,140.6,154.1,1804.0,62.9,17.8,2.0,17.0,2,7
2026-02-15 08:00:00,15.0,90,2.5,998.3,0,0.0,174,162.5,175.1,2032.0,57.5,18.7,15.0,17.0,2,8
2026-02-15 09:00:00,17.4,78,0.0,999.0,0,0.0,176,135.0,143.4,1796.0,43.7,18.6,49.0,15.0,2,9
2026-02-15 10:00:00,20.4,64,0.6,999.5,0,0.0,177,90.3,97.1,1330.0,25.7,18.2,96.0,13.0,2,10
2026-02-15 11:00:00,23.4,52,0.5,999.4,0,0.0,177,72.2,78.0,951.0,11.7,18.5,132.0,11.0,2,11
2026-02-15 12:00:00,25.6,44,1.3,999.0,0,0.0,177,60.3,65.0,789.0,5.6,20.6,151.0,10.0,2,12
2026-02-15 13:00:00,26.8,41,2.6,997.8,0,0.0,177,50.6,54.8,715.0,3.6,23.3,161.0,9.0,2,13
2026-02-15 14:00:00,27.6,39,2.7,996.8,0,0.0,177,43.1,48.1,665.0,3.1,24.3,163.0,9.0,2,14
2026-02-15 15:00:00,28.1,37,3.6,995.9,0,0.0,177,38.8,45.9,608.0,3.5,22.0,154.0,11.0,2,15
2026-02-15 16:00:00,28.1,35,4.5,995.3,0,0.0,176,37.4,46.3,575.0,5.5,18.1,137.0,13.0,2,16
2026-02-15 17:00:00,27.5,37,8.0,994.9,0,0.0,176,43.8,56.6,598.0,10.1,16.5,135.0,24.0,2,17
2026-02-15 18:00:00,25.9,43,11.3,995.2,0,0.0,176,56.5,67.1,717.0,15.8,15.6,117.0,21.0,2,18
2026-02-15 19:00:00,24.4,49,9.4,995.5,0,0.0,176,68.7,77.8,892.0,23.7,14.3,93.0,17.0,2,19
2026-02-15 20:00:00,23.1,54,8.3,995.7,0,0.0,176,77.1,84.8,1036.0,28.8,13.0,74.0,14.0,2,20
2026-02-15 21:00:00,21.7,60,9.6,996.1,0,0.0,176,82.2,88.2,1116.0,28.8,12.0,66.0,11.0,2,21
2026-02-15 22:00:00,20.7,63,9.1,996.2,0,0.0,176,85.2,89.9,1165.0,26.1,11.0,64.0,9.0,2,22
2026-02-15 23:00:00,20.4,65,9.4,996.3,0,0.0,176,84.8,88.2,1191.0,23.2,10.1,63.0,7.0,2,23
2026-02-16 00:00:00,19.9,66,10.2,996.1,18,0.0,175,81.5,84.5,1185.0,20.6,9.1,63.0,6.0,2,0
2026-02-16 01:00:00,19.4,66,9.8,995.7,19,0.0,174,77.3,79.9,1157.0,17.8,8.1,63.0,5.0,2,1
2026-02-16 02:00:00,18.7,67,9.0,995.3,0,0.0,173,73.8,75.7,1138.0,15.7,7.3,64.0,4.0,2,2
2026-02-16 03:00:00,18.2,67,7.6,995.0,0,0.0,171,70.5,72.4,1125.0,14.0,6.9,65.0,3.0,2,3
2026-02-16 04:00:00,17.6,68,3.9,994.7,0,0.0,170,69.2,70.8,1123.0,13.0,6.7,65.0,3.0,2,4
2026-02-16 05:00:00,17.0,68,2.3,995.2,0,0.0,169,81.3,84.3,1176.0,19.0,7.4,52.0,5.0,2,5
2026-02-16 06:00:00,16.5,69,3.4,995.5,0,0.0,167,83.1,85.9,1364.0,22.5,7.9,44.0,5.0,2,6
2026-02-16 07:00:00,15.5,75,7.2,996.0,0,0.0,166,90.8,94.1,1607.0,27.0,8.6,34.0,5.0,2,7
2026-02-16 08:00:00,15.9,73,6.2,996.5,0,0.0,164,101.3,105.5,1712.0,28.4,9.2,35.0,5.0,2,8
2026-02-16 09:00:00,18.2,62,3.2,997.4,0,0.0,163,92.0,95.0,1551.0,23.8,9.5,57.0,5.0,2,9
2026-02-16 10:00:00,20.9,50,3.0,997.6,1,0.0,161,80.3,83.6,1252.0,16.0,9.7,89.0,6.0,2,10
2026-02-16 11:00:00,23.2,43,2.5,997.5,0,0.0,161,70.1,73.8,1000.0,9.7,9.9,118.0,7.0,2,11
2026-02-16 12:00:00,25.2,39,4.1,996.8,0,0.0,161,64.0,68.7,867.0,6.3,10.1,139.0,9.0,2,12
2026-02-16 13:00:00,26.7,37,4.7,995.7,0,0.0,161,54.5,60.3,782.0,4.3,10.2,157.0,12.0,2,13
2026-02-16 14:00:00,27.8,35,4.9,994.2,1,0.0,161,44.2,51.8,716.0,3.6,10.1,164.0,14.0,2,14
2026-02-16 15:00:00,28.6,32,4.1,993.5,26,0.0,161,38.1,46.6,659.0,4.4,9.5,156.0,14.0,2,15
2026-02-16 16:00:00,28.5,29,5.8,993.2,29,0.0,161,34.6,43.2,621.0,6.5,8.6,138.0,13.0,2,16
2026-02-16 17:00:00,28.6,25,7.6,992.5,26,0.0,161,39.5,45.2,602.0,9.7,6.3,120.0,11.0,2,17
2026-02-16 18:00:00,26.0,40,11.2,992.9,26,0.0,161,44.2,48.3,615.0,12.9,6.9,107.0,10.0,2,18
2026-02-16 19:00:00,24.0,54,12.8,993.6,42,0.0,161,49.7,53.0,647.0,17.1,7.8,90.0,8.0,2,19
2026-02-16 20:00:00,22.5,62,9.2,994.4,38,0.0,160,52.5,56.2,666.0,19.7,8.5,77.0,7.0,2,20
2026-02-16 21:00:00,21.1,70,15.0,995.0,33,0.0,159,53.1,57.2,658.0,19.1,9.0,74.0,7.0,2,21
2026-02-16 22:00:00,20.0,73,14.2,995.2,38,0.0,158,51.0,56.0,637.0,16.8,9.4,75.0,8.0,2,22
2026-02-16 23:00:00,19.4,73,12.9,995.5,10,0.0,157,48.1,52.4,611.0,14.4,9.6,77.0,8.0,2,23
2026-02-17 00:00:00,18.5,74,12.0,995.9,22,0.0,156,40.2,44.0,582.0,12.0,9.5,78.0,7.0,2,0
2026-02-17 01:00:00,17.7,77,14.8,995.5,37,0.0,155,32.7,36.2,550.0,9.5,9.2,79.0,7.0,2,1
2026-02-17 02:00:00,17.2,78,10.8,995.3,99,0.0,154,29.5,32.8,518.0,7.7,9.1,79.0,6.0,2,2
2026-02-17 03:00:00,16.7,77,14.9,995.6,85,0.0,152,30.0,33.2,485.0,6.9,9.2,77.0,6.0,2,3
2026-02-17 04:00:00,16.0,77,13.5,996.2,85,0.0,151,30.2,33.2,453.0,6.8,9.5,74.0,6.0,2,4
2026-02-17 05:00:00,16.9,74,16.9,995.0,100,0.0,150,44.8,48.2,437.0,8.1,10.7,75.0,6.0,2,5
2026-02-17 06:00:00,16.7,76,15.7,995.3,100,0.0,147,42.5,45.3,454.0,8.8,10.5,72.0,5.0,2,6
2026-02-17 07:00:00,16.2,79,18.4,996.4,100,0.1,142,40.4,42.7,488.0,9.7,10.2,68.0,4.0,2,7
2026-02-17 08:00:00,16.8,75,17.5,996.9,100,0.0,137,38.4,40.7,503.0,10.0,10.2,69.0,4.0,2,8
2026-02-17 09:00:00,18.0,70,14.9,997.9,100,0.0,130,39.7,42.1,479.0,9.1,10.9,77.0,5.0,2,9
2026-02-17 10:00:00,19.6,66,14.4,998.7,100,0.4,125,41.4,45.1,437.0,7.5,11.9,90.0,6.0,2,10
2026-02-17 11:00:00,21.2,57,14.9,998.3,100,0.0,121,42.6,47.7,405.0,6.1,12.6,102.0,9.0,2,11
2026-02-17 12:00:00,22.5,54,12.3,998.2,100,0.0,118,41.6,49.4,394.0,4.9,12.7,112.0,14.0,2,12
2026-02-17 13:00:00,23.6,51,13.9,997.6,100,0.0,116,39.3,50.6,394.0,4.0,12.5,122.0,20.0,2,13
2026-02-17 14:00:00,24.7,47,13.6,996.9,100,0.0,114,38.8,51.0,403.0,3.7,12.4,128.0,23.0,2,14
2026-02-17 15:00:00,24.7,47,15.6,996.5,100,0.0,114,38.4,50.1,423.0,4.5,12.5,129.0,20.0,2,15
2026-02-17 16:00:00,24.1,49,12.9,996.7,99,0.2,114,38.2,47.4,453.0,6.1,12.7,128.0,15.0,2,16
2026-02-17 17:00:00,23.2,51,11.3,996.2,75,0.0,114,52.9,58.8,483.0,6.4,15.1,146.0,11.0,2,17
2026-02-17 18:00:00,21.5,55,14.2,996.5,19,0.0,115,49.9,53.4,518.0,7.9,14.5,138.0,9.0,2,18
2026-02-17 19:00:00,19.9,58,14.2,997.6,87,0.0,116,46.3,49.0,554.0,10.0,13.6,127.0,5.0,2,19
2026-02-17 20:00:00,19.2,60,13.7,997.8,98,0.0,116,42.4,44.2,569.0,11.3,12.7,117.0,3.0,2,20
2026-02-17 21:00:00,18.3,63,11.1,998.4,2,0.0,115,35.9,37.3,550.0,11.2,11.8,109.0,2.0,2,21
2026-02-17 22:00:00,17.4,66,12.1,998.4,0,0.0,113,30.6,31.8,511.0,10.5,10.9,102.0,2.0,2,22
2026-02-17 23:00:00,17.7,75,11.0,997.8,0,0.0,111,30.4,31.5,473.0,9.8,10.1,95.0,2.0,2,23
2026-02-18 00:00:00,17.1,78,11.5,997.6,0,0.0,109,31.8,32.9,443.0,9.5,9.7,87.0,2.0,2,0
2026-02-18 01:00:00,16.7,80,11.6,997.8,0,0.0,108,32.1,33.3,415.0,9.4,9.5,80.0,2.0,2,1
2026-02-18 02:00:00,16.4,81,12.2,997.5,0,0.0,108,30.4,31.3,391.0,9.1,9.1,74.0,2.0,2,2
2026-02-18 03:00:00,16.1,82,12.0,997.3,0,0.0,108,25.1,25.8,355.0,8.4,8.0,70.0,2.0,2,3
2026-02-18 04:00:00,15.7,84,12.4,997.0,0,0.0,108,18.6,19.1,324.0,7.6,6.7,67.0,1.0,2,4
2026-02-18 05:00:00,15.8,79,13.2,996.6,0,0.0,106,40.4,42.3,349.0,7.8,9.0,74.0,3.0,2,5
2026-02-18 06:00:00,15.7,78,12.2,997.6,44,0.0,106,31.0,32.5,486.0,8.8,8.1,70.0,3.0,2,6
2026-02-18 07:00:00,15.6,76,12.3,998.3,44,0.0,105,26.0,27.2,679.0,10.1,6.8,65.0,2.0,2,7
2026-02-18 08:00:00,16.1,77,9.7,999.0,2,0.0,103,25.1,26.3,810.0,10.5,6.3,65.0,2.0,2,8
2026-02-18 09:00:00,18.2,70,8.3,999.1,0,0.0,102,27.0,28.2,825.0,9.2,7.3,75.0,3.0,2,9
2026-02-18 10:00:00,21.2,60,8.1,999.5,0,0.0,100,30.3,31.8,778.0,7.1,9.0,89.0,4.0,2,10
2026-02-18 11:00:00,24.0,52,9.9,1000.0,0,0.0,99,38.2,40.7,715.0,5.2,10.0,104.0,5.0,2,11
2026-02-18 12:00:00,25.4,45,11.4,999.6,8,0.0,99,43.9,47.6,631.0,3.7,9.6,118.0,7.0,2,12
2026-02-18 13:00:00,25.9,41,10.5,999.1,38,0.0,99,44.6,49.7,531.0,2.5,8.4,132.0,9.0,2,13
2026-02-18 14:00:00,26.4,36,9.4,998.1,28,0.0,100,44.1,49.8,474.0,2.1,7.6,140.0,10.0,2,14
2026-02-18 15:00:00,23.2,49,15.2,998.4,32,0.1,100,45.1,50.9,468.0,2.8,7.4,138.0,10.0,2,15
2026-02-18 16:00:00,23.7,52,10.4,998.1,17,0.0,101,45.8,51.3,505.0,4.4,7.4,129.0,9.0,2,16
2026-02-18 17:00:00,25.1,31,10.9,997.4,4,0.0,102,33.1,36.2,627.0,7.7,5.5,106.0,6.0,2,17
2026-02-18 18:00:00,23.9,35,9.5,997.9,4,0.0,100,40.7,43.5,912.0,10.6,6.1,97.0,6.0,2,18
2026-02-18 19:00:00,22.1,44,10.6,998.8,2,0.0,99,46.7,49.4,1283.0,14.7,6.9,85.0,5.0,2,19
2026-02-18 20:00:00,20.9,51,11.7,999.3,1,0.0,99,52.4,55.3,1544.0,17.9,7.6,75.0,5.0,2,20
2026-02-18 21:00:00,19.9,50,11.4,999.7,0,0.0,100,58.8,62.2,1609.0,19.4,8.3,69.0,5.0,2,21
2026-02-18 22:00:00,19.3,50,10.0,999.9,0,0.0,102,65.0,68.7,1565.0,19.9,8.9,65.0,6.0,2,22
2026-02-18 23:00:00,19.5,59,9.8,999.4,0,0.0,106,68.7,72.6,1480.0,20.1,9.3,62.0,7.0,2,23
2026-02-19 00:00:00,19.4,58,8.0,999.5,0,0.0,110,69.6,74.0,1352.0,19.8,9.3,60.0,8.0,2,0
2026-02-19 01:00:00,19.1,58,4.3,999.3,0,0.0,114,71.2,75.9,1184.0,19.1,9.1,59.0,9.0,2,1
2026-02-19 02:00:00,18.0,63,5.0,999.2,0,0.0,118,75.0,79.9,1053.0,18.7,8.9,56.0,9.0,2,2
2026-02-19 03:00:00,16.8,69,7.0,999.3,0,0.0,122,79.4,84.3,977.0,18.6,8.7,51.0,9.0,2,3
2026-02-19 04:00:00,16.2,71,7.6,999.3,0,0.0,128,82.9,87.3,937.0,18.8,8.4,45.0,9.0,2,4
2026-02-19 05:00:00,15.5,78,10.9,999.5,0,0.0,135,74.3,77.5,960.0,16.5,6.9,41.0,6.0,2,5
2026-02-19 06:00:00,15.5,78,8.5,999.9,0,0.0,138,77.5,80.8,1122.0,19.9,7.1,32.0,6.0,2,6
2026-02-19 07:00:00,15.2,80,7.1,1000.4,0,0.0,143,87.5,91.3,1346.0,24.2,7.4,20.0,6.0,2,7
2026-02-19 08:00:00,15.7,78,6.7,1001.3,0,0.0,149,97.3,100.4,1423.0,25.5,7.7,20.0,6.0,2,8
2026-02-19 09:00:00,18.3,68,3.5,1002.1,0,0.0,152,80.1,83.8,1214.0,20.9,8.4,41.0,7.0,2,9
2026-02-19 10:00:00,21.4,56,2.2,1002.6,0,0.0,154,71.0,76.4,859.0,13.1,9.2,74.0,9.0,2,10
2026-02-19 11:00:00,24.5,47,3.0,1002.4,0,0.0,155,65.7,71.2,570.0,6.9,9.2,101.0,10.0,2,11
2026-02-19 12:00:00,26.1,32,5.0,1001.8,9,0.0,156,46.2,51.2,429.0,3.8,7.7,117.0,9.0,2,12
2026-02-19 13:00:00,26.7,30,4.6,1001.0,2,0.0,156,29.9,33.3,354.0,2.1,5.4,128.0,8.0,2,13
2026-02-19 14:00:00,27.1,29,4.8,1000.3,1,0.0,155,28.6,32.2,312.0,1.6,3.7,133.0,7.0,2,14
2026-02-19 15:00:00,27.3,28,5.7,999.8,1,0.0,155,28.8,32.6,278.0,1.8,3.3,130.0,6.0,2,15
2026-02-19 16:00:00,27.1,27,8.4,999.4,0,0.0,154,29.6,33.4,277.0,3.3,3.5,121.0,6.0,2,16
2026-02-19 17:00:00,26.2,31,10.2,999.6,0,0.0,154,30.4,33.9,346.0,8.1,3.4,103.0,6.0,2,17
2026-02-19 18:00:00,24.5,38,11.4,1000.0,0,0.0,154,41.2,44.4,528.0,13.0,4.1,93.0,6.0,2,18
2026-02-19 19:00:00,23.5,41,10.0,1000.6,0,0.0,154,53.4,57.0,779.0,19.9,5.1,79.0,7.0,2,19
2026-02-19 20:00:00,22.5,45,9.5,1001.1,0,0.0,154,65.9,70.3,1008.0,26.0,6.2,68.0,8.0,2,20
2026-02-19 21:00:00,21.7,49,8.6,1001.4,0,0.0,154,80.8,85.7,1198.0,30.5,7.6,62.0,9.0,2,21
2026-02-19 22:00:00,20.9,51,7.4,1001.7,0,0.0,155,94.1,99.7,1366.0,34.2,9.1,59.0,10.0,2,22
2026-02-19 23:00:00,20.3,58,7.8,1001.8,0,0.0,156,104.1,109.9,1467.0,37.1,10.2,55.0,11.0,2,23
2026-02-20 00:00:00,19.9,60,8.1,1002.0,0,0.0,157,108.5,114.8,1453.0,38.8,10.4,50.0,11.0,2,0
2026-02-20 01:00:00,19.1,64,6.8,1001.8,0,0.0,158,110.6,116.6,1372.0,39.8,10.1,45.0,11.0,2,1
2026-02-20 02:00:00,18.5,66,6.2,1001.8,0,0.0,159,114.1,120.1,1320.0,40.9,9.9,40.0,11.0,2,2
2026-02-20 03:00:00,18.1,67,6.5,1001.8,0,0.0,160,117.3,123.4,1311.0,42.6,9.8,35.0,11.0,2,3
2026-02-20 04:00:00,17.3,69,2.8,1001.7,0,0.0,162,118.7,124.3,1331.0,44.5,9.7,30.0,10.0,2,4
2026-02-20 05:00:00,16.4,76,3.9,1001.9,0,0.0,163,101.0,105.2,1433.0,28.3,8.4,45.0,8.0,2,5
2026-02-20 06:00:00,15.9,79,3.9,1002.2,0,0.0,163,104.1,108.5,1751.0,33.7,9.4,39.0,8.0,2,6
2026-02-20 07:00:00,15.4,82,3.5,1003.0,0,0.0,164,113.9,118.5,2151.0,40.7,10.8,32.0,9.0,2,7
2026-02-20 08:00:00,16.1,78,3.5,1003.8,0,0.0,165,129.9,134.6,2291.0,42.5,12.1,35.0,9.0,2,8
2026-02-20 09:00:00,19.1,65,1.5,1004.8,0,0.0,166,112.5,115.9,1927.0,34.1,13.5,58.0,9.0,2,9
2026-02-20 10:00:00,22.3,50,0.8,1005.3,0,0.0,167,80.3,85.4,1302.0,20.4,14.8,92.0,10.0,2,10
2026-02-20 11:00:00,24.5,44,1.0,1005.4,0,0.0,167,64.5,69.8,806.0,9.6,15.2,121.0,10.0,2,11
2026-02-20 12:00:00,26.2,37,1.3,1004.7,0,0.0,167,50.2,55.5,598.0,4.7,13.9,141.0,10.0,2,12
2026-02-20 13:00:00,27.1,32,2.4,1003.8,0,0.0,167,39.5,45.1,518.0,2.7,11.7,156.0,10.0,2,13
2026-02-20 14:00:00,27.6,30,3.1,1002.7,0,0.0,168,37.7,43.0,476.0,2.2,9.8,162.0,10.0,2,14
2026-02-20 15:00:00,27.8,29,3.9,1001.8,0,0.0,168,37.6,42.1,416.0,2.9,8.7,156.0,8.0,2,15
2026-02-20 16:00:00,27.8,29,4.1,1001.2,0,0.0,168,37.4,41.4,393.0,5.2,8.0,140.0,6.0,2,16
2026-02-20 17:00:00,27.1,34,4.7,1000.8,0,0.0,168,41.0,43.4,481.0,8.7,7.7,126.0,4.0,2,17
2026-02-20 18:00:00,25.5,39,5.5,1000.8,0,0.0,169,55.2,57.6,768.0,14.3,8.1,112.0,4.0,2,18
2026-02-20 19:00:00,23.8,45,8.1,1001.1,0,0.0,169,70.1,72.9,1165.0,22.1,8.6,92.0,5.0,2,19
2026-02-20 20:00:00,22.7,49,7.6,1001.2,0,0.0,170,80.6,83.6,1483.0,28.3,9.3,77.0,5.0,2,20
2026-02-20 21:00:00,21.9,52,6.0,1001.0,0,0.0,170,88.0,91.5,1664.0,30.9,10.4,72.0,6.0,2,21
2026-02-20 22:00:00,21.1,55,3.1,1000.7,0,0.0,170,101.3,105.0,1765.0,31.9,11.7,73.0,7.0,2,22
2026-02-20 23:00:00,19.9,62,5.4,1000.5,0,0.0,170,113.4,117.3,1769.0,33.8,12.6,69.0,7.0,2,23
2026-02-21 00:00:00,19.5,62,5.2,1000.2,0,0.0,171,122.0,126.2,1619.0,37.9,12.7,57.0,7.0,2,0
2026-02-21 01:00:00,19.1,64,5.7,999.7,0,0.0,171,126.2,129.9,1372.0,42.8,12.3,41.0,6.0,2,1
2026-02-21 02:00:00,18.4,67,5.9,999.0,0,0.0,172,129.5,132.7,1186.0,46.6,11.8,29.0,6.0,2,2
2026-02-21 03:00:00,18.0,69,5.8,998.5,0,0.0,172,130.4,133.6,1124.0,48.9,11.4,22.0,6.0,2,3
2026-02-21 04:00:00,17.3,72,6.1,998.0,0,0.0,172,129.5,132.2,1123.0,50.1,10.9,18.0,5.0,2,4
2026-02-21 05:00:00,16.6,79,6.8,997.4,0,0.0,173,120.6,123.4,1146.0,43.2,10.5,26.0,5.0,2,5
2026-02-21 06:00:00,16.3,81,8.9,997.3,0,0.0,173,117.3,119.7,1221.0,38.7,10.3,32.0,4.0,2,6
2026-02-21 07:00:00,15.8,82,8.8,997.7,0,0.0,174,109.9,112.0,1320.0,32.3,9.9,42.0,3.0,2,7
2026-02-21 08:00:00,16.5,78,7.7,998.2,0,0.0,174,100.4,102.2,1327.0,25.6,9.7,56.0,3.0,2,8
2026-02-21 09:00:00,19.3,65,5.1,998.6,0,0.0,173,90.3,92.0,1159.0,18.6,9.7,76.0,4.0,2,9
2026-02-21 10:00:00,22.6,52,5.2,998.8,0,0.0,172,78.2,81.0,899.0,11.4,9.7,101.0,5.0,2,10
2026-02-21 11:00:00,25.5,43,8.0,998.6,0,0.0,172,64.3,67.8,675.0,6.0,9.8,121.0,7.0,2,11
2026-02-21 12:00:00,27.1,35,11.3,997.7,0,0.0,172,45.8,50.4,528.0,3.2,9.9,135.0,9.0,2,12
2026-02-21 13:00:00,28.1,32,12.0,996.4,0,0.0,172,35.7,41.0,418.0,2.2,9.9,145.0,10.0,2,13
2026-02-21 14:00:00,28.7,31,11.5,995.1,0,0.0,172,31.7,37.5,348.0,2.2,9.8,149.0,11.0,2,14
2026-02-21 15:00:00,28.9,29,11.3,994.2,0,0.0,172,29.5,35.5,315.0,2.9,9.2,143.0,10.0,2,15
2026-02-21 16:00:00,28.7,29,10.9,993.2,0,0.0,171,28.6,34.1,323.0,4.6,8.4,131.0,9.0,2,16
2026-02-21 17:00:00,28.3,29,10.5,992.8,0,0.0,171,42.3,48.5,384.0,8.8,8.9,119.0,12.0,2,17
2026-02-21 18:00:00,27.1,31,7.3,992.9,0,0.0,171,50.9,55.4,548.0,14.9,8.8,103.0,11.0,2,18
2026-02-21 19:00:00,25.4,35,6.9,993.2,0,0.0,171,61.2,65.2,765.0,23.5,8.7,80.0,9.0,2,19
2026-02-21 20:00:00,23.7,41,9.7,993.4,0,0.0,171,72.6,76.4,899.0,30.7,9.0,62.0,7.0,2,20
2026-02-21 21:00:00,22.6,44,11.2,993.6,0,0.0,170,85.2,88.7,872.0,35.3,10.2,53.0,6.0,2,21
2026-02-21 22:00:00,21.9,44,9.8,993.6,0,0.0,170,96.2,99.9,761.0,38.5,11.7,48.0,6.0,2,22
2026-02-21 23:00:00,21.5,47,10.6,993.2,0,0.0,170,106.4,110.1,660.0,40.2,12.9,44.0,6.0,2,23
2026-02-22 00:00:00,21.2,47,10.2,993.0,0,0.0,170,109.9,112.9,595.0,39.9,13.3,41.0,6.0,2,0
2026-02-22 01:00:00,20.5,49,10.4,992.5,0,0.0,170,108.0,111.1,541.0,38.2,13.2,39.0,5.0,2,1
2026-02-22 02:00:00,20.2,51,9.8,992.2,0,0.0,169,105.9,108.5,514.0,36.7,13.0,36.0,5.0,2,2
2026-02-22 03:00:00,19.5,53,5.6,991.9,0,0.0,168,104.1,106.6,512.0,36.0,12.5,32.0,5.0,2,3
2026-02-22 04:00:00,18.6,57,3.3,991.6,0,0.0,168,104.3,106.9,537.0,35.6,11.8,28.0,5.0,2,4
2026-02-22 05:00:00,17.1,66,2.4,991.4,0,0.0,167,110.8,113.9,618.0,39.4,8.8,18.0,5.0,2,5
2026-02-22 06:00:00,16.4,69,4.5,991.7,0,0.0,167,112.5,115.5,828.0,37.6,8.2,15.0,5.0,2,6
2026-02-22 07:00:00,15.7,71,6.0,992.2,0,0.0,166,116.9,120.1,1093.0,34.8,7.6,12.0,5.0,2,7
2026-02-22 08:00:00,16.7,65,7.8,992.8,0,0.0,167,118.3,121.1,1217.0,30.5,8.0,21.0,5.0,2,8
2026-02-22 09:00:00,19.5,55,5.0,993.6,0,0.0,167,99.0,101.3,1068.0,23.6,10.4,52.0,6.0,2,9
2026-02-22 10:00:00,22.3,48,4.9,993.8,0,0.0,167,83.1,85.9,777.0,15.2,13.8,95.0,7.0,2,10
2026-02-22 11:00:00,24.6,44,6.1,993.7,0,0.0,168,67.3,72.6,548.0,8.6,16.5,129.0,10.0,2,11
2026-02-22 12:00:00,26.2,40,6.6,993.0,0,0.0,168,54.8,66.1,464.0,5.0,18.2,149.0,15.0,2,12
2026-02-22 13:00:00,27.6,35,7.7,992.3,0,0.0,168,43.8,58.8,440.0,3.1,19.2,161.0,22.0,2,13
2026-02-22 14:00:00,28.5,32,8.3,991.2,0,0.0,168,41.0,54.1,429.0,2.7,19.1,164.0,25.0,2,14
2026-02-22 15:00:00,29.0,31,8.5,990.7,0,0.0,168,38.9,49.4,369.0,3.4,17.1,155.0,22.0,2,15
2026-02-22 16:00:00,28.8,30,8.6,990.4,2,0.0,169,38.1,46.2,321.0,5.5,14.1,137.0,15.0,2,16
2026-02-22 17:00:00,28.2,31,8.5,990.2,1,0.0,169,41.2,47.6,416.0,11.5,12.0,118.0,12.0,2,17
2026-02-22 18:00:00,26.5,37,7.7,990.6,0,0.0,169,58.4,64.0,771.0,21.7,12.5,99.0,12.0,2,18
2026-02-22 19:00:00,24.7,45,5.1,991.4,0,0.0,169,79.9,85.4,1270.0,36.1,13.3,73.0,11.0,2,19
2026-02-22 20:00:00,23.5,52,4.5,991.7,0,0.0,170,100.4,106.2,1693.0,48.3,14.3,51.0,11.0,2,20
2026-02-22 21:00:00,22.7,57,4.6,992.2,1,0.0,171,120.6,126.7,1983.0,55.8,15.7,36.0,11.0,2,21
2026-02-22 22:00:00,21.0,66,5.4,992.2,0,0.0,172,141.1,147.1,2197.0,61.2,17.3,25.0,12.0,2,22
2026-02-22 23:00:00,20.0,72,7.5,992.1,0,0.0,173,157.4,164.4,2291.0,66.0,18.6,16.0,12.0,2,23
2026-02-23 00:00:00,19.5,75,6.3,991.7,0,0.0,175,166.7,173.7,2213.0,71.3,19.5,9.0,13.0,2,0
2026-02-23 01:00:00,18.5,80,6.2,991.8,0,0.0,176,169.0,176.5,2015.0,75.9,20.2,4.0,14.0,2,1
2026-02-23 02:00:00,17.9,83,5.3,991.6,0,0.0,178,172.8,180.2,1808.0,77.8,20.2,1.0,14.0,2,2
2026-02-23 03:00:00,17.3,86,5.5,991.2,0,0.0,180,174.6,182.1,1579.0,75.7,19.3,0.0,14.0,2,3
2026-02-23 04:00:00,17.0,87,4.2,991.2,0,0.0,182,172.8,180.2,1342.0,70.8,17.8,0.0,13.0,2,4
2026-02-23 05:00:00,17.0,87,5.2,991.2,0,0.0,184,129.9,135.5,1243.0,39.2,12.0,27.0,10.0,2,5
2026-02-23 06:00:00,16.3,90,5.9,991.9,0,0.0,185,115.7,120.1,1437.0,36.9,11.4,25.0,8.0,2,6
2026-02-23 07:00:00,15.6,92,5.3,992.8,0,0.0,185,111.5,115.3,1769.0,33.6,10.5,23.0,6.0,2,7
2026-02-23 08:00:00,16.0,88,3.8,993.8,0,0.0,185,110.4,112.9,1928.0,29.1,9.9,31.0,5.0,2,8
2026-02-23 09:00:00,18.4,74,3.2,994.7,0,0.0,184,89.2,91.5,1734.0,22.7,10.0,57.0,7.0,2,9
2026-02-23 10:00:00,21.2,62,3.3,994.8,0,0.0,184,73.1,77.8,1367.0,15.3,10.5,93.0,10.0,2,10
2026-02-23 11:00:00,24.1,52,2.7,994.9,0,0.0,184,62.6,69.2,1053.0,9.3,10.6,124.0,12.0,2,11
2026-02-23 12:00:00,26.2,44,2.8,994.4,0,0.0,184,55.9,62.4,875.0,5.8,10.0,146.0,12.0,2,12
2026-02-23 13:00:00,27.7,39,2.9,993.8,0,0.0,184,44.5,50.5,751.0,3.8,9.1,162.0,12.0,2,13
2026-02-23 14:00:00,28.6,35,3.5,992.8,1,0.0,184,30.9,36.4,661.0,3.1,8.2,168.0,11.0,2,14
2026-02-23 15:00:00,29.2,32,4.6,992.3,20,0.0,183,26.5,31.9,566.0,3.8,7.3,159.0,10.0,2,15
2026-02-23 16:00:00,29.3,30,6.1,991.9,25,0.0,183,24.6,29.8,506.0,5.8,6.4,141.0,8.0,2,16
2026-02-23 17:00:00,29.1,28,6.0,992.0,10,0.0,183,41.4,45.5,581.0,9.3,8.7,120.0,8.0,2,17
2026-02-23 18:00:00,27.2,35,4.1,992.2,9,0.0,183,50.6,54.0,895.0,12.4,9.0,110.0,7.0,2,18
2026-02-23 19:00:00,25.6,40,1.2,992.8,5,0.0,182,59.4,62.6,1343.0,16.7,9.5,95.0,7.0,2,19
2026-02-23 20:00:00,24.6,44,1.8,993.3,2,0.0,182,65.0,68.2,1713.0,20.0,9.9,83.0,6.0,2,20
2026-02-23 21:00:00,23.5,48,3.4,993.8,0,0.0,181,69.4,72.9,1931.0,21.2,10.4,77.0,6.0,2,21
2026-02-23 22:00:00,22.1,48,6.2,993.8,0,0.0,179,75.9,79.6,2071.0,21.5,10.9,73.0,7.0,2,22
2026-02-23 23:00:00,20.8,53,1.8,994.0,0,0.0,177,82.4,86.4,2142.0,21.6,11.1,69.0,7.0,2,23
2026-02-24 00:00:00,20.5,55,2.3,993.9,0,0.0,175,85.4,89.4,2137.0,21.7,10.7,64.0,7.0,2,0
2026-02-24 01:00:00,19.8,59,4.0,993.8,0,0.0,173,84.5,88.5,2065.0,21.8,9.9,59.0,7.0,2,1
2026-02-24 02:00:00,18.7,63,4.0,993.5,0,0.0,170,84.1,88.0,1957.0,22.3,9.2,54.0,7.0,2,2
2026-02-24 03:00:00,18.0,66,6.7,993.3,0,0.0,168,83.6,87.1,1785.0,23.7,8.7,48.0,7.0,2,3
2026-02-24 04:00:00,17.6,65,9.0,992.9,0,0.0,165,83.8,87.3,1579.0,25.5,8.3,41.0,7.0,2,4
2026-02-24 05:00:00,18.5,63,9.2,992.8,0,0.0,162,52.7,61.0,1457.0,15.6,7.4,54.0,15.0,2,5
2026-02-24 06:00:00,18.2,61,10.9,993.4,0,0.0,160,47.8,59.4,1532.0,17.2,7.6,48.0,18.0,2,6
2026-02-24 07:00:00,17.8,62,6.0,994.5,0,0.0,158,49.1,63.8,1692.0,19.2,8.0,41.0,23.0,2,7
2026-02-24 08:00:00,17.9,63,4.1,996.0,0,0.0,156,51.0,65.0,1719.0,19.4,8.0,42.0,26.0,2,8
2026-02-24 09:00:00,20.2,54,1.2,996.6,0,0.0,154,45.9,57.3,1477.0,16.0,7.6,57.0,26.0,2,9
2026-02-24 10:00:00,23.1,44,2.6,996.8,0,0.0,153,39.8,53.1,1104.0,10.8,6.8,80.0,24.0,2,10
2026-02-24 11:00:00,25.8,38,2.7,996.9,0,0.0,152,35.5,48.0,790.0,6.5,6.2,101.0,23.0,2,11
2026-02-24 12:00:00,27.7,33,2.2,996.3,0,0.0,151,33.1,44.1,608.0,4.1,5.7,119.0,23.0,2,12
2026-02-24 13:00:00,29.2,28,1.8,995.5,0,0.0,150,29.7,40.6,486.0,2.7,5.3,136.0,23.0,2,13
2026-02-24 14:00:00,30.2,22,1.7,994.6,3,0.0,150,27.0,38.3,404.0,2.5,5.0,144.0,22.0,2,14
2026-02-24 15:00:00,30.7,19,2.1,994.0,4,0.0,150,24.7,35.5,324.0,3.6,4.8,139.0,19.0,2,15
2026-02-24 16:00:00,30.8,18,3.0,993.7,4,0.0,149,24.4,33.9,284.0,5.8,4.8,126.0,16.0,2,16
2026-02-24 17:00:00,30.0,18,2.5,993.8,0,0.0,149,32.1,39.7,372.0,9.8,5.4,117.0,14.0,2,17
2026-02-24 18:00:00,28.2,23,2.0,994.1,2,0.0,148,41.0,47.5,718.0,12.6,5.7,107.0,13.0,2,18
2026-02-24 19:00:00,26.4,29,2.4,994.9,2,0.0,147,49.1,55.3,1192.0,16.3,6.1,93.0,12.0,2,19
2026-02-24 20:00:00,25.5,30,1.1,995.1,2,0.0,146,53.6,59.3,1497.0,18.9,6.5,82.0,11.0,2,20
2026-02-24 21:00:00,24.0,32,4.2,995.4,0,0.0,145,56.6,61.7,1472.0,19.0,6.9,78.0,10.0,2,21
2026-02-24 22:00:00,22.2,37,9.9,995.6,0,0.0,144,59.4,63.8,1278.0,17.9,7.3,77.0,9.0,2,22
2026-02-24 23:00:00,21.4,43,9.5,995.6,0,0.0,142,62.9,67.1,1098.0,17.2,7.7,75.0,8.0,2,23
2026-02-25 00:00:00,21.6,42,10.5,995.6,0,0.0,140,64.7,68.5,985.0,17.6,8.0,71.0,7.0,2,0
2026-02-25 01:00:00,21.5,38,10.6,995.4,0,0.0,138,65.4,68.9,886.0,18.4,8.2,67.0,6.0,2,1
2026-02-25 02:00:00,20.8,38,12.0,995.2,0,0.0,136,66.4,68.9,822.0,19.7,8.4,62.0,5.0,2,2
2026-02-25 03:00:00,20.1,39,10.0,995.1,0,0.0,134,67.5,70.1,797.0,21.7,8.5,56.0,5.0,2,3
2026-02-25 04:00:00,19.2,40,8.0,994.9,0,0.0,132,69.2,72.4,806.0,24.1,8.6,50.0,6.0,2,4
2026-02-25 05:00:00,19.0,46,8.7,994.9,0,0.0,131,39.3,50.6,858.0,16.2,10.3,60.0,21.0,2,5
2026-02-25 06:00:00,18.4,45,7.0,995.4,0,0.0,130,31.2,44.6,1005.0,16.3,9.7,57.0,22.0,2,6
2026-02-25 07:00:00,17.8,45,6.1,996.3,0,0.0,128,31.1,45.4,1194.0,16.3,8.8,53.0,22.0,2,7
2026-02-25 08:00:00,18.3,43,3.1,997.3,0,0.0,126,33.5,45.4,1274.0,15.4,7.9,54.0,22.0,2,8
2026-02-25 09:00:00,20.3,38,1.6,998.0,0,0.0,124,33.6,41.7,1149.0,12.7,6.9,65.0,20.0,2,9
2026-02-25 10:00:00,22.8,32,2.2,998.1,0,0.0,123,30.7,39.0,915.0,9.2,6.0,82.0,17.0,2,10
2026-02-25 11:00:00,25.4,29,2.3,997.9,0,0.0,122,29.3,36.6,709.0,6.2,5.3,98.0,14.0,2,11
2026-02-25 12:00:00,27.6,26,2.7,997.2,0,0.0,121,27.2,33.2,574.0,4.3,5.2,115.0,11.0,2,12
2026-02-25 13:00:00,29.2,23,2.7,996.3,0,0.0,121,25.6,30.4,467.0,3.0,5.4,131.0,9.0,2,13
2026-02-25 14:00:00,30.4,20,2.8,995.2,0,0.0,120,23.2,27.0,390.0,2.7,5.5,140.0,7.0,2,14
2026-02-25 15:00:00,31.0,17,3.2,994.5,0,0.0,120,20.8,24.2,327.0,3.6,5.2,136.0,6.0,2,15
2026-02-25 16:00:00,31.0,16,3.4,994.1,0,0.0,119,20.4,23.9,294.0,5.5,4.7,123.0,5.0,2,16
2026-02-25 17:00:00,30.1,16,5.6,994.0,0,0.0,119,26.8,30.6,343.0,10.8,4.7,108.0,7.0,2,17
2026-02-25 18:00:00,28.8,18,7.1,993.9,0,0.0,118,37.1,40.4,534.0,14.3,5.1,100.0,7.0,2,18
2026-02-25 19:00:00,26.9,22,7.7,994.3,0,0.0,118,46.1,49.2,807.0,19.0,5.7,88.0,6.0,2,19
2026-02-25 20:00:00,25.8,24,5.0,994.9,0,0.0,118,50.4,53.4,1031.0,22.0,6.3,79.0,6.0,2,20
2026-02-25 21:00:00,24.5,28,8.5,995.4,0,0.0,117,54.0,56.9,1167.0,21.7,6.8,75.0,6.0,2,21
2026-02-25 22:00:00,22.8,36,11.7,995.7,0,0.0,117,57.4,60.3,1255.0,19.7,7.2,74.0,5.0,2,22
2026-02-25 23:00:00,22.5,40,10.3,995.7,0,0.0,117,59.6,62.2,1284.0,18.2,7.5,73.0,5.0,2,23
2026-02-26 00:00:00,21.8,41,10.3,995.7,0,0.0,117,59.1,61.2,1221.0,18.0,7.7,70.0,4.0,2,0
2026-02-26 01:00:00,20.9,43,10.6,995.3,0,0.0,116,58.4,60.1,1099.0,18.3,7.7,67.0,3.0,2,1
2026-02-26 02:00:00,20.3,44,8.7,994.8,0,0.0,115,58.4,60.1,1003.0,19.0,7.8,63.0,3.0,2,2
2026-02-26 03:00:00,19.6,45,9.7,994.3,0,0.0,114,59.3,61.2,937.0,20.4,7.9,58.0,4.0,2,3
2026-02-26 04:00:00,18.9,45,10.3,993.9,0,0.0,114,60.8,63.6,896.0,22.2,7.9,52.0,6.0,2,4
2026-02-26 05:00:00,18.4,43,11.1,993.7,0,0.0,113,45.4,51.0,952.0,14.2,8.1,66.0,10.0,2,5
2026-02-26 06:00:00,18.2,42,5.6,994.0,0,0.0,113,45.4,52.7,1220.0,15.6,8.7,60.0,11.0,2,6
2026-02-26 07:00:00,17.4,49,6.5,994.9,0,0.0,115,47.7,56.1,1585.0,17.3,9.6,51.0,13.0,2,7
2026-02-26 08:00:00,17.9,49,1.9,995.4,0,0.0,116,49.0,56.6,1765.0,17.7,10.3,50.0,14.0,2,8
2026-02-26 09:00:00,20.0,43,1.0,995.9,0,0.0,118,45.4,51.7,1589.0,15.5,10.6,61.0,14.0,2,9
2026-02-26 10:00:00,22.6,40,2.0,995.7,0,0.0,119,41.0,48.0,1229.0,11.9,10.6,78.0,13.0,2,10
2026-02-26 11:00:00,25.2,33,3.1,995.6,0,0.0,120,38.0,44.9,921.0,8.7,10.5,97.0,13.0,2,11
2026-02-26 12:00:00,27.2,31,3.8,994.8,0,0.0,121,35.0,41.6,748.0,6.3,10.4,118.0,13.0,2,12
2026-02-26 13:00:00,28.6,28,4.2,993.7,0,0.0,122,31.1,37.6,628.0,4.4,10.1,140.0,13.0,2,13
2026-02-26 14:00:00,29.6,27,4.5,992.7,0,0.0,123,25.8,32.6,547.0,3.7,9.6,151.0,13.0,2,14
2026-02-26 15:00:00,29.9,28,5.1,991.8,0,0.0,123,25.3,33.2,505.0,4.6,8.4,145.0,12.0,2,15
2026-02-26 16:00:00,29.9,28,5.2,991.1,3,0.0,123,25.5,33.6,502.0,6.7,6.9,129.0,12.0,2,16
2026-02-26 17:00:00,29.5,29,2.5,990.6,0,0.0,124,36.3,59.6,529.0,12.0,13.2,134.0,45.0,2,17
2026-02-26 18:00:00,28.9,29,4.3,990.4,0,0.0,125,54.9,71.9,578.0,18.5,12.2,113.0,37.0,2,18
2026-02-26 19:00:00,27.2,31,6.7,990.6,0,0.0,127,69.6,81.0,657.0,27.4,10.7,84.0,25.0,2,19
2026-02-26 20:00:00,26.4,33,6.7,990.9,0,0.0,129,71.0,80.1,782.0,34.2,9.7,61.0,17.0,2,20
2026-02-26 21:00:00,25.5,34,3.9,991.6,0,0.0,131,71.2,80.8,1022.0,36.2,9.5,51.0,16.0,2,21
2026-02-26 22:00:00,24.5,37,3.9,991.6,0,0.0,133,75.0,85.9,1308.0,36.1,9.8,48.0,19.0,2,22
2026-02-26 23:00:00,23.8,39,10.7,991.3,0,0.0,135,84.8,96.9,1443.0,37.1,10.0,43.0,22.0,2,23
2026-02-27 00:00:00,23.5,39,11.1,990.9,0,0.0,138,94.3,106.9,1276.0,41.9,10.1,33.0,23.0,2,0
2026-02-27 01:00:00,22.9,41,10.0,990.7,0,0.0,141,100.4,113.6,958.0,47.8,10.1,22.0,23.0,2,1
2026-02-27 02:00:00,22.2,43,10.5,990.3,0,0.0,146,104.1,117.8,748.0,50.2,9.8,15.0,22.0,2,2
2026-02-27 03:00:00,20.9,48,4.9,989.9,0,0.0,150,100.8,113.9,742.0,45.5,8.8,17.0,20.0,2,3
2026-02-27 04:00:00,19.8,52,1.7,989.7,0,0.0,151,90.8,101.3,843.0,37.3,7.4,23.0,18.0,2,4
2026-02-27 05:00:00,19.6,56,3.0,989.9,0,0.0,152,78.2,84.5,1018.0,30.8,9.6,27.0,12.0,2,5
2026-02-27 06:00:00,19.3,57,3.9,990.2,0,0.0,153,72.4,78.9,1344.0,28.9,9.1,26.0,10.0,2,6
2026-02-27 07:00:00,18.7,60,3.2,990.8,0,0.0,154,73.1,79.4,1743.0,26.0,8.5,26.0,9.0,2,7
2026-02-27 08:00:00,18.7,61,3.2,991.4,0,0.0,155,73.6,79.2,1956.0,22.6,8.7,33.0,10.0,2,8
2026-02-27 09:00:00,20.9,54,2.2,992.2,0,0.0,156,70.1,75.4,1821.0,18.3,10.6,55.0,15.0,2,9
2026-02-27 10:00:00,23.3,47,1.9,992.3,0,0.0,156,62.6,73.3,1498.0,13.5,13.3,84.0,24.0,2,10
2026-02-27 11:00:00,25.7,41,3.0,992.3,0,0.0,157,56.8,75.4,1210.0,9.5,15.2,109.0,35.0,2,11
2026-02-27 12:00:00,27.5,37,4.0,991.9,0,0.0,157,49.1,78.7,1029.0,6.4,15.5,127.0,54.0,2,12
2026-02-27 13:00:00,28.8,35,4.8,991.0,3,0.0,158,39.0,79.6,883.0,4.0,15.0,141.0,75.0,2,13
2026-02-27 14:00:00,29.6,33,5.9,989.8,0,0.0,158,35.5,81.7,773.0,3.3,14.0,146.0,89.0,2,14
2026-02-27 15:00:00,29.8,31,6.2,989.2,2,0.0,158,33.3,80.8,687.0,4.5,12.3,139.0,88.0,2,15
2026-02-27 16:00:00,29.7,32,4.1,988.6,5,0.0,159,32.4,78.9,638.0,7.3,10.2,123.0,78.0,2,16
2026-02-27 17:00:00,29.9,26,5.1,988.2,5,0.0,159,46.4,105.9,666.0,12.7,17.5,141.0,114.0,2,17
2026-02-27 18:00:00,27.4,40,11.0,988.5,2,0.0,159,68.7,118.3,852.0,21.5,16.0,116.0,100.0,2,18
2026-02-27 19:00:00,26.1,44,5.8,988.9,0,0.0,160,87.8,129.5,1116.0,33.5,13.9,81.0,80.0,2,19
2026-02-27 20:00:00,24.7,48,8.1,989.3,0,0.0,160,94.3,129.0,1259.0,42.2,12.5,54.0,65.0,2,20
2026-02-27 21:00:00,23.2,55,8.8,989.8,0,0.0,161,103.1,135.0,1162.0,44.3,12.4,43.0,60.0,2,21
2026-02-27 22:00:00,21.8,62,8.8,990.0,0,0.0,162,113.9,145.8,945.0,43.0,13.0,39.0,60.0,2,22
2026-02-27 23:00:00,21.9,63,10.8,989.8,0,0.0,163,122.9,155.1,767.0,41.3,13.3,37.0,60.0,2,23
2026-02-28 00:00:00,21.7,63,10.0,989.8,6,0.0,164,125.3,157.4,682.0,40.2,13.0,34.0,60.0,2,0
2026-02-28 01:00:00,21.1,66,8.2,989.9,33,0.0,165,122.9,155.5,636.0,38.7,12.5,32.0,61.0,2,1
2026-02-28 02:00:00,20.1,72,10.5,989.8,9,0.0,166,117.6,149.9,623.0,36.1,11.8,31.0,58.0,2,2
2026-02-28 03:00:00,19.1,76,8.1,989.7,0,0.0,166,108.0,134.6,642.0,31.5,11.0,31.0,49.0,2,3
2026-02-28 04:00:00,18.4,79,7.4,989.7,0,0.0,166,97.8,117.3,694.0,25.9,10.0,31.0,37.0,2,4
2026-02-28 05:00:00,19.0,79,7.6,989.4,0,0.0,166,97.6,120.1,772.0,27.6,10.6,34.0,41.0,2,5
2026-02-28 06:00:00,18.4,82,7.9,990.2,0,0.0,167,90.1,108.0,913.0,27.7,10.8,29.0,36.0,2,6
2026-02-28 07:00:00,18.1,83,3.9,991.0,0,0.0,168,94.5,111.5,1082.0,27.6,11.1,24.0,30.0,2,7
2026-02-28 08:00:00,18.6,80,7.9,992.5,0,0.0,168,106.2,120.1,1160.0,25.8,11.6,31.0,26.0,2,8
2026-02-28 09:00:00,20.6,69,5.2,993.4,0,0.0,169,96.9,113.6,1074.0,20.7,12.5,63.0,27.0,2,9
2026-02-28 10:00:00,23.2,57,6.3,993.6,0,0.0,170,88.9,105.7,899.0,13.9,13.5,107.0,31.0,2,10
2026-02-28 11:00:00,25.5,49,7.8,993.9,0,0.0,171,78.2,97.1,742.0,8.4,14.6,144.0,36.0,2,11
2026-02-28 12:00:00,27.5,41,8.0,993.3,0,0.0,171,69.8,91.0,636.0,5.4,15.8,166.0,41.0,2,12
2026-02-28 13:00:00,28.9,34,7.1,992.5,1,0.0,172,61.7,85.4,547.0,3.9,17.0,180.0,47.0,2,13
2026-02-28 14:00:00,29.7,30,6.5,991.5,1,0.0,173,53.9,79.6,486.0,3.5,17.4,184.0,50.0,2,14
2026-02-28 15:00:00,30.1,29,6.4,991.3,6,0.0,173,50.8,78.0,440.0,4.4,16.4,175.0,48.0,2,15
2026-02-28 16:00:00,29.8,28,6.1,991.1,7,0.0,174,49.1,75.7,420.0,6.6,14.7,157.0,43.0,2,16
2026-02-28 17:00:00,30.0,25,5.4,990.6,1,0.0,174,48.3,68.0,471.0,9.6,16.5,121.0,38.0,2,17
2026-02-28 18:00:00,28.5,31,9.4,990.8,0,0.0,174,57.3,71.7,647.0,13.1,15.7,108.0,32.0,2,18
2026-02-28 19:00:00,26.2,42,10.0,991.2,0,0.0,174,66.1,77.5,893.0,17.9,14.6,90.0,24.0,2,19
2026-02-28 20:00:00,24.9,48,6.5,991.8,0,0.0,173,68.5,78.0,1089.0,21.0,13.7,77.0,18.0,2,20
2026-02-28 21:00:00,24.1,53,7.9,992.3,0,0.0,173,68.5,77.5,1180.0,20.6,13.1,74.0,17.0,2,21
2026-02-28 22:00:00,23.5,55,8.4,992.4,0,0.0,172,70.5,80.3,1221.0,18.6,12.7,75.0,19.0,2,22
2026-02-28 23:00:00,22.6,61,8.7,992.2,0,0.0,170,75.0,86.4,1259.0,17.7,12.4,75.0,21.0,2,23
2026-03-01 00:00:00,21.8,63,7.0,992.3,0,0.0,169,78.9,92.0,1310.0,19.1,12.0,70.0,24.0,3,0
2026-03-01 01:00:00,20.9,66,6.4,992.2,0,0.0,167,82.7,97.3,1359.0,21.7,11.7,62.0,27.0,3,1
2026-03-01 02:00:00,20.2,68,4.9,991.9,0,0.0,166,88.0,103.6,1404.0,25.0,11.6,55.0,29.0,3,2
2026-03-01 03:00:00,19.3,72,3.3,991.8,0,0.0,165,94.1,111.1,1431.0,29.9,12.1,48.0,31.0,3,3
2026-03-01 04:00:00,18.8,73,2.9,991.6,0,0.0,165,100.6,117.8,1455.0,35.5,12.8,41.0,32.0,3,4
2026-03-01 05:00:00,19.0,74,6.0,991.4,0,0.0,165,113.9,133.2,1519.0,39.2,13.1,32.0,35.0,3,5
2026-03-01 06:00:00,18.7,73,5.2,992.0,0,0.0,165,122.9,143.0,1712.0,42.1,13.3,25.0,32.0,3,6
2026-03-01 07:00:00,18.3,74,2.3,992.4,0,0.0,166,133.2,154.1,1947.0,45.6,13.6,17.0,29.0,3,7
2026-03-01 08:00:00,18.6,74,4.6,993.5,0,0.0,168,138.8,155.5,2001.0,44.6,13.8,23.0,27.0,3,8
2026-03-01 09:00:00,21.2,63,2.3,994.4,0,0.0,169,110.4,122.0,1715.0,34.9,13.9,55.0,28.0,3,9
2026-03-01 10:00:00,24.1,51,1.5,994.6,0,0.0,169,82.4,99.0,1250.0,20.7,13.9,100.0,31.0,3,10
2026-03-01 11:00:00,26.8,42,2.7,994.8,2,0.0,169,71.9,90.1,866.0,9.7,13.8,135.0,35.0,3,11
2026-03-01 12:00:00,28.8,35,3.4,994.2,0,0.0,169,60.1,79.9,661.0,5.0,13.7,152.0,40.0,3,12
2026-03-01 13:00:00,30.1,31,6.2,993.4,2,0.0,168,49.7,71.0,538.0,3.5,13.5,160.0,44.0,3,13
2026-03-01 14:00:00,30.8,27,8.1,992.4,18,0.0,168,42.1,66.6,460.0,3.4,12.8,158.0,47.0,3,14
2026-03-01 15:00:00,31.0,26,8.2,991.8,7,0.0,168,36.6,63.8,401.0,4.4,11.1,144.0,45.0,3,15
2026-03-01 16:00:00,30.8,26,7.3,991.4,20,0.0,167,34.8,60.1,387.0,6.8,8.9,120.0,41.0,3,16
2026-03-01 17:00:00,30.9,24,7.6,990.9,11,0.0,167,51.1,79.6,464.0,13.1,13.0,130.0,55.0,3,17
2026-03-01 18:00:00,29.4,30,8.4,991.5,19,0.0,167,68.9,94.8,720.0,22.3,12.5,108.0,48.0,3,18
2026-03-01 19:00:00,27.9,35,7.1,992.1,1,0.0,167,91.0,112.9,1066.0,34.7,11.9,77.0,40.0,3,19
2026-03-01 20:00:00,26.5,39,7.9,992.8,16,0.0,168,97.6,115.0,1280.0,42.7,11.4,55.0,33.0,3,20
2026-03-01 21:00:00,25.1,43,7.7,992.9,47,0.0,169,101.3,117.6,1219.0,42.0,11.2,49.0,31.0,3,21
2026-03-01 22:00:00,23.7,47,9.2,993.3,88,0.0,170,106.2,122.9,1026.0,36.8,11.2,50.0,32.0,3,22
2026-03-01 23:00:00,22.7,53,9.9,993.5,82,0.0,171,109.0,126.7,901.0,32.0,11.1,52.0,33.0,3,23
2026-03-02 00:00:00,22.4,54,9.0,993.7,98,0.0,172,106.6,125.3,949.0,29.2,10.7,52.0,34.0,3,0
2026-03-02 01:00:00,21.9,56,10.6,993.5,31,0.0,173,102.9,122.0,1065.0,26.8,10.2,52.0,35.0,3,1
2026-03-02 02:00:00,21.2,57,11.4,992.9,5,0.0,173,99.2,118.3,1136.0,25.3,9.7,51.0,35.0,3,2
2026-03-02 03:00:00,20.8,57,2.2,993.0,39,0.0,174,95.5,112.5,1083.0,24.7,9.0,47.0,35.0,3,3
2026-03-02 04:00:00,19.8,62,6.4,993.1,28,0.0,174,91.7,108.3,984.0,24.9,8.3,42.0,34.0,3,4
2026-03-02 05:00:00,19.2,70,8.6,993.3,3,0.0,173,81.3,99.4,959.0,20.2,8.3,51.0,34.0,3,5
2026-03-02 06:00:00,18.8,71,7.2,994.0,34,0.0,172,83.4,102.4,1115.0,26.5,9.5,43.0,35.0,3,6
2026-03-02 07:00:00,18.5,72,6.2,994.5,72,0.0,171,94.1,114.6,1345.0,34.7,11.1,33.0,36.0,3,7
2026-03-02 08:00:00,19.2,69,5.6,995.4,1,0.0,170,115.9,136.4,1449.0,37.9,12.1,35.0,38.0,3,8
2026-03-02 09:00:00,21.8,60,4.7,996.5,6,0.0,169,96.4,116.4,1306.0,31.1,12.0,61.0,40.0,3,9
2026-03-02 10:00:00,24.9,49,5.4,996.9,89,0.0,169,82.4,105.5,1037.0,19.2,11.2,99.0,43.0,3,10
2026-03-02 11:00:00,27.9,40,6.9,997.2,4,0.0,169,75.9,101.3,799.0,9.7,10.7,131.0,48.0,3,11
2026-03-02 12:00:00,29.9,33,6.7,996.9,19,0.0,169,67.1,97.1,643.0,5.5,10.8,150.0,56.0,3,12
2026-03-02 13:00:00,31.1,28,5.5,996.2,29,0.0,169,54.2,87.5,518.0,3.7,11.1,162.0,66.0,3,13
2026-03-02 14:00:00,31.8,25,4.7,995.4,46,0.0,169,46.0,83.4,437.0,3.2,10.9,165.0,71.0,3,14
2026-03-02 15:00:00,32.1,23,3.8,994.8,99,0.0,170,42.7,82.4,387.0,3.6,9.7,156.0,69.0,3,15
2026-03-02 16:00:00,31.8,23,4.0,994.5,80,0.0,170,41.2,80.1,380.0,5.4,8.1,139.0,64.0,3,16
2026-03-02 17:00:00,31.3,23,4.7,994.4,87,0.0,170,46.1,80.1,464.0,10.0,11.4,135.0,65.0,3,17
2026-03-02 18:00:00,30.1,26,8.3,994.7,59,0.0,170,56.6,85.9,712.0,14.3,10.6,119.0,61.0,3,18
2026-03-02 19:00:00,27.9,35,9.7,995.0,60,0.0,169,68.2,95.0,1051.0,20.5,9.6,96.0,55.0,3,19
2026-03-02 20:00:00,26.5,42,5.5,995.7,42,0.0,169,72.6,100.4,1310.0,26.5,9.0,75.0,52.0,3,20
2026-03-02 21:00:00,25.5,45,3.1,996.3,34,0.0,168,81.3,109.7,1421.0,32.0,9.4,60.0,54.0,3,21
2026-03-02 22:00:00,24.2,49,4.5,996.6,37,0.0,167,96.2,127.1,1453.0,37.4,10.4,48.0,58.0,3,22
2026-03-02 23:00:00,23.5,54,9.5,996.4,70,0.0,167,110.1,144.4,1436.0,41.9,11.0,38.0,60.0,3,23
2026-03-03 00:00:00,22.8,56,9.7,996.2,86,0.0,167,112.9,147.1,1351.0,45.0,10.9,31.0,59.0,3,0
2026-03-03 01:00:00,22.5,56,7.2,995.7,93,0.0,167,109.2,140.6,1218.0,47.1,10.5,25.0,56.0,3,1
2026-03-03 02:00:00,21.9,57,5.2,995.4,99,0.0,168,106.9,138.3,1130.0,49.3,10.3,21.0,54.0,3,2
2026-03-03 03:00:00,21.2,59,6.0,995.0,72,0.0,168,109.4,142.0,1109.0,52.6,10.7,17.0,56.0,3,3
2026-03-03 04:00:00,20.3,62,7.2,994.3,50,0.0,168,113.2,145.8,1133.0,56.0,11.4,13.0,59.0,3,4
2026-03-03 05:00:00,19.9,63,7.5,994.7,41,0.0,169,111.1,143.4,1223.0,59.3,10.8,11.0,54.0,3,5
2026-03-03 06:00:00,19.6,63,7.3,994.9,33,0.0,170,108.0,136.4,1471.0,53.0,10.5,17.0,47.0,3,6
2026-03-03 07:00:00,19.3,64,5.1,995.4,3,0.0,170,108.7,134.1,1786.0,43.9,10.2,26.0,37.0,3,7
2026-03-03 08:00:00,19.7,62,3.7,996.3,0,0.0,171,103.4,120.1,1919.0,34.8,10.3,42.0,31.0,3,8
2026-03-03 09:00:00,22.0,52,2.4,997.1,0,0.0,170,90.6,103.6,1708.0,25.8,11.5,71.0,33.0,3,9
2026-03-03 10:00:00,25.0,42,1.8,997.3,0,0.0,170,78.0,95.7,1315.0,16.7,13.2,108.0,40.0,3,10
2026-03-03 11:00:00,27.9,36,3.5,997.4,0,0.0,170,62.2,86.1,975.0,9.7,14.2,136.0,46.0,3,11
2026-03-03 12:00:00,29.9,32,5.3,996.8,0,0.0,170,47.8,78.5,768.0,5.7,14.1,150.0,52.0,3,12
2026-03-03 13:00:00,31.3,28,6.1,996.0,0,0.0,169,42.0,74.3,613.0,3.7,13.2,157.0,58.0,3,13
2026-03-03 14:00:00,32.1,26,6.0,995.0,0,0.0,169,37.6,68.2,510.0,3.2,12.2,155.0,59.0,3,14
2026-03-03 15:00:00,32.5,25,5.3,994.3,0,0.0,169,34.0,62.6,457.0,4.4,10.8,143.0,53.0,3,15
2026-03-03 16:00:00,32.6,25,4.5,993.7,0,0.0,168,32.9,56.7,455.0,7.1,9.1,123.0,42.0,3,16
2026-03-03 17:00:00,32.6,23,3.6,993.4,0,0.0,168,41.2,71.2,502.0,11.5,10.2,118.0,58.0,3,17
2026-03-03 18:00:00,31.6,24,4.0,993.8,0,0.0,168,50.4,74.7,651.0,17.9,9.5,99.0,51.0,3,18
2026-03-03 19:00:00,30.1,26,7.9,994.0,0,0.0,168,61.7,81.0,849.0,26.6,8.5,72.0,40.0,3,19
2026-03-03 20:00:00,28.9,29,11.4,994.7,0,0.0,168,65.0,81.7,942.0,31.8,8.0,54.0,32.0,3,20
2026-03-03 21:00:00,28.0,30,12.6,995.0,0,0.0,167,62.9,77.5,824.0,30.4,8.5,52.0,27.0,3,21
2026-03-03 22:00:00,27.3,31,15.0,995.3,0,0.0,167,57.9,70.5,601.0,25.6,9.5,59.0,24.0,3,22
2026-03-03 23:00:00,26.5,34,15.4,995.3,0,0.0,166,51.1,63.3,429.0,21.3,10.5,65.0,23.0,3,23
2026-03-04 00:00:00,26.2,35,14.0,995.4,0,0.0,164,44.7,58.8,377.0,18.7,11.6,66.0,26.0,3,0
2026-03-04 01:00:00,25.8,36,13.4,995.0,0,0.0,162,41.1,58.1,376.0,16.6,12.8,67.0,32.0,3,1
2026-03-04 02:00:00,25.2,38,12.4,994.6,0,0.0,160,39.2,58.9,385.0,15.2,13.5,66.0,37.0,3,2
2026-03-04 03:00:00,24.2,41,10.5,994.8,0,0.0,158,38.1,59.8,362.0,14.4,13.6,64.0,39.0,3,3
2026-03-04 04:00:00,22.8,46,8.5,994.8,0,0.0,156,37.3,59.0,348.0,14.3,13.3,62.0,39.0,3,4
2026-03-04 05:00:00,22.0,53,5.9,994.7,8,0.0,153,34.8,52.2,424.0,13.4,14.3,65.0,32.0,3,5
2026-03-04 06:00:00,19.9,67,7.6,995.6,0,0.0,151,35.7,51.5,700.0,16.6,13.5,55.0,31.0,3,6
2026-03-04 07:00:00,18.4,81,9.1,996.1,0,0.0,146,43.8,62.2,1066.0,20.7,12.4,43.0,30.0,3,7
2026-03-04 08:00:00,19.6,79,6.6,997.0,0,0.0,140,53.2,70.5,1273.0,22.5,12.3,40.0,32.0,3,8
2026-03-04 09:00:00,22.1,70,5.9,998.0,0,0.0,135,51.8,68.2,1167.0,19.7,13.8,55.0,40.0,3,9
2026-03-04 10:00:00,25.1,59,6.5,998.3,0,0.0,130,45.4,74.3,902.0,14.4,16.3,81.0,51.0,3,10
2026-03-04 11:00:00,28.1,49,6.6,998.2,0,0.0,127,44.4,75.4,685.0,10.0,18.6,106.0,59.0,3,11
2026-03-04 12:00:00,30.1,42,6.7,998.1,0,0.0,125,44.1,75.2,596.0,7.3,21.0,131.0,61.0,3,12
2026-03-04 13:00:00,31.5,37,6.2,997.3,0,0.0,125,44.9,74.7,555.0,5.4,23.3,156.0,59.0,3,13
2026-03-04 14:00:00,32.3,34,5.7,996.2,0,0.0,125,44.7,73.1,531.0,4.8,23.6,168.0,55.0,3,14
2026-03-04 15:00:00,32.7,32,5.2,995.5,0,0.0,126,42.7,69.2,448.0,5.6,20.1,160.0,48.0,3,15
2026-03-04 16:00:00,32.8,31,3.9,995.0,0,0.0,127,39.7,62.9,382.0,7.6,14.6,141.0,38.0,3,16
2026-03-04 17:00:00,32.9,31,5.0,994.4,0,0.0,127,47.8,77.3,535.0,12.0,15.4,129.0,57.0,3,17
2026-03-04 18:00:00,31.5,36,6.4,994.5,0,0.0,128,58.6,82.7,1173.0,22.2,13.8,104.0,51.0,3,18
2026-03-04 19:00:00,29.9,42,3.4,994.8,0,0.0,129,75.2,95.9,2029.0,36.1,11.6,71.0,43.0,3,19
2026-03-04 20:00:00,28.7,45,5.8,995.1,0,0.0,130,87.8,106.9,2506.0,45.9,10.0,45.0,36.0,3,20
2026-03-04 21:00:00,27.9,44,6.0,995.4,0,0.0,133,92.7,110.4,2249.0,47.4,9.6,36.0,33.0,3,21
2026-03-04 22:00:00,27.5,41,8.3,995.6,0,0.0,136,89.9,106.6,1613.0,44.7,9.9,36.0,32.0,3,22
2026-03-04 23:00:00,26.8,41,10.8,995.7,0,0.0,139,86.8,103.1,1065.0,42.4,10.0,36.0,30.0,3,23
2026-03-05 00:00:00,26.0,40,10.2,995.4,0,0.0,143,85.2,99.9,771.0,42.1,9.7,33.0,28.0,3,0
2026-03-05 01:00:00,25.6,38,9.9,995.2,0,0.0,147,84.3,97.8,565.0,42.1,9.4,31.0,25.0,3,1
2026-03-05 02:00:00,25.2,38,8.6,995.0,0,0.0,150,84.3,96.4,423.0,41.7,9.2,29.0,23.0,3,2
2026-03-05 03:00:00,24.4,39,7.9,994.5,0,0.0,152,84.1,94.8,324.0,40.7,9.2,27.0,21.0,3,3
2026-03-05 04:00:00,23.7,40,8.5,994.1,0,0.0,153,83.1,92.9,288.0,39.4,9.4,26.0,18.0,3,4
2026-03-05 05:00:00,22.0,50,6.8,994.0,0,0.0,155,97.6,112.5,349.0,49.2,11.4,20.0,27.0,3,5
2026-03-05 06:00:00,20.1,62,6.4,994.3,0,0.0,156,101.5,115.3,598.0,46.9,11.2,16.0,24.0,3,6
2026-03-05 07:00:00,19.0,73,8.1,994.8,0,0.0,158,108.7,122.0,946.0,43.4,11.1,12.0,20.0,3,7
2026-03-05 08:00:00,20.2,76,6.2,995.4,0,0.0,160,116.4,126.7,1154.0,38.1,11.9,22.0,19.0,3,8
2026-03-05 09:00:00,23.0,69,3.7,995.7,0,0.0,162,104.1,113.4,1091.0,29.7,14.1,56.0,23.0,3,9
2026-03-05 10:00:00,26.4,56,5.4,996.1,0,0.0,164,87.8,102.0,889.0,19.5,17.2,104.0,29.0,3,10
2026-03-05 11:00:00,29.5,47,6.4,996.4,0,0.0,165,74.7,92.4,710.0,11.5,20.2,144.0,34.0,3,11
2026-03-05 12:00:00,31.3,40,6.2,996.0,0,0.0,166,64.3,84.3,609.0,7.2,23.6,172.0,37.0,3,12
2026-03-05 13:00:00,32.7,35,5.4,995.1,0,0.0,167,57.3,77.8,531.0,5.2,26.8,192.0,38.0,3,13
2026-03-05 14:00:00,33.6,31,3.5,993.6,0,0.0,167,55.1,74.0,478.0,4.4,27.5,199.0,37.0,3,14
2026-03-05 15:00:00,34.2,28,2.9,992.7,0,0.0,167,51.6,67.3,454.0,4.8,23.5,187.0,31.0,3,15
2026-03-05 16:00:00,34.5,26,2.3,991.9,34,0.0,167,46.7,58.7,455.0,6.5,17.0,162.0,22.0,3,16
2026-03-05 17:00:00,34.3,27,3.5,991.4,67,0.0,168,55.1,68.5,470.0,10.5,16.6,149.0,26.0,3,17
2026-03-05 18:00:00,32.8,30,5.9,991.5,24,0.0,168,57.3,66.8,508.0,14.6,14.2,128.0,22.0,3,18
2026-03-05 19:00:00,31.0,32,10.9,991.8,3,0.0,168,57.2,64.5,560.0,20.2,11.0,99.0,16.0,3,19
2026-03-05 20:00:00,29.9,32,12.6,992.1,34,0.0,167,52.6,58.2,592.0,23.6,8.7,78.0,11.0,3,20
2026-03-05 21:00:00,28.7,32,12.7,992.2,13,0.0,166,48.8,53.4,590.0,22.9,8.1,74.0,7.0,3,21
2026-03-05 22:00:00,27.8,31,14.5,992.4,54,0.0,165,46.8,49.6,567.0,20.1,8.5,79.0,4.0,3,22
2026-03-05 23:00:00,26.9,30,15.6,992.1,65,0.0,164,43.4,45.1,531.0,17.4,9.8,84.0,3.0,3,23
2026-03-06 00:00:00,26.2,29,15.3,991.7,97,0.0,162,38.3,40.3,471.0,15.2,12.7,87.0,4.0,3,0
2026-03-06 01:00:00,25.4,30,14.9,991.3,95,0.0,161,33.8,37.3,398.0,13.1,16.5,91.0,8.0,3,1
2026-03-06 02:00:00,24.8,30,14.8,990.9,95,0.0,159,30.3,36.0,350.0,11.7,19.3,91.0,11.0,3,2
2026-03-06 03:00:00,24.1,31,13.1,990.6,85,0.0,158,28.2,36.3,328.0,11.0,20.1,87.0,14.0,3,3
2026-03-06 04:00:00,23.3,33,9.0,990.7,31,0.0,156,28.1,38.3,330.0,11.1,19.9,80.0,18.0,3,4
2026-03-06 05:00:00,22.8,37,10.1,990.6,16,0.0,155,23.2,33.9,395.0,10.8,19.6,80.0,20.0,3,5
2026-03-06 06:00:00,21.9,39,9.7,991.0,0,0.0,152,25.7,37.1,582.0,15.4,17.9,67.0,20.0,3,6
2026-03-06 07:00:00,20.8,43,8.0,991.6,0,0.0,150,34.9,48.7,831.0,21.5,15.7,50.0,20.0,3,7
2026-03-06 08:00:00,21.2,43,4.0,992.5,0,0.0,143,49.0,61.7,999.0,24.4,14.5,44.0,23.0,3,8
2026-03-06 09:00:00,23.1,43,3.3,993.1,0,0.0,136,42.0,57.3,1012.0,21.3,15.1,59.0,32.0,3,9
2026-03-06 10:00:00,25.6,44,3.6,993.4,0,0.0,129,37.6,59.8,945.0,15.0,16.8,85.0,43.0,3,10
2026-03-06 11:00:00,28.7,38,4.0,993.5,2,0.0,124,37.0,63.1,877.0,9.8,18.9,111.0,50.0,3,11
2026-03-06 12:00:00,30.6,35,5.2,993.2,5,0.0,120,39.7,65.7,828.0,7.0,22.2,136.0,50.0,3,12
2026-03-06 13:00:00,32.1,32,5.2,992.6,5,0.0,117,43.1,67.5,780.0,5.3,26.0,161.0,47.0,3,13
2026-03-06 14:00:00,33.2,30,5.3,991.4,1,0.0,116,45.6,67.3,751.0,4.7,27.5,174.0,42.0,3,14
2026-03-06 15:00:00,33.8,30,3.9,990.7,2,0.0,115,46.4,65.2,713.0,5.0,24.6,170.0,36.0,3,15
2026-03-06 16:00:00,34.1,29,2.4,990.2,0,0.0,114,45.6,61.9,696.0,6.4,19.4,154.0,29.0,3,16
2026-03-06 17:00:00,34.0,27,1.9,989.8,0,0.0,114,45.3,64.7,809.0,10.7,14.6,127.0,38.0,3,17
2026-03-06 18:00:00,32.1,30,5.4,990.1,0,0.0,113,49.5,65.2,1189.0,16.5,12.6,108.0,36.0,3,18
2026-03-06 19:00:00,30.6,34,3.2,990.6,0,0.0,113,55.8,71.0,1700.0,24.6,9.9,83.0,32.0,3,19
2026-03-06 20:00:00,30.0,36,4.2,991.2,0,0.0,112,63.8,78.9,2042.0,31.2,8.0,62.0,29.0,3,20
2026-03-06 21:00:00,29.0,39,5.2,991.7,0,0.0,114,71.2,86.1,2090.0,35.0,7.9,51.0,27.0,3,21
2026-03-06 22:00:00,27.9,41,8.8,991.8,2,0.0,116,76.1,90.6,1968.0,37.2,8.6,46.0,25.0,3,22
2026-03-06 23:00:00,27.0,45,10.3,991.5,8,0.0,119,78.9,91.3,1755.0,37.7,9.4,43.0,23.0,3,23
2026-03-07 00:00:00,26.6,43,11.1,991.5,1,0.0,123,74.7,85.9,1411.0,35.6,10.0,43.0,22.0,3,0
2026-03-07 01:00:00,26.1,41,12.2,991.6,0,0.0,126,71.0,82.2,976.0,31.7,10.5,45.0,21.0,3,1
2026-03-07 02:00:00,25.6,40,12.6,991.2,0,0.0,130,69.2,80.1,640.0,28.9,10.9,46.0,20.0,3,2
2026-03-07 03:00:00,24.9,40,12.8,990.9,0,0.0,134,68.9,79.4,473.0,28.4,10.9,43.0,19.0,3,3
2026-03-07 04:00:00,24.1,40,9.6,991.1,0,0.0,139,68.7,79.4,406.0,29.0,10.6,37.0,19.0,3,4
2026-03-07 05:00:00,24.0,43,8.0,991.2,0,0.0,143,56.2,61.9,426.0,23.2,8.5,38.0,10.0,3,5
2026-03-07 06:00:00,23.3,45,8.8,991.6,0,0.0,146,54.1,59.5,596.0,22.8,8.2,34.0,9.0,3,6
2026-03-07 07:00:00,22.4,47,7.4,992.7,0,0.0,149,55.9,61.5,853.0,22.2,7.9,29.0,9.0,3,7
2026-03-07 08:00:00,23.1,46,6.7,993.4,0,0.0,150,54.8,59.6,999.0,20.6,8.2,32.0,9.0,3,8
2026-03-07 09:00:00,25.4,40,4.8,994.1,0,0.0,151,49.7,53.8,913.0,17.3,9.5,50.0,11.0,3,9
2026-03-07 10:00:00,28.0,36,5.5,994.5,0,0.0,151,40.3,46.8,714.0,13.2,11.4,77.0,14.0,3,10
2026-03-07 11:00:00,30.3,33,5.3,994.9,0,0.0,151,37.4,46.7,566.0,9.6,13.5,103.0,18.0,3,11
2026-03-07 12:00:00,32.0,31,4.5,994.7,0,0.0,151,38.3,51.1,544.0,7.0,16.3,128.0,23.0,3,12
2026-03-07 13:00:00,33.2,30,4.6,993.8,0,0.0,151,40.4,55.9,573.0,5.1,19.3,153.0,30.0,3,13
2026-03-07 14:00:00,34.0,30,4.8,992.9,0,0.0,151,41.8,58.8,583.0,4.3,20.4,166.0,33.0,3,14
2026-03-07 15:00:00,34.5,29,5.4,992.3,2,0.0,151,41.0,58.4,520.0,4.6,18.0,162.0,32.0,3,15
2026-03-07 16:00:00,34.8,27,5.4,992.2,1,0.0,150,38.5,55.2,438.0,6.0,13.7,146.0,28.0,3,16
2026-03-07 17:00:00,33.7,29,10.7,992.4,3,0.0,150,45.8,64.7,434.0,11.2,14.7,138.0,37.0,3,17
2026-03-07 18:00:00,31.7,36,13.3,992.8,2,0.0,150,53.3,68.2,590.0,19.5,13.3,115.0,33.0,3,18
2026-03-07 19:00:00,29.7,42,11.6,993.7,5,0.0,150,70.1,83.4,824.0,31.1,11.4,83.0,27.0,3,19
2026-03-07 20:00:00,28.0,50,11.2,994.5,16,0.0,151,85.9,98.5,983.0,41.6,10.3,56.0,23.0,3,20
2026-03-07 21:00:00,26.1,64,11.9,995.0,82,0.0,151,104.1,116.2,990.0,50.2,10.8,37.0,22.0,3,21
2026-03-07 22:00:00,25.2,70,9.9,995.5,93,0.0,152,122.5,135.0,923.0,57.6,12.0,22.0,23.0,3,22
2026-03-07 23:00:00,25.3,71,8.3,995.0,91,0.0,154,136.0,148.1,861.0,61.1,12.9,13.0,23.0,3,23
2026-03-08 00:00:00,24.9,71,7.7,995.2,0,0.0,156,141.1,154.1,834.0,58.9,13.0,11.0,21.0,3,0
2026-03-08 01:00:00,24.0,73,9.3,995.1,2,0.0,158,136.9,148.1,812.0,52.8,12.8,16.0,19.0,3,1
2026-03-08 02:00:00,23.2,75,8.8,994.8,65,0.0,159,119.7,128.1,789.0,45.2,12.2,21.0,16.0,3,2
2026-03-08 03:00:00,22.6,76,7.9,994.6,6,0.0,161,100.8,107.3,757.0,35.5,10.9,27.0,13.0,3,3
2026-03-08 04:00:00,21.9,79,9.0,994.4,15,0.0,162,85.7,90.6,723.0,24.2,9.3,34.0,9.0,3,4
2026-03-08 05:00:00,21.3,82,10.2,994.5,14,0.0,162,124.8,135.5,707.0,49.6,10.7,8.0,20.0,3,5
2026-03-08 06:00:00,21.0,81,10.9,995.2,12,0.0,164,107.6,115.3,731.0,39.5,9.4,15.0,16.0,3,6
2026-03-08 07:00:00,20.7,80,11.0,995.8,5,0.0,166,85.4,90.6,773.0,25.5,7.7,25.0,11.0,3,7
2026-03-08 08:00:00,21.9,72,8.3,996.5,41,0.0,167,67.3,71.5,784.0,14.4,7.0,41.0,8.0,3,8
2026-03-08 09:00:00,24.1,63,8.4,997.4,91,0.0,167,56.2,60.3,733.0,9.3,8.0,66.0,9.0,3,9
2026-03-08 10:00:00,26.4,57,9.3,997.8,16,0.0,168,51.3,57.5,652.0,7.1,10.0,96.0,13.0,3,10
2026-03-08 11:00:00,28.8,52,9.1,997.9,99,0.0,168,50.3,58.6,578.0,5.6,11.9,122.0,16.0,3,11
2026-03-08 12:00:00,30.4,48,9.3,997.4,100,0.0,168,51.0,61.2,524.0,4.1,13.6,144.0,19.0,3,12
2026-03-08 13:00:00,31.6,43,9.2,996.5,100,0.0,169,52.6,64.0,477.0,3.3,15.2,162.0,22.0,3,13
2026-03-08 14:00:00,32.1,39,7.8,995.2,100,0.0,169,54.2,66.8,448.0,3.5,16.2,172.0,24.0,3,14
2026-03-08 15:00:00,32.8,37,8.7,994.4,88,0.0,169,55.6,68.9,418.0,3.9,16.1,171.0,24.0,3,15
2026-03-08 16:00:00,32.5,39,9.5,994.3,44,0.0,170,56.6,69.8,404.0,5.2,15.4,162.0,23.0,3,16
2026-03-08 17:00:00,32.5,40,8.5,994.3,27,0.0,170,58.7,78.0,467.0,9.8,14.6,151.0,37.0,3,17
2026-03-08 18:00:00,31.2,45,7.0,994.2,70,0.0,171,68.9,88.5,677.0,23.5,15.6,128.0,37.0,3,18
2026-03-08 19:00:00,29.6,52,7.8,994.8,100,0.0,171,96.4,115.0,963.0,42.6,16.9,95.0,37.0,3,19
2026-03-08 20:00:00,28.2,58,7.8,995.5,57,0.0,172,122.9,141.6,1170.0,58.7,18.2,66.0,36.0,3,20
2026-03-08 21:00:00,27.0,63,5.8,995.9,86,0.0,173,144.8,163.4,1227.0,70.6,19.7,45.0,35.0,3,21
2026-03-08 22:00:00,26.2,67,5.9,995.9,70,0.0,174,161.6,179.7,1204.0,79.4,21.1,28.0,34.0,3,22
2026-03-08 23:00:00,25.6,72,6.4,996.0,95,0.0,175,167.2,183.9,1158.0,80.2,20.8,19.0,32.0,3,23
2026-03-09 00:00:00,25.1,73,6.2,995.8,99,0.0,176,149.0,163.4,1093.0,67.4,17.4,22.0,27.0,3,0
2026-03-09 01:00:00,24.8,74,5.0,995.3,100,0.0,177,113.4,123.4,1004.0,46.6,12.4,33.0,20.0,3,1
2026-03-09 02:00:00,24.3,76,4.0,994.8,100,0.0,176,82.0,90.1,933.0,30.0,8.4,41.0,15.0,3,2
2026-03-09 03:00:00,23.8,78,3.5,994.3,100,0.0,175,65.2,72.6,875.0,21.9,6.4,43.0,14.0,3,3
2026-03-09 04:00:00,23.5,79,2.3,994.2,100,0.0,174,56.7,64.3,834.0,18.0,5.5,42.0,15.0,3,4
2026-03-09 05:00:00,23.3,79,3.4,994.1,100,0.0,173,135.5,147.6,864.0,58.2,13.1,7.0,23.0,3,5
2026-03-09 06:00:00,23.0,81,6.9,994.4,99,0.0,173,145.8,157.9,1053.0,55.2,12.3,5.0,20.0,3,6
2026-03-09 07:00:00,22.6,84,6.5,994.9,100,0.0,174,163.0,175.1,1313.0,50.7,11.3,5.0,17.0,3,7
2026-03-09 08:00:00,23.6,79,4.5,995.7,100,0.0,177,156.0,164.4,1432.0,44.0,10.8,18.0,16.0,3,8
2026-03-09 09:00:00,25.9,68,3.0,996.2,98,0.0,179,130.4,138.8,1273.0,33.3,11.5,57.0,20.0,3,9
2026-03-09 10:00:00,28.9,55,3.5,996.5,31,0.0,181,108.0,121.1,973.0,20.4,12.7,110.0,26.0,3,10
2026-03-09 11:00:00,31.2,45,3.5,996.5,8,0.0,183,90.1,106.4,728.0,10.5,13.4,150.0,31.0,3,11
2026-03-09 12:00:00,33.0,38,5.3,996.2,30,0.0,184,72.4,90.6,620.0,5.6,13.1,169.0,33.0,3,12
2026-03-09 13:00:00,34.1,34,6.3,995.3,13,0.0,185,62.2,79.6,567.0,3.6,12.2,175.0,33.0,3,13
2026-03-09 14:00:00,35.1,29,6.7,994.0,20,0.0,185,51.2,67.5,522.0,3.1,10.9,172.0,32.0,3,14
2026-03-09 15:00:00,35.6,25,7.4,993.1,12,0.0,185,41.4,57.0,454.0,4.0,8.9,156.0,28.0,3,15
2026-03-09 16:00:00,35.7,23,9.3,992.8,16,0.0,185,36.0,48.3,394.0,6.4,6.5,130.0,22.0,3,16
2026-03-09 17:00:00,35.2,24,10.5,992.6,58,0.0,184,35.3,50.8,383.0,9.2,5.7,102.0,30.0,3,17
2026-03-09 18:00:00,34.2,24,10.6,992.6,79,0.0,183,36.4,48.0,468.0,12.0,5.7,95.0,25.0,3,18
2026-03-09 19:00:00,32.7,27,10.7,993.1,93,0.0,182,36.3,45.4,602.0,15.9,5.8,85.0,19.0,3,19
2026-03-09 20:00:00,31.8,28,11.1,993.9,77,0.0,181,35.7,43.1,688.0,18.5,5.9,78.0,14.0,3,20
2026-03-09 21:00:00,30.6,31,9.0,994.4,98,0.0,178,35.5,41.9,670.0,19.0,6.2,77.0,12.0,3,21
2026-03-09 22:00:00,29.4,35,5.1,994.7,96,0.0,175,35.3,41.2,604.0,18.4,6.5,78.0,11.0,3,22
2026-03-09 23:00:00,28.5,40,7.9,994.8,66,0.0,171,34.7,40.5,566.0,17.0,6.8,78.0,11.0,3,23
2026-03-10 00:00:00,26.1,45,13.0,995.5,88,0.0,167,35.7,44.4,607.0,14.6,7.1,76.0,13.0,3,0
2026-03-10 01:00:00,24.0,62,12.6,995.6,100,0.0,164,34.2,44.4,675.0,11.6,7.4,72.0,15.0,3,1
2026-03-10 02:00:00,22.8,66,13.2,995.6,100,0.0,161,33.9,42.3,694.0,9.0,7.4,70.0,16.0,3,2
2026-03-10 03:00:00,22.2,65,12.0,995.4,99,0.0,160,31.7,37.5,603.0,7.2,6.9,71.0,14.0,3,3
2026-03-10 04:00:00,21.6,67,12.0,995.6,71,0.0,159,28.6,33.6,464.0,6.0,6.0,73.0,11.0,3,4
2026-03-10 05:00:00,21.2,76,10.9,995.5,55,0.0,158,30.3,34.5,377.0,7.0,5.5,65.0,8.0,3,5
2026-03-10 06:00:00,20.8,77,10.5,996.1,68,0.0,155,27.2,30.6,408.0,8.7,5.3,59.0,8.0,3,6
2026-03-10 07:00:00,20.6,78,10.1,996.9,41,0.0,151,28.7,32.9,491.0,10.8,5.1,52.0,8.0,3,7
2026-03-10 08:00:00,21.7,72,9.2,997.5,84,0.0,141,31.3,36.4,541.0,11.7,5.2,52.0,10.0,3,8
2026-03-10 09:00:00,23.8,63,8.8,998.4,52,0.0,128,29.3,39.7,509.0,10.0,6.0,64.0,16.0,3,9
2026-03-10 10:00:00,26.0,55,8.5,998.9,73,0.0,118,29.6,43.3,442.0,7.1,7.1,83.0,24.0,3,10
2026-03-10 11:00:00,27.6,53,6.6,999.0,98,0.0,109,30.5,47.0,395.0,4.7,8.2,101.0,31.0,3,11
2026-03-10 12:00:00,28.8,50,7.9,998.4,100,0.0,103,31.8,49.9,391.0,3.5,9.3,116.0,35.0,3,12
2026-03-10 13:00:00,29.8,48,6.6,997.5,98,0.0,99,33.2,52.4,406.0,2.8,10.4,131.0,37.0,3,13
2026-03-10 14:00:00,30.8,45,3.5,996.3,46,0.0,97,34.6,54.2,428.0,2.9,10.9,139.0,37.0,3,14
2026-03-10 15:00:00,31.7,41,3.2,995.4,51,0.0,96,35.7,54.8,448.0,3.2,10.4,140.0,34.0,3,15
2026-03-10 16:00:00,31.7,40,3.5,994.9,70,0.0,95,36.3,54.1,475.0,4.2,9.3,135.0,29.0,3,16
2026-03-10 17:00:00,31.3,40,3.6,994.7,93,0.0,95,43.8,58.0,514.0,8.8,6.9,124.0,27.0,3,17
2026-03-10 18:00:00,30.5,43,4.5,994.7,100,0.0,96,52.2,62.4,583.0,17.9,6.7,104.0,23.0,3,18
2026-03-10 19:00:00,29.0,51,8.9,994.9,87,0.0,97,68.5,76.8,665.0,30.9,6.6,76.0,18.0,3,19
2026-03-10 20:00:00,27.7,58,7.6,995.6,99,0.0,100,87.8,95.5,715.0,43.6,7.2,52.0,15.0,3,20
2026-03-10 21:00:00,26.5,63,7.8,995.9,97,0.0,105,109.7,117.3,709.0,56.1,9.4,36.0,16.0,3,21
2026-03-10 22:00:00,25.7,67,8.8,995.7,99,0.0,113,127.6,136.4,670.0,68.3,12.4,24.0,18.0,3,22
2026-03-10 23:00:00,26.1,68,7.4,995.5,100,0.0,122,139.2,150.4,627.0,76.2,14.5,15.0,21.0,3,23
2026-03-11 00:00:00,25.5,71,7.8,995.6,100,0.0,133,141.1,154.6,583.0,78.5,15.0,8.0,24.0,3,0
2026-03-11 01:00:00,24.8,74,7.2,995.6,100,0.0,144,137.4,152.3,533.0,76.4,14.7,4.0,27.0,3,1
2026-03-11 02:00:00,24.2,77,6.7,995.3,100,0.0,151,131.3,146.7,496.0,69.4,13.6,5.0,28.0,3,2
2026-03-11 03:00:00,23.7,79,7.3,995.3,100,0.0,154,112.7,125.7,465.0,53.8,11.4,15.0,26.0,3,3
2026-03-11 04:00:00,23.2,81,8.0,995.4,98,0.0,157,84.8,95.9,446.0,33.3,8.5,30.0,21.0,3,4
2026-03-11 05:00:00,23.1,80,6.5,995.9,100,0.0,158,139.7,156.0,470.0,69.7,12.8,0.0,25.0,3,5
2026-03-11 06:00:00,23.3,79,4.9,995.8,98,0.0,162,138.8,156.9,590.0,60.9,12.4,4.0,24.0,3,6
2026-03-11 07:00:00,22.9,80,1.7,996.3,70,0.0,165,131.8,149.5,753.0,48.4,11.9,10.0,23.0,3,7
2026-03-11 08:00:00,23.8,76,5.0,997.0,75,0.0,168,106.9,119.2,838.0,36.2,11.4,26.0,23.0,3,8
2026-03-11 09:00:00,25.8,66,4.9,997.9,54,0.0,170,84.8,96.6,770.0,24.9,11.0,59.0,23.0,3,9
2026-03-11 10:00:00,28.2,56,5.3,998.3,98,0.0,172,71.5,83.4,623.0,14.0,10.6,100.0,24.0,3,10
2026-03-11 11:00:00,30.3,52,4.6,997.7,34,0.0,173,62.6,76.4,496.0,6.0,10.6,133.0,26.0,3,11
2026-03-11 12:00:00,32.1,42,4.2,997.1,98,0.0,174,54.6,71.7,423.0,2.5,11.3,150.0,32.0,3,12
2026-03-11 13:00:00,33.2,36,3.4,995.9,45,0.0,175,51.0,71.2,370.0,2.0,12.4,157.0,40.0,3,13
2026-03-11 14:00:00,33.8,31,3.5,994.6,20,0.0,175,49.6,73.6,338.0,2.5,13.0,158.0,46.0,3,14
2026-03-11 15:00:00,33.7,29,2.6,993.7,92,0.0,176,48.3,77.1,329.0,3.5,12.4,152.0,48.0,3,15
2026-03-11 16:00:00,33.7,27,2.6,993.3,87,0.0,176,47.7,78.5,341.0,5.6,11.4,140.0,48.0,3,16
2026-03-11 17:00:00,33.9,28,2.3,992.8,55,0.0,177,58.3,84.8,365.0,10.0,15.4,138.0,51.0,3,17
2026-03-11 18:00:00,33.2,29,4.2,992.4,45,0.0,177,66.8,88.5,398.0,15.7,13.9,116.0,45.0,3,18
2026-03-11 19:00:00,31.8,33,6.4,992.9,51,0.0,177,79.4,98.5,444.0,23.5,11.8,86.0,38.0,3,19
2026-03-11 20:00:00,30.4,38,1.7,993.4,84,0.0,178,80.8,98.7,501.0,29.0,10.2,63.0,34.0,3,20
2026-03-11 21:00:00,28.9,44,4.7,993.6,25,0.0,178,80.6,100.8,592.0,29.9,9.9,53.0,39.0,3,21
2026-03-11 22:00:00,27.5,51,11.7,993.5,80,0.0,177,80.6,102.7,695.0,28.6,10.1,51.0,47.0,3,22
2026-03-11 23:00:00,25.2,65,15.8,993.5,100,0.0,175,88.7,116.4,744.0,26.9,10.0,48.0,52.0,3,23
2026-03-12 00:00:00,23.9,65,8.5,992.9,100,0.0,174,97.8,125.3,697.0,26.0,9.2,42.0,49.0,3,0
2026-03-12 01:00:00,23.5,66,5.4,992.8,100,0.0,172,88.5,111.3,597.0,24.9,8.1,36.0,41.0,3,1
2026-03-12 02:00:00,23.2,67,6.3,992.4,100,0.0,171,74.0,92.0,503.0,22.5,7.0,36.0,34.0,3,2
2026-03-12 03:00:00,21.7,71,17.0,992.5,100,0.0,169,59.8,72.2,426.0,17.3,5.8,45.0,27.0,3,3
2026-03-12 04:00:00,20.3,80,17.3,993.2,100,0.0,168,43.0,52.6,355.0,10.8,4.6,58.0,21.0,3,4
2026-03-12 05:00:00,23.4,77,15.5,991.7,99,0.0,166,32.2,49.6,322.0,3.4,4.6,84.0,33.0,3,5
2026-03-12 06:00:00,23.0,76,13.9,992.2,14,0.0,163,32.2,48.5,363.0,4.4,5.2,83.0,33.0,3,6
2026-03-12 07:00:00,22.5,75,11.0,992.9,67,0.0,160,35.7,51.7,443.0,5.8,6.1,81.0,32.0,3,7
2026-03-12 08:00:00,23.1,74,9.1,993.6,38,0.0,157,38.5,56.1,484.0,6.5,7.0,84.0,33.0,3,8
2026-03-12 09:00:00,24.6,66,8.7,994.4,93,0.0,155,40.7,57.2,444.0,5.8,7.9,94.0,36.0,3,9
2026-03-12 10:00:00,26.7,54,7.6,994.7,19,0.0,154,41.1,60.1,365.0,4.5,8.8,107.0,39.0,3,10
2026-03-12 11:00:00,28.6,43,11.5,994.6,30,0.0,153,42.1,65.2,300.0,3.3,9.1,118.0,44.0,3,11
2026-03-12 12:00:00,29.4,36,11.9,994.3,0,0.0,152,42.8,68.5,264.0,2.5,8.4,124.0,51.0,3,12
2026-03-12 13:00:00,30.1,32,11.3,993.7,2,0.0,152,41.1,71.0,242.0,1.8,7.2,127.0,58.0,3,13
2026-03-12 14:00:00,30.5,31,8.5,992.5,0,0.0,152,38.0,70.1,233.0,1.9,6.1,126.0,62.0,3,14
2026-03-12 15:00:00,30.7,32,6.5,991.8,2,0.0,151,35.4,67.3,237.0,2.7,5.3,121.0,59.0,3,15
2026-03-12 16:00:00,30.7,31,6.6,991.6,2,0.0,151,34.1,64.7,255.0,4.3,4.7,112.0,52.0,3,16
2026-03-12 17:00:00,31.0,31,12.7,991.2,1,0.0,151,31.2,48.8,288.0,7.6,4.9,103.0,34.0,3,17
2026-03-12 18:00:00,29.3,35,11.6,991.5,0,0.0,149,37.0,52.2,345.0,13.1,5.1,89.0,34.0,3,18
2026-03-12 19:00:00,27.7,40,11.1,992.3,5,0.0,146,46.1,61.7,417.0,20.8,5.5,68.0,34.0,3,19
2026-03-12 20:00:00,26.5,43,9.4,992.9,20,0.0,143,56.8,74.7,480.0,28.0,6.1,51.0,34.0,3,20
2026-03-12 21:00:00,25.6,45,9.7,993.5,33,0.0,140,73.1,93.8,529.0,35.0,7.2,39.0,36.0,3,21
2026-03-12 22:00:00,24.9,46,10.3,993.5,44,0.0,139,88.0,111.3,569.0,41.5,8.4,29.0,38.0,3,22
2026-03-12 23:00:00,24.7,51,8.9,993.4,96,0.0,140,93.1,115.0,591.0,43.6,9.0,25.0,39.0,3,23
2026-03-13 00:00:00,24.3,51,8.2,993.1,100,0.0,141,76.8,97.1,584.0,38.1,8.2,30.0,38.0,3,0
2026-03-13 01:00:00,23.9,50,8.7,993.1,100,0.0,138,63.8,82.9,560.0,28.3,6.7,40.0,36.0,3,1
2026-03-13 02:00:00,23.6,50,8.5,992.9,100,0.0,136,59.0,77.1,546.0,20.3,5.5,47.0,34.0,3,2
2026-03-13 03:00:00,23.1,50,10.9,992.7,100,0.0,134,55.3,71.5,536.0,16.3,5.0,49.0,31.0,3,3
2026-03-13 04:00:00,21.9,56,10.7,992.8,100,0.0,134,51.0,65.2,536.0,14.0,4.8,49.0,27.0,3,4
2026-03-13 05:00:00,20.9,73,7.5,992.9,100,0.0,135,66.1,85.7,586.0,21.8,5.8,35.0,34.0,3,5
2026-03-13 06:00:00,20.3,79,8.3,993.5,100,0.0,138,61.5,77.3,750.0,21.0,5.8,34.0,30.0,3,6
2026-03-13 07:00:00,20.0,82,8.5,994.1,89,0.0,141,61.9,75.9,965.0,19.7,5.9,34.0,24.0,3,7
2026-03-13 08:00:00,21.3,78,5.1,995.0,100,0.0,144,61.9,73.6,1077.0,17.5,6.0,42.0,21.0,3,8
2026-03-13 09:00:00,23.6,70,5.1,995.7,69,0.0,146,60.3,72.2,998.0,13.6,6.4,66.0,24.0,3,9
2026-03-13 10:00:00,25.8,61,6.9,996.0,13,0.0,148,54.0,68.5,817.0,8.9,6.9,99.0,29.0,3,10
2026-03-13 11:00:00,28.1,51,7.8,996.0,16,0.0,150,41.4,58.7,649.0,5.2,7.1,123.0,33.0,3,11
2026-03-13 12:00:00,29.7,40,8.1,995.6,60,0.0,150,33.1,51.5,523.0,3.3,6.9,131.0,35.0,3,12
2026-03-13 13:00:00,30.8,32,6.5,994.6,72,0.0,149,30.0,48.1,410.0,2.4,6.4,131.0,35.0,3,13
2026-03-13 14:00:00,31.4,29,6.4,993.6,99,0.0,148,28.4,46.1,333.0,2.4,6.0,127.0,34.0,3,14
2026-03-13 15:00:00,31.6,28,7.2,992.7,100,0.0,147,28.1,46.0,299.0,3.5,5.8,120.0,32.0,3,15
2026-03-13 16:00:00,31.3,28,8.9,992.3,100,0.0,146,28.2,45.5,300.0,5.5,5.7,109.0,28.0,3,16
2026-03-13 17:00:00,30.7,28,10.1,991.9,100,0.0,145,30.7,49.8,339.0,8.8,5.3,89.0,37.0,3,17
2026-03-13 18:00:00,29.5,32,9.1,992.2,100,0.0,145,35.0,50.4,435.0,12.8,5.4,78.0,34.0,3,18
2026-03-13 19:00:00,28.0,38,9.2,992.4,100,0.0,145,41.1,55.6,569.0,18.3,5.4,64.0,31.0,3,19
2026-03-13 20:00:00,27.0,41,9.2,992.8,98,0.0,144,45.3,60.1,677.0,22.0,5.5,53.0,28.0,3,20
2026-03-13 21:00:00,25.8,44,7.3,993.4,100,0.0,143,48.0,62.6,743.0,22.3,5.5,50.0,27.0,3,21
2026-03-13 22:00:00,25.1,46,7.3,993.7,99,0.0,141,49.1,63.8,785.0,20.9,5.5,52.0,28.0,3,22
2026-03-13 23:00:00,24.5,52,9.3,993.5,100,0.0,137,50.1,65.2,792.0,19.3,5.4,53.0,28.0,3,23
2026-03-14 00:00:00,23.7,55,9.7,993.1,100,0.0,132,49.4,64.3,745.0,17.6,5.1,54.0,27.0,3,0
2026-03-14 01:00:00,22.9,58,9.0,992.8,100,0.0,129,45.4,60.3,664.0,15.7,4.7,55.0,27.0,3,1
2026-03-14 02:00:00,22.5,59,8.7,992.1,100,0.0,127,43.4,57.4,602.0,14.9,4.5,55.0,26.0,3,2
2026-03-14 03:00:00,22.0,62,6.3,992.3,99,0.0,126,43.9,57.4,566.0,15.9,4.7,51.0,27.0,3,3
2026-03-14 04:00:00,21.5,65,6.5,992.2,100,0.0,125,46.4,61.2,548.0,18.0,5.0,46.0,28.0,3,4
2026-03-14 05:00:00,21.3,70,7.6,992.0,100,0.0,124,55.9,72.4,577.0,21.3,5.6,35.0,29.0,3,5
2026-03-14 06:00:00,21.1,71,4.7,992.5,82,0.0,123,56.9,72.4,705.0,22.4,5.8,29.0,25.0,3,6
2026-03-14 07:00:00,21.1,72,6.1,993.1,30,0.0,122,65.2,80.8,880.0,23.7,6.1,22.0,20.0,3,7
2026-03-14 08:00:00,21.9,68,2.6,994.0,27,0.0,123,70.5,81.0,968.0,22.9,6.3,28.0,18.0,3,8
2026-03-14 09:00:00,23.9,60,3.1,994.7,23,0.0,124,61.2,74.0,889.0,17.9,6.6,59.0,21.0,3,9
2026-03-14 10:00:00,26.5,50,2.2,994.9,12,0.0,124,46.9,62.4,723.0,10.8,7.0,102.0,26.0,3,10
2026-03-14 11:00:00,28.9,42,3.1,994.5,6,0.0,123,37.5,53.1,582.0,5.3,6.8,133.0,30.0,3,11
2026-03-14 12:00:00,30.7,35,3.3,993.4,15,0.0,123,30.3,45.6,500.0,2.7,5.7,142.0,30.0,3,12
2026-03-14 13:00:00,31.6,31,4.1,992.3,46,0.0,122,25.1,39.5,443.0,1.6,4.2,139.0,29.0,3,13
2026-03-14 14:00:00,31.8,30,7.3,991.2,69,0.0,122,22.9,36.7,422.0,2.0,3.1,133.0,27.0,3,14
2026-03-14 15:00:00,27.1,46,13.1,991.6,86,1.0,121,22.6,35.7,437.0,3.2,2.9,127.0,25.0,3,15
2026-03-14 16:00:00,27.9,43,2.5,990.6,51,0.0,121,23.2,35.5,489.0,5.8,3.2,119.0,23.0,3,16
2026-03-14 17:00:00,29.4,32,7.6,990.1,56,0.0,120,24.3,34.2,589.0,9.2,4.3,98.0,19.0,3,17
2026-03-14 18:00:00,28.2,37,9.4,989.8,100,0.0,120,32.9,40.2,793.0,18.8,4.5,79.0,17.0,3,18
2026-03-14 19:00:00,27.4,39,8.4,990.0,82,0.0,119,43.9,49.9,1046.0,31.9,5.0,54.0,13.0,3,19
2026-03-14 20:00:00,26.1,43,13.8,991.0,100,0.0,120,57.7,65.2,1195.0,39.7,6.9,37.0,13.0,3,20
2026-03-14 21:00:00,25.4,44,5.0,991.1,57,0.0,121,57.4,70.1,1142.0,37.5,11.8,38.0,18.0,3,21
2026-03-14 22:00:00,23.4,51,11.8,992.1,72,0.0,122,47.0,62.4,985.0,30.1,18.0,49.0,25.0,3,22
2026-03-14 23:00:00,20.9,69,16.3,991.9,99,0.0,122,46.0,62.6,863.0,23.6,21.7,57.0,31.0,3,23
2026-03-15 00:00:00,22.4,62,11.4,990.9,59,0.0,121,48.5,64.7,847.0,20.0,20.3,59.0,34.0,3,0
2026-03-15 01:00:00,23.0,54,14.2,990.4,38,0.0,121,44.4,61.0,866.0,17.3,16.3,59.0,34.0,3,1
2026-03-15 02:00:00,21.3,62,15.1,990.0,48,0.0,121,43.1,61.9,852.0,16.0,13.1,57.0,35.0,3,2
2026-03-15 03:00:00,20.3,67,6.3,990.6,12,0.0,121,44.2,63.1,738.0,16.6,12.0,53.0,36.0,3,3
2026-03-15 04:00:00,20.0,68,6.3,990.7,0,0.0,121,46.0,63.1,590.0,18.6,11.7,47.0,36.0,3,4
2026-03-15 05:00:00,21.1,69,7.8,989.6,22,0.0,121,74.3,113.2,536.0,45.6,20.1,19.0,68.0,3,5
2026-03-15 06:00:00,21.1,68,2.5,990.1,1,0.0,123,78.5,117.6,695.0,40.8,18.9,20.0,59.0,3,6
2026-03-15 07:00:00,20.4,72,4.2,991.2,0,0.0,125,88.2,124.8,947.0,33.8,17.2,22.0,47.0,3,7
2026-03-15 08:00:00,21.9,66,4.3,992.2,0,0.0,128,73.8,96.9,1065.0,26.8,15.8,31.0,41.0,3,8
2026-03-15 09:00:00,24.2,56,3.8,993.4,0,0.0,128,63.3,86.8,902.0,19.7,14.9,54.0,45.0,3,9
2026-03-15 10:00:00,25.8,48,1.8,993.6,0,0.0,128,50.9,78.5,605.0,12.5,14.2,85.0,55.0,3,10
2026-03-15 11:00:00,28.1,30,9.9,993.1,0,0.0,129,41.8,75.2,381.0,7.2,14.0,109.0,63.0,3,11
2026-03-15 12:00:00,29.0,30,11.0,992.4,23,0.0,129,34.0,74.3,326.0,4.6,14.6,123.0,66.0,3,12
2026-03-15 13:00:00,29.8,25,10.9,991.3,19,0.0,129,28.6,67.1,344.0,3.8,15.5,130.0,68.0,3,13
2026-03-15 14:00:00,30.0,21,10.1,990.3,1,0.0,130,24.4,58.3,357.0,4.1,15.7,132.0,66.0,3,14
2026-03-15 15:00:00,30.2,18,4.6,989.4,1,0.0,130,21.8,52.3,326.0,5.4,14.4,127.0,59.0,3,15
2026-03-15 16:00:00,30.5,16,0.0,988.8,0,0.0,130,20.3,48.7,289.0,7.8,12.3,117.0,50.0,3,16
2026-03-15 17:00:00,30.5,15,5.8,988.4,2,0.0,130,22.4,38.8,280.0,6.6,7.3,108.0,31.0,3,17
2026-03-15 18:00:00,29.7,15,9.2,988.0,0,0.0,129,28.3,40.9,318.0,9.4,6.9,98.0,28.0,3,18
2026-03-15 19:00:00,27.9,18,11.8,988.4,0,0.0,129,32.7,43.4,385.0,13.1,6.4,83.0,23.0,3,19
2026-03-15 20:00:00,26.5,20,12.6,989.5,0,0.0,128,33.5,44.2,454.0,15.5,6.1,73.0,20.0,3,20
2026-03-15 21:00:00,25.6,25,14.1,990.0,0,0.0,125,32.7,44.1,530.0,15.2,6.2,71.0,18.0,3,21
2026-03-15 22:00:00,23.8,33,16.7,990.3,0,0.0,123,32.4,42.5,609.0,13.4,6.6,74.0,18.0,3,22
2026-03-15 23:00:00,23.0,44,13.6,989.7,0,0.0,121,34.1,43.4,654.0,11.9,7.2,75.0,17.0,3,23
2026-03-16 00:00:00,21.3,57,12.2,990.3,0,0.0,120,36.4,45.8,638.0,11.2,8.1,73.0,17.0,3,0
2026-03-16 01:00:00,20.5,62,14.6,989.8,0,0.0,119,37.1,45.9,588.0,10.7,9.1,70.0,17.0,3,1
2026-03-16 02:00:00,20.1,63,9.2,989.4,0,0.0,118,37.3,45.8,546.0,10.1,9.9,67.0,16.0,3,2
2026-03-16 03:00:00,19.0,68,17.0,990.3,0,0.0,117,36.3,43.9,530.0,9.2,10.3,66.0,14.0,3,3
2026-03-16 04:00:00,18.0,72,14.0,990.2,0,0.0,116,35.9,42.1,522.0,8.3,10.5,65.0,11.0,3,4
2026-03-16 05:00:00,17.4,80,14.7,990.5,0,0.0,115,35.4,39.6,517.0,6.8,10.8,70.0,8.0,3,5
2026-03-16 06:00:00,16.8,82,13.3,991.4,0,0.0,111,35.0,40.5,518.0,7.6,10.6,68.0,13.0,3,6
2026-03-16 07:00:00,16.5,83,11.6,992.3,1,0.0,107,36.9,44.9,522.0,8.6,10.3,66.0,20.0,3,7
2026-03-16 08:00:00,17.7,75,9.2,993.4,0,0.0,101,35.9,54.5,510.0,8.8,10.3,70.0,34.0,3,8
2026-03-16 09:00:00,19.9,64,7.4,994.0,0,0.0,98,35.3,64.7,467.0,7.4,10.8,83.0,59.0,3,9
2026-03-16 10:00:00,22.5,52,7.2,994.5,0,0.0,96,34.7,81.7,408.0,5.2,11.5,102.0,91.0,3,10
2026-03-16 11:00:00,23.4,45,9.3,994.3,0,0.0,95,34.7,98.0,360.0,3.4,12.0,118.0,116.0,3,11
2026-03-16 12:00:00,24.9,40,11.3,994.0,0,0.0,94,36.2,107.6,333.0,2.5,12.2,129.0,129.0,3,12
2026-03-16 13:00:00,25.8,37,12.8,993.5,0,0.0,94,36.0,109.7,316.0,2.1,12.3,137.0,136.0,3,13
2026-03-16 14:00:00,26.5,33,15.4,992.3,0,0.0,95,35.4,109.7,304.0,2.0,12.0,141.0,138.0,3,14
2026-03-16 15:00:00,27.1,28,16.1,991.2,0,0.0,96,33.4,102.7,282.0,2.0,11.2,140.0,134.0,3,15
2026-03-16 16:00:00,27.1,27,15.2,990.5,39,0.0,97,32.0,96.4,264.0,2.3,10.0,136.0,125.0,3,16
2026-03-16 17:00:00,26.3,30,13.8,990.7,50,0.0,97,18.7,55.8,286.0,2.9,6.1,116.0,70.0,3,17
2026-03-16 18:00:00,25.5,31,11.2,991.3,56,0.0,97,22.5,44.7,394.0,6.3,5.9,105.0,56.0,3,18
2026-03-16 19:00:00,24.6,34,8.5,992.1,22,0.0,97,28.1,43.8,542.0,10.9,5.7,89.0,38.0,3,19
2026-03-16 20:00:00,23.8,36,6.7,993.1,1,0.0,96,32.8,46.0,629.0,14.3,5.6,77.0,24.0,3,20
2026-03-16 21:00:00,22.1,42,10.1,993.9,40,0.0,96,37.8,49.5,594.0,15.3,5.6,71.0,18.0,3,21
2026-03-16 22:00:00,21.2,45,12.5,994.3,91,0.0,97,41.0,51.5,497.0,15.0,5.7,69.0,18.0,3,22
2026-03-16 23:00:00,21.4,47,13.8,994.5,57,0.0,97,41.2,52.5,418.0,14.2,5.7,68.0,21.0,3,23
2026-03-17 00:00:00,20.8,50,13.3,994.5,91,0.0,98,39.9,55.9,387.0,12.9,5.7,67.0,30.0,3,0
2026-03-17 01:00:00,20.1,53,12.3,994.2,89,0.0,98,39.9,62.6,375.0,11.2,5.6,68.0,43.0,3,1
2026-03-17 02:00:00,19.4,55,10.3,994.2,100,0.0,98,40.5,70.3,373.0,10.0,5.7,67.0,55.0,3,2
2026-03-17 03:00:00,18.9,57,10.1,993.9,100,0.0,99,41.7,77.1,375.0,9.7,5.9,65.0,64.0,3,3
2026-03-17 04:00:00,18.5,58,9.3,993.4,100,0.0,99,42.5,82.4,389.0,10.0,6.2,62.0,72.0,3,4
2026-03-17 05:00:00,18.0,64,9.8,993.5,77,0.0,100,42.8,87.3,426.0,11.1,7.1,57.0,80.0,3,5
2026-03-17 06:00:00,17.2,68,8.7,994.2,87,0.0,100,45.8,92.9,522.0,13.4,7.4,50.0,77.0,3,6
2026-03-17 07:00:00,17.0,69,6.7,994.4,68,0.0,101,55.8,104.8,643.0,16.3,8.0,42.0,72.0,3,7
2026-03-17 08:00:00,18.4,64,5.6,995.2,74,0.0,103,54.9,93.4,697.0,17.0,8.5,45.0,68.0,3,8
2026-03-17 09:00:00,20.8,53,5.9,995.9,99,0.0,105,49.4,105.0,623.0,13.5,9.4,68.0,67.0,3,9
2026-03-17 10:00:00,23.3,42,4.4,996.5,34,0.0,107,43.9,98.3,483.0,7.8,10.3,103.0,67.0,3,10
2026-03-17 11:00:00,24.8,37,2.1,996.1,13,0.0,108,33.6,67.1,371.0,3.4,10.3,128.0,63.0,3,11
2026-03-17 12:00:00,26.5,30,1.9,995.4,22,0.0,108,25.3,44.0,327.0,1.8,8.7,137.0,50.0,3,12
2026-03-17 13:00:00,27.8,26,2.3,994.4,9,0.0,107,22.1,34.9,311.0,1.5,6.2,137.0,33.0,3,13
2026-03-17 14:00:00,28.5,24,2.4,993.5,52,0.0,105,20.4,31.1,305.0,1.8,4.3,134.0,20.0,3,14
2026-03-17 15:00:00,28.7,23,3.6,992.5,2,0.0,104,19.4,29.1,295.0,2.1,3.5,131.0,15.0,3,15
2026-03-17 16:00:00,28.8,22,5.4,991.8,5,0.0,102,19.0,27.9,293.0,3.0,3.3,125.0,14.0,3,16
2026-03-17 17:00:00,28.2,23,7.5,991.7,0,0.0,101,8.8,15.7,319.0,3.5,3.9,114.0,13.0,3,17
2026-03-17 18:00:00,27.0,25,9.2,991.7,1,0.0,100,16.3,22.4,385.0,8.3,4.2,100.0,13.0,3,18
2026-03-17 19:00:00,25.7,29,9.4,992.0,29,0.0,99,25.5,32.0,478.0,14.8,4.7,81.0,12.0,3,19
2026-03-17 20:00:00,24.6,33,9.4,992.8,95,0.0,99,29.3,36.3,579.0,19.3,5.1,67.0,12.0,3,20
2026-03-17 21:00:00,24.0,35,8.7,993.4,98,0.0,99,30.6,38.0,715.0,19.7,5.3,64.0,12.0,3,21
2026-03-17 22:00:00,23.5,37,8.8,993.8,99,0.0,98,32.9,40.3,860.0,18.1,5.3,66.0,13.0,3,22
2026-03-17 23:00:00,23.4,41,11.0,993.6,99,0.0,98,33.4,40.5,909.0,16.6,5.3,67.0,12.0,3,23
2026-03-18 00:00:00,22.2,44,11.4,993.8,57,0.0,97,31.4,37.3,778.0,15.9,5.1,65.0,10.0,3,0
2026-03-18 01:00:00,21.1,46,10.8,993.9,63,0.0,96,31.2,35.6,552.0,15.3,4.8,62.0,6.0,3,1
2026-03-18 02:00:00,20.2,50,11.8,993.3,97,0.0,96,32.6,36.0,385.0,15.0,4.7,58.0,4.0,3,2
2026-03-18 03:00:00,19.6,53,10.1,993.4,100,0.0,95,35.0,37.8,338.0,15.2,4.8,52.0,3.0,3,3
2026-03-18 04:00:00,18.9,59,9.0,993.8,100,0.0,94,36.8,39.2,349.0,15.6,5.0,45.0,3.0,3,4
2026-03-18 05:00:00,19.3,68,7.0,993.6,100,0.8,94,29.9,30.4,389.0,12.7,6.0,60.0,1.0,3,5
2026-03-18 06:00:00,18.5,76,10.9,994.3,100,0.1,93,32.1,33.1,476.0,13.8,6.7,58.0,2.0,3,6
2026-03-18 07:00:00,18.4,80,5.7,995.2,100,0.3,92,35.4,37.4,591.0,15.2,7.6,55.0,4.0,3,7
2026-03-18 08:00:00,18.8,77,6.2,995.7,100,0.0,90,36.0,40.4,651.0,15.5,8.3,57.0,8.0,3,8
2026-03-18 09:00:00,19.8,70,9.5,996.0,99,0.0,89,38.6,48.7,603.0,13.7,8.6,66.0,17.0,3,9
2026-03-18 10:00:00,21.3,63,9.2,996.4,68,0.0,88,38.0,53.7,499.0,10.8,8.8,78.0,30.0,3,10
2026-03-18 11:00:00,21.9,58,8.2,996.9,98,0.0,88,35.9,57.6,413.0,8.1,9.1,92.0,40.0,3,11
2026-03-18 12:00:00,23.2,52,7.6,996.6,37,0.0,88,34.7,59.0,371.0,5.9,9.7,108.0,47.0,3,12
2026-03-18 13:00:00,24.6,46,6.4,995.9,100,0.0,88,33.9,59.8,347.0,3.8,10.5,125.0,52.0,3,13
2026-03-18 14:00:00,25.1,44,6.8,994.8,100,0.0,89,32.8,61.9,339.0,2.7,11.0,136.0,55.0,3,14
2026-03-18 15:00:00,25.1,42,5.6,994.3,100,0.0,90,32.6,62.6,354.0,3.0,11.0,135.0,55.0,3,15
2026-03-18 16:00:00,23.9,48,9.4,994.0,100,0.2,91,32.4,61.9,385.0,4.1,10.7,128.0,53.0,3,16
2026-03-18 17:00:00,23.7,47,13.2,994.0,100,2.1,92,23.2,41.4,408.0,6.2,7.0,110.0,34.0,3,17
2026-03-18 18:00:00,22.3,56,13.4,994.6,65,0.0,94,23.4,38.3,409.0,7.6,7.4,103.0,35.0,3,18
2026-03-18 19:00:00,20.7,64,12.2,995.5,52,0.0,94,25.2,38.0,403.0,9.6,7.8,94.0,36.0,3,19
2026-03-18 20:00:00,19.6,72,13.4,996.4,44,0.6,94,31.2,51.0,410.0,10.8,8.0,87.0,37.0,3,20
2026-03-18 21:00:00,19.2,70,12.0,996.8,41,0.0,94,39.6,70.8,452.0,10.6,7.6,83.0,37.0,3,21
2026-03-18 22:00:00,18.4,74,11.3,997.7,99,0.1,95,41.0,67.3,508.0,9.7,6.9,81.0,37.0,3,22
2026-03-18 23:00:00,17.8,86,12.7,997.6,66,0.0,96,38.1,57.9,537.0,8.8,6.3,79.0,36.0,3,23
2026-03-19 00:00:00,17.6,86,11.8,997.2,100,0.0,96,35.5,53.1,514.0,8.3,5.8,76.0,34.0,3,0
2026-03-19 01:00:00,17.1,91,12.7,996.9,100,0.0,96,34.9,51.8,464.0,7.9,5.4,73.0,32.0,3,1
2026-03-19 02:00:00,16.4,95,12.6,996.3,100,0.0,97,34.0,50.1,424.0,7.6,5.1,70.0,29.0,3,2
2026-03-19 03:00:00,16.1,95,12.1,996.4,100,0.0,97,32.5,46.8,406.0,7.4,5.1,67.0,25.0,3,3
2026-03-19 04:00:00,16.0,94,12.3,996.2,100,0.0,97,30.0,42.6,398.0,7.4,5.2,64.0,22.0,3,4
2026-03-19 05:00:00,16.1,93,13.5,996.6,100,0.0,96,28.0,39.1,394.0,7.4,5.0,65.0,20.0,3,5
2026-03-19 06:00:00,15.8,94,14.7,996.5,100,0.0,96,26.5,36.6,399.0,8.3,4.6,62.0,16.0,3,6
2026-03-19 07:00:00,15.8,94,13.5,997.2,100,0.0,95,26.5,35.9,410.0,9.5,4.2,60.0,13.0,3,7
2026-03-19 08:00:00,16.6,89,14.5,998.2,100,0.0,95,26.7,35.6,409.0,9.7,4.3,62.0,16.0,3,8
2026-03-19 09:00:00,18.0,79,12.3,999.0,100,0.0,94,28.3,42.3,386.0,8.1,5.6,74.0,33.0,3,9
2026-03-19 10:00:00,19.1,73,10.5,999.3,100,0.0,93,32.4,57.6,352.0,5.5,7.5,91.0,58.0,3,10
2026-03-19 11:00:00,19.7,69,8.3,999.6,81,0.0,93,36.3,79.2,322.0,3.4,8.7,106.0,79.0,3,11
2026-03-19 12:00:00,20.6,65,7.1,998.6,29,0.1,93,37.8,91.7,298.0,2.5,8.7,116.0,93.0,3,12
2026-03-19 13:00:00,23.3,51,6.3,997.5,73,0.0,93,35.9,93.4,278.0,2.1,8.0,123.0,102.0,3,13
2026-03-19 14:00:00,24.1,50,8.3,996.0,100,0.0,93,34.5,91.5,266.0,2.0,7.3,128.0,107.0,3,14
2026-03-19 15:00:00,24.3,48,9.7,994.8,100,0.0,93,34.2,91.3,247.0,1.2,6.7,132.0,104.0,3,15
2026-03-19 16:00:00,24.1,48,10.4,994.1,95,0.0,93,33.3,86.6,236.0,0.6,6.0,132.0,97.0,3,16
2026-03-19 17:00:00,23.8,48,8.7,994.2,100,0.0,93,33.8,77.1,290.0,3.7,9.3,108.0,81.0,3,17
2026-03-19 18:00:00,23.0,53,9.4,994.2,100,0.0,94,43.0,79.2,481.0,8.0,9.1,94.0,71.0,3,18
2026-03-19 19:00:00,21.9,59,7.6,994.6,100,0.0,96,49.2,77.3,736.0,13.9,8.9,74.0,56.0,3,19
2026-03-19 20:00:00,20.8,65,7.8,995.0,98,0.0,98,55.9,80.3,889.0,18.6,8.8,58.0,45.0,3,20
2026-03-19 21:00:00,19.9,69,8.2,995.4,98,0.0,100,60.1,82.9,843.0,20.4,8.9,49.0,40.0,3,21
2026-03-19 22:00:00,19.3,72,6.1,996.0,85,0.0,102,65.0,86.1,694.0,21.1,9.1,43.0,39.0,3,22
2026-03-19 23:00:00,19.7,74,2.6,995.8,69,0.0,104,69.6,90.8,568.0,22.7,9.4,38.0,39.0,3,23
2026-03-20 00:00:00,19.5,72,5.8,996.0,96,0.0,107,73.6,95.9,505.0,26.6,9.8,32.0,40.0,3,0
2026-03-20 01:00:00,17.4,86,10.9,996.1,98,2.4,111,78.9,102.7,464.0,31.6,10.3,25.0,43.0,3,1
2026-03-20 02:00:00,16.5,92,6.0,995.6,89,1.5,116,83.1,107.6,445.0,35.8,10.7,20.0,45.0,3,2
2026-03-20 03:00:00,16.2,96,2.8,994.6,53,0.0,121,86.1,111.8,453.0,39.3,11.2,15.0,47.0,3,3
2026-03-20 04:00:00,15.6,96,3.2,994.0,77,0.0,127,89.2,116.2,482.0,42.1,11.7,11.0,49.0,3,4
2026-03-20 05:00:00,16.1,94,9.0,993.8,0,0.0,133,56.7,69.8,518.0,14.4,8.1,44.0,24.0,3,5
2026-03-20 06:00:00,15.7,95,3.4,994.0,0,0.0,136,55.9,70.1,572.0,15.6,8.1,42.0,24.0,3,6
2026-03-20 07:00:00,16.0,92,7.2,994.7,1,0.0,139,64.7,80.6,633.0,17.2,8.1,40.0,25.0,3,7
2026-03-20 08:00:00,17.3,83,4.5,995.3,1,0.0,143,62.9,79.9,653.0,17.0,8.5,47.0,31.0,3,8
2026-03-20 09:00:00,19.7,70,4.2,996.1,3,0.0,147,55.3,83.4,595.0,13.5,10.0,71.0,49.0,3,9
2026-03-20 10:00:00,22.0,61,1.9,996.4,2,0.0,150,49.1,92.0,496.0,8.2,11.9,103.0,72.0,3,10
2026-03-20 11:00:00,23.8,53,3.1,995.9,12,0.1,150,43.5,89.2,416.0,4.2,12.7,128.0,86.0,3,11
2026-03-20 12:00:00,25.3,47,3.4,994.9,31,0.0,151,34.1,70.3,381.0,2.6,11.4,139.0,82.0,3,12
2026-03-20 13:00:00,26.3,43,2.8,994.1,52,0.0,150,26.9,57.7,365.0,2.1,9.0,142.0,69.0,3,13
2026-03-20 14:00:00,27.2,39,2.7,993.0,39,0.0,150,26.0,56.5,354.0,2.1,6.9,143.0,58.0,3,14
2026-03-20 15:00:00,27.5,35,4.3,992.2,33,0.0,150,26.1,56.7,323.0,2.1,5.7,143.0,54.0,3,15
2026-03-20 16:00:00,24.6,42,7.8,992.5,62,0.3,149,25.3,53.6,296.0,2.5,5.0,140.0,51.0,3,16
2026-03-20 17:00:00,27.0,28,8.9,991.3,16,0.0,148,27.4,59.4,329.0,6.7,7.1,128.0,60.0,3,17
2026-03-20 18:00:00,25.7,34,6.2,992.0,4,0.0,147,36.7,61.2,476.0,9.0,6.3,115.0,50.0,3,18
2026-03-20 19:00:00,23.8,46,13.1,992.2,58,0.0,147,41.3,57.6,683.0,12.2,5.2,97.0,35.0,3,19
2026-03-20 20:00:00,23.7,43,10.6,992.5,41,0.0,146,41.6,54.4,837.0,14.2,4.3,83.0,24.0,3,20
2026-03-20 21:00:00,22.7,46,11.9,993.4,62,0.0,144,39.3,50.6,896.0,13.8,4.0,79.0,17.0,3,21
2026-03-20 22:00:00,22.4,47,12.1,993.7,91,0.0,142,37.4,45.9,902.0,12.2,3.9,80.0,14.0,3,22
2026-03-20 23:00:00,22.3,49,10.6,993.0,98,0.0,139,36.0,43.3,874.0,11.1,3.8,79.0,13.0,3,23
2026-03-21 00:00:00,21.9,50,11.0,993.0,61,0.0,136,34.2,43.3,795.0,11.0,3.6,75.0,17.0,3,0
2026-03-21 01:00:00,20.7,54,10.7,992.7,97,0.0,132,34.0,46.8,682.0,11.4,3.4,70.0,25.0,3,1
2026-03-21 02:00:00,19.7,56,9.1,992.9,100,0.0,127,34.6,51.0,606.0,12.0,3.4,64.0,30.0,3,2
2026-03-21 03:00:00,19.4,57,10.3,992.8,99,0.0,122,35.9,54.9,596.0,13.0,3.6,57.0,31.0,3,3
2026-03-21 04:00:00,18.9,59,10.8,992.9,100,0.0,117,38.5,57.4,622.0,14.3,3.9,50.0,30.0,3,4
2026-03-21 05:00:00,18.7,68,3.7,993.0,100,0.0,112,39.5,48.1,664.0,11.6,5.3,57.0,16.0,3,5
2026-03-21 06:00:00,18.2,72,5.5,993.9,100,0.0,110,38.3,44.8,737.0,11.4,5.2,61.0,15.0,3,6
2026-03-21 07:00:00,18.0,75,5.7,994.8,100,0.0,108,39.0,45.9,827.0,11.0,5.1,67.0,15.0,3,7
2026-03-21 08:00:00,18.9,71,5.2,995.7,100,0.0,105,39.6,47.7,866.0,10.2,5.3,74.0,15.0,3,8
2026-03-21 09:00:00,20.5,64,6.1,996.6,100,0.0,103,39.6,50.1,812.0,8.8,6.0,81.0,17.0,3,9
2026-03-21 10:00:00,21.9,58,6.1,997.2,100,0.0,101,39.8,51.3,707.0,7.0,7.0,89.0,20.0,3,10
2026-03-21 11:00:00,22.7,60,8.6,997.6,100,0.0,100,39.5,51.5,616.0,5.5,7.8,97.0,22.0,3,11
2026-03-21 12:00:00,22.8,62,9.4,997.5,100,0.0,100,38.2,50.5,560.0,4.4,8.4,106.0,23.0,3,12
2026-03-21 13:00:00,23.5,60,10.1,997.4,100,0.0,100,35.6,48.4,516.0,3.7,8.9,115.0,24.0,3,13
2026-03-21 14:00:00,23.8,60,12.6,996.9,100,0.0,101,32.5,45.6,484.0,3.3,9.2,121.0,25.0,3,14
2026-03-21 15:00:00,23.8,60,13.8,996.3,100,0.0,102,31.2,44.2,457.0,3.1,9.4,125.0,25.0,3,15
2026-03-21 16:00:00,24.3,57,9.6,996.1,100,0.0,102,30.2,43.3,441.0,3.2,9.4,127.0,26.0,3,16
2026-03-21 17:00:00,23.5,63,11.5,996.6,70,0.0,103,43.2,61.9,453.0,7.6,7.7,117.0,35.0,3,17
2026-03-21 18:00:00,23.2,64,10.7,996.1,0,0.0,105,47.1,60.5,511.0,11.3,7.8,104.0,30.0,3,18
2026-03-21 19:00:00,22.0,70,6.8,996.7,48,0.0,106,51.2,62.2,597.0,16.4,7.9,86.0,23.0,3,19
2026-03-21 20:00:00,21.0,76,5.4,997.2,87,0.0,107,54.7,65.7,669.0,20.2,7.9,71.0,20.0,3,20
2026-03-21 21:00:00,19.9,82,6.6,997.9,87,0.0,108,59.8,72.9,720.0,21.7,7.8,64.0,23.0,3,21
2026-03-21 22:00:00,18.9,87,9.7,998.0,100,0.0,110,65.0,83.6,758.0,22.0,7.6,60.0,29.0,3,22
2026-03-21 23:00:00,20.3,82,7.3,998.1,100,0.0,113,65.7,83.4,761.0,21.6,7.5,57.0,33.0,3,23
2026-03-22 00:00:00,19.9,82,9.4,998.1,99,0.0,116,63.1,79.9,703.0,20.5,7.4,55.0,31.0,3,0
2026-03-22 01:00:00,19.5,82,9.5,998.0,13,0.0,119,62.4,77.3,609.0,18.8,7.4,54.0,27.0,3,1
2026-03-22 02:00:00,18.8,85,9.7,997.6,52,0.0,122,58.4,71.9,542.0,16.9,7.4,55.0,25.0,3,2
2026-03-22 03:00:00,18.2,87,9.2,997.2,85,0.0,125,53.4,67.5,519.0,14.5,7.4,58.0,28.0,3,3
2026-03-22 04:00:00,17.8,88,7.2,996.9,69,0.0,126,51.7,69.8,521.0,11.9,7.4,63.0,34.0,3,4
2026-03-22 05:00:00,17.7,87,7.7,996.7,96,0.0,128,32.9,74.7,553.0,6.3,3.9,88.0,77.0,3,5
2026-03-22 06:00:00,17.4,88,7.2,996.8,12,0.0,127,34.6,74.5,645.0,9.1,4.3,78.0,71.0,3,6
2026-03-22 07:00:00,17.4,88,6.8,997.4,60,0.0,127,41.0,78.5,766.0,12.8,4.8,66.0,63.0,3,7
2026-03-22 08:00:00,19.1,78,5.5,998.0,100,0.0,127,43.4,75.2,826.0,14.4,5.1,63.0,59.0,3,8
2026-03-22 09:00:00,20.7,70,4.6,998.6,100,0.0,127,40.3,78.0,770.0,11.8,5.1,78.0,61.0,3,9
2026-03-22 10:00:00,23.1,59,5.4,998.6,90,0.0,127,37.4,77.8,655.0,7.1,4.9,102.0,68.0,3,10
2026-03-22 11:00:00,24.7,54,5.9,998.9,100,0.0,127,33.4,74.7,555.0,3.4,4.7,120.0,77.0,3,11
2026-03-22 12:00:00,25.0,52,5.9,998.3,96,0.0,127,29.5,80.3,499.0,2.0,4.4,127.0,91.0,3,12
2026-03-22 13:00:00,26.1,48,5.0,997.3,100,0.0,126,29.3,86.8,459.0,1.7,4.1,129.0,108.0,3,13
2026-03-22 14:00:00,26.8,46,4.6,996.3,66,0.0,125,30.4,95.0,432.0,1.8,4.1,129.0,121.0,3,14
2026-03-22 15:00:00,27.2,45,5.1,995.3,97,0.0,125,32.0,101.3,411.0,0.6,4.6,132.0,127.0,3,15
2026-03-22 16:00:00,27.3,45,5.8,994.5,38,0.0,125,32.6,102.0,403.0,0.0,5.5,134.0,128.0,3,16
2026-03-22 17:00:00,25.9,48,9.7,994.8,8,0.1,125,31.8,82.7,426.0,4.4,4.2,121.0,96.0,3,17
2026-03-22 18:00:00,25.3,50,6.8,994.7,10,0.1,124,38.5,80.8,499.0,12.2,4.4,101.0,86.0,3,18
2026-03-22 19:00:00,24.6,53,7.3,994.9,9,0.0,123,55.1,93.6,603.0,22.9,4.6,73.0,72.0,3,19
2026-03-22 20:00:00,23.5,58,7.6,995.1,3,0.0,123,64.0,97.1,702.0,31.0,4.8,51.0,62.0,3,20
2026-03-22 21:00:00,22.2,63,6.8,995.5,1,0.0,124,66.4,96.2,794.0,33.5,4.8,41.0,59.0,3,21
2026-03-22 22:00:00,21.3,68,7.4,995.8,4,0.0,125,72.6,103.6,881.0,33.5,4.8,37.0,59.0,3,22
2026-03-22 23:00:00,22.3,65,5.9,995.3,10,0.0,126,79.9,113.6,938.0,34.3,4.7,32.0,60.0,3,23
2026-03-23 00:00:00,21.8,68,5.6,995.0,0,0.0,127,82.4,117.6,955.0,37.5,4.7,25.0,62.0,3,0
2026-03-23 01:00:00,21.2,71,5.1,994.6,0,0.0,129,85.7,122.5,941.0,41.5,4.6,18.0,65.0,3,1
2026-03-23 02:00:00,20.5,75,6.5,994.2,0,0.0,132,89.6,128.1,901.0,45.2,4.7,12.0,68.0,3,2
2026-03-23 03:00:00,20.0,77,6.7,994.1,0,0.0,135,93.4,134.6,801.0,49.3,5.0,6.0,73.0,3,3
2026-03-23 04:00:00,19.5,79,5.5,994.1,0,0.0,139,96.9,141.1,675.0,52.9,5.4,1.0,79.0,3,4
2026-03-23 05:00:00,19.3,80,5.2,994.0,0,0.0,144,108.3,142.5,621.0,59.5,7.9,0.0,59.0,3,5
2026-03-23 06:00:00,18.7,82,7.4,994.3,0,0.0,150,107.1,139.7,733.0,53.5,7.7,7.0,53.0,3,6
2026-03-23 07:00:00,18.7,82,7.6,995.1,0,0.0,153,108.5,142.0,917.0,44.8,7.5,17.0,47.0,3,7
2026-03-23 08:00:00,20.7,71,4.3,995.5,0,0.0,155,90.1,116.4,997.0,35.2,7.3,35.0,47.0,3,8
2026-03-23 09:00:00,24.2,55,4.4,995.8,0,0.0,156,70.3,102.9,859.0,23.8,7.3,68.0,62.0,3,9
2026-03-23 10:00:00,26.8,45,4.1,996.1,0,0.0,157,49.2,93.1,616.0,11.5,7.3,109.0,84.0,3,10
2026-03-23 11:00:00,27.8,41,2.5,996.4,9,0.0,157,38.5,91.0,430.0,2.7,7.3,138.0,100.0,3,11
2026-03-23 12:00:00,29.1,37,2.5,995.6,8,0.0,157,38.6,94.1,374.0,0.0,7.1,147.0,106.0,3,12
2026-03-23 13:00:00,30.0,34,5.6,995.0,20,0.0,158,38.2,93.6,374.0,0.5,6.8,145.0,107.0,3,13
2026-03-23 14:00:00,30.3,32,7.2,993.9,24,0.0,158,37.8,92.0,377.0,1.7,6.5,140.0,104.0,3,14
2026-03-23 15:00:00,30.5,32,8.2,993.5,12,0.0,158,37.1,89.2,356.0,2.5,6.1,136.0,97.0,3,15
2026-03-23 16:00:00,30.5,31,9.2,993.1,17,0.0,158,36.2,85.0,337.0,3.8,5.8,129.0,86.0,3,16
2026-03-23 17:00:00,30.4,26,10.2,993.0,5,0.0,158,24.2,43.3,342.0,5.0,8.0,142.0,37.0,3,17
2026-03-23 18:00:00,29.6,27,6.0,992.8,0,0.0,158,32.7,46.9,390.0,9.5,7.2,125.0,33.0,3,18
2026-03-23 19:00:00,28.9,28,3.8,992.9,0,0.0,158,39.6,51.9,462.0,15.8,6.2,101.0,27.0,3,19
2026-03-23 20:00:00,27.6,32,5.2,993.2,0,0.0,158,42.3,54.1,526.0,20.6,5.5,81.0,22.0,3,20
2026-03-23 21:00:00,26.6,35,4.2,994.0,0,0.0,157,44.8,56.5,574.0,22.4,5.4,71.0,21.0,3,21
2026-03-23 22:00:00,26.1,37,6.5,994.1,0,0.0,156,49.9,61.2,613.0,22.9,5.6,65.0,21.0,3,22
2026-03-23 23:00:00,25.3,42,8.2,994.1,0,0.0,156,55.2,66.6,638.0,23.6,5.8,60.0,21.0,3,23
2026-03-24 00:00:00,24.1,46,10.3,994.0,0,0.0,155,56.1,68.2,641.0,25.8,5.9,54.0,22.0,3,0
2026-03-24 01:00:00,23.7,47,10.3,993.9,5,0.0,154,58.2,71.0,629.0,28.2,5.9,48.0,23.0,3,1
2026-03-24 02:00:00,22.7,50,10.5,993.6,11,0.0,153,60.5,73.1,619.0,29.2,5.9,44.0,23.0,3,2
2026-03-24 03:00:00,22.0,52,11.5,993.3,73,0.0,152,60.1,71.9,609.0,27.7,5.7,43.0,22.0,3,3
2026-03-24 04:00:00,21.6,52,11.7,993.1,16,0.0,151,56.0,66.6,601.0,24.7,5.5,44.0,20.0,3,4
2026-03-24 05:00:00,22.4,49,11.3,993.4,43,0.0,150,42.8,52.6,621.0,17.0,5.4,57.0,18.0,3,5
2026-03-24 06:00:00,22.2,51,10.1,993.9,97,0.0,144,41.4,50.9,715.0,17.4,5.6,53.0,17.0,3,6
2026-03-24 07:00:00,21.9,52,10.5,994.7,100,0.0,137,43.8,53.7,835.0,17.9,5.9,49.0,15.0,3,7
2026-03-24 08:00:00,23.3,50,3.8,995.9,95,0.0,130,45.6,53.8,868.0,16.8,6.1,53.0,15.0,3,8
2026-03-24 09:00:00,25.5,45,0.5,996.4,66,0.0,126,41.6,53.6,727.0,12.9,6.1,74.0,18.0,3,9
2026-03-24 10:00:00,28.1,39,2.6,996.2,63,0.0,123,34.6,49.5,497.0,7.5,6.0,104.0,23.0,3,10
2026-03-24 11:00:00,29.9,37,5.0,996.2,45,0.0,121,28.1,42.4,320.0,3.4,5.8,127.0,27.0,3,11
2026-03-24 12:00:00,31.5,30,3.8,995.3,67,0.0,120,22.8,35.4,257.0,1.6,5.5,136.0,29.0,3,12
2026-03-24 13:00:00,32.5,27,2.4,994.4,87,0.0,118,20.0,32.8,246.0,1.1,5.1,138.0,29.0,3,13
2026-03-24 14:00:00,33.2,23,3.7,993.2,95,0.0,117,19.4,34.6,246.0,1.8,4.9,135.0,29.0,3,14
2026-03-24 15:00:00,33.4,23,6.2,992.3,100,0.0,115,19.6,37.3,220.0,3.7,4.9,127.0,29.0,3,15
2026-03-24 16:00:00,32.9,23,9.0,991.7,89,0.0,113,20.0,38.3,205.0,6.8,5.0,114.0,28.0,3,16
2026-03-24 17:00:00,33.1,20,8.5,991.9,48,0.0,111,16.8,34.0,272.0,6.2,5.8,123.0,33.0,3,17
2026-03-24 18:00:00,31.3,28,11.3,992.0,88,0.0,110,25.7,38.3,493.0,10.2,6.0,110.0,29.0,3,18
2026-03-24 19:00:00,29.8,32,10.8,992.0,89,0.0,110,31.5,42.1,795.0,15.6,6.3,92.0,23.0,3,19
2026-03-24 20:00:00,28.9,35,11.7,992.1,93,0.0,109,33.3,42.6,1034.0,19.7,6.5,78.0,18.0,3,20
2026-03-24 21:00:00,27.9,36,5.9,992.6,88,0.0,108,34.7,43.3,1146.0,21.1,6.6,70.0,16.0,3,21
2026-03-24 22:00:00,26.7,39,5.4,992.8,69,0.0,107,38.4,46.4,1195.0,21.2,6.5,66.0,15.0,3,22
2026-03-24 23:00:00,25.7,46,9.2,993.0,100,0.0,106,42.7,50.9,1222.0,20.8,6.4,63.0,15.0,3,23
2026-03-25 00:00:00,25.6,44,11.7,992.6,99,0.0,104,42.3,50.9,1250.0,19.9,6.1,62.0,15.0,3,0
2026-03-25 01:00:00,25.0,41,12.3,992.2,97,0.0,103,39.7,48.4,1256.0,18.5,5.7,63.0,15.0,3,1
2026-03-25 02:00:00,24.4,39,10.1,991.6,84,0.0,101,38.2,45.8,1217.0,17.5,5.4,63.0,14.0,3,2
2026-03-25 03:00:00,23.9,40,9.7,991.6,83,0.0,99,35.7,41.2,1087.0,17.1,5.0,61.0,12.0,3,3
2026-03-25 04:00:00,23.4,40,8.1,991.2,100,0.0,97,33.3,37.3,911.0,17.0,4.7,59.0,9.0,3,4
2026-03-25 05:00:00,23.2,50,1.2,991.2,84,0.0,95,32.4,34.0,800.0,20.6,5.4,53.0,3.0,3,5
2026-03-25 06:00:00,23.3,43,3.5,991.7,80,0.0,94,32.7,37.1,827.0,24.9,6.3,43.0,4.0,3,6
2026-03-25 07:00:00,23.4,43,8.4,992.4,100,0.0,94,40.9,48.8,919.0,30.6,7.5,31.0,5.0,3,7
2026-03-25 08:00:00,24.6,41,7.2,993.4,100,0.0,94,46.0,54.5,973.0,32.3,8.4,30.0,13.0,3,8
2026-03-25 09:00:00,25.9,40,2.5,993.7,100,0.0,94,38.8,53.0,953.0,26.3,8.3,49.0,33.0,3,9
2026-03-25 10:00:00,26.2,41,9.9,994.3,100,0.0,93,31.0,59.6,895.0,16.3,7.9,78.0,60.0,3,10
2026-03-25 11:00:00,28.1,37,9.9,995.0,100,0.0,93,28.8,70.8,806.0,8.8,8.3,103.0,76.0,3,11
2026-03-25 12:00:00,28.4,40,11.2,994.4,100,0.0,93,27.6,70.8,656.0,6.5,10.7,119.0,74.0,3,12
2026-03-25 13:00:00,27.1,49,14.5,993.3,84,0.0,94,25.6,60.8,475.0,6.6,13.9,132.0,62.0,3,13
2026-03-25 14:00:00,28.4,44,7.8,992.7,68,0.0,94,24.1,50.9,353.0,7.2,16.0,139.0,51.0,3,14
2026-03-25 15:00:00,28.2,43,3.6,991.8,99,0.0,94,25.0,46.7,323.0,6.8,15.9,142.0,43.0,3,15
2026-03-25 16:00:00,28.7,41,2.1,991.4,99,0.0,95,26.0,45.2,354.0,6.9,14.7,140.0,36.0,3,16
2026-03-25 17:00:00,28.6,40,6.0,991.2,29,0.1,95,25.3,40.4,438.0,8.7,9.5,120.0,29.0,3,17
2026-03-25 18:00:00,28.2,41,7.2,991.4,34,0.0,96,29.5,41.7,622.0,11.5,9.1,108.0,27.0,3,18
2026-03-25 19:00:00,27.2,45,7.2,991.9,10,0.0,96,35.0,45.8,859.0,15.6,8.5,91.0,23.0,3,19
2026-03-25 20:00:00,26.3,49,6.9,992.7,9,0.0,96,38.4,49.6,1010.0,20.0,8.3,75.0,21.0,3,20
2026-03-25 21:00:00,25.3,53,8.5,993.5,11,0.0,97,43.3,56.0,1008.0,26.1,8.8,61.0,22.0,3,21
2026-03-25 22:00:00,24.7,54,7.8,994.0,55,0.0,98,52.4,67.8,919.0,32.6,9.7,48.0,24.0,3,22
2026-03-25 23:00:00,24.7,58,9.5,994.2,42,0.0,99,63.8,78.0,800.0,34.7,10.0,41.0,24.0,3,23
2026-03-26 00:00:00,22.9,65,17.2,995.4,92,0.0,100,51.5,56.8,642.0,28.4,9.0,46.0,18.0,3,0
2026-03-26 01:00:00,20.4,80,17.0,995.3,79,0.0,101,36.2,39.5,453.0,17.6,7.4,57.0,10.0,3,1
2026-03-26 02:00:00,19.7,80,17.6,995.1,63,0.0,101,26.6,28.8,314.0,9.5,6.4,66.0,4.0,3,2
2026-03-26 03:00:00,19.3,80,16.4,995.3,100,0.0,100,23.6,25.7,265.0,7.0,6.6,70.0,2.0,3,3
2026-03-26 04:00:00,19.0,82,13.8,995.5,98,0.0,99,24.4,26.8,267.0,7.2,7.3,71.0,3.0,3,4
2026-03-26 05:00:00,19.5,82,14.0,995.5,100,0.0,98,25.8,27.9,282.0,7.8,7.7,73.0,4.0,3,5
2026-03-26 06:00:00,19.3,83,13.9,996.6,100,0.0,98,27.3,30.6,309.0,9.2,7.8,70.0,5.0,3,6
2026-03-26 07:00:00,19.6,80,15.3,997.4,100,0.0,97,28.4,32.6,348.0,11.0,8.0,67.0,6.0,3,7
2026-03-26 08:00:00,20.5,75,13.0,998.2,100,0.0,96,28.8,33.4,368.0,11.7,8.3,68.0,9.0,3,8
2026-03-26 09:00:00,22.1,68,13.2,998.5,100,0.0,95,26.3,33.4,347.0,10.2,8.7,76.0,15.0,3,9
2026-03-26 10:00:00,23.5,62,12.6,998.8,100,0.0,94,24.6,34.3,306.0,7.7,9.2,89.0,21.0,3,10
2026-03-26 11:00:00,25.3,57,15.7,998.6,100,0.0,93,24.7,39.3,276.0,5.5,9.6,100.0,27.0,3,11
2026-03-26 12:00:00,24.7,61,17.6,998.5,80,0.3,93,25.2,40.3,268.0,4.2,9.7,110.0,30.0,3,12
2026-03-26 13:00:00,24.7,61,18.2,997.8,100,0.0,93,25.2,40.9,270.0,3.3,9.7,118.0,31.0,3,13
2026-03-26 14:00:00,24.0,63,22.2,997.1,96,0.0,93,24.6,41.9,278.0,2.9,9.5,123.0,32.0,3,14
2026-03-26 15:00:00,23.2,64,19.1,996.9,77,0.2,93,24.4,45.2,288.0,3.0,9.2,122.0,35.0,3,15
2026-03-26 16:00:00,23.2,63,16.5,996.2,100,0.0,93,24.7,46.7,304.0,3.7,8.8,116.0,38.0,3,16
2026-03-26 17:00:00,22.9,66,18.4,996.6,100,0.0,93,24.6,36.2,333.0,7.5,4.6,92.0,22.0,3,17
2026-03-26 18:00:00,21.5,75,15.1,997.2,98,0.2,93,24.2,33.4,387.0,8.9,4.7,87.0,19.0,3,18
2026-03-26 19:00:00,20.9,78,12.8,997.5,80,0.2,92,25.7,33.4,455.0,10.8,4.8,80.0,14.0,3,19
2026-03-26 20:00:00,19.6,87,11.0,998.4,100,1.8,92,28.2,34.3,509.0,11.9,4.8,75.0,11.0,3,20
2026-03-26 21:00:00,19.1,89,13.1,998.2,100,0.2,91,27.8,32.1,545.0,11.6,4.4,72.0,9.0,3,21
2026-03-26 22:00:00,18.9,88,10.8,998.1,61,0.0,90,26.0,30.0,567.0,10.5,3.9,71.0,8.0,3,22
2026-03-26 23:00:00,18.9,86,9.8,997.3,1,0.0,87,24.9,29.1,566.0,9.6,3.4,69.0,8.0,3,23
2026-03-27 00:00:00,18.6,87,8.7,997.2,0,0.0,84,23.7,28.4,525.0,9.2,2.9,67.0,8.0,3,0
2026-03-27 01:00:00,18.2,88,6.8,996.7,0,0.0,82,23.6,28.7,460.0,9.0,2.4,64.0,9.0,3,1
2026-03-27 02:00:00,17.6,91,7.3,995.9,0,0.0,81,23.8,29.2,406.0,9.1,2.1,61.0,10.0,3,2
2026-03-27 03:00:00,17.3,91,7.0,995.6,0,0.0,81,24.4,30.4,364.0,9.8,1.9,56.0,11.0,3,3
2026-03-27 04:00:00,17.1,91,3.9,994.9,0,0.0,81,25.7,32.1,333.0,10.8,1.9,51.0,11.0,3,4
2026-03-27 05:00:00,16.7,93,5.4,994.5,0,0.0,81,34.1,41.2,351.0,20.2,3.0,36.0,13.0,3,5
2026-03-27 06:00:00,16.5,93,6.1,995.0,0,0.0,82,36.0,43.5,474.0,19.6,3.0,36.0,14.0,3,6
2026-03-27 07:00:00,16.6,92,3.6,995.3,0,0.0,83,43.1,51.1,646.0,18.6,3.1,37.0,14.0,3,7
2026-03-27 08:00:00,18.4,83,2.9,995.9,0,0.0,84,40.7,49.1,733.0,16.7,4.4,45.0,16.0,3,8
2026-03-27 09:00:00,21.3,67,3.4,996.5,0,0.0,85,30.3,42.3,648.0,13.3,7.8,64.0,19.0,3,9
2026-03-27 10:00:00,24.0,53,4.3,996.3,0,0.0,85,20.8,34.1,477.0,9.0,12.4,90.0,23.0,3,10
2026-03-27 11:00:00,26.0,47,5.8,996.0,0,0.0,85,17.5,31.2,347.0,5.7,15.8,111.0,26.0,3,11
2026-03-27 12:00:00,27.4,42,6.1,995.3,0,0.0,84,17.2,30.7,311.0,4.0,17.2,125.0,27.0,3,12
2026-03-27 13:00:00,28.6,39,4.8,994.0,0,0.0,83,17.5,30.7,316.0,3.2,17.5,134.0,26.0,3,13
2026-03-27 14:00:00,29.5,35,3.3,992.5,0,0.0,83,18.4,31.8,325.0,2.9,17.1,139.0,26.0,3,14
2026-03-27 15:00:00,30.1,34,4.4,991.1,0,0.0,82,19.3,33.5,294.0,2.8,15.8,140.0,27.0,3,15
2026-03-27 16:00:00,30.3,32,3.0,990.2,0,0.0,82,19.7,34.6,268.0,3.2,13.7,137.0,28.0,3,16
2026-03-27 17:00:00,30.4,31,1.1,990.0,0,0.0,82,12.2,13.1,338.0,5.0,16.8,142.0,2.0,3,17
2026-03-27 18:00:00,29.5,34,3.2,989.8,2,0.0,83,23.6,24.6,620.0,11.2,14.9,123.0,2.0,3,18
2026-03-27 19:00:00,27.2,42,7.0,990.1,100,0.0,90,32.5,33.1,999.0,19.8,12.3,97.0,1.0,3,19
2026-03-27 20:00:00,26.2,43,10.1,990.4,99,0.0,87,34.8,35.2,1226.0,26.0,10.2,76.0,1.0,3,20
2026-03-27 21:00:00,25.6,42,11.3,990.3,92,0.0,82,36.7,36.8,1158.0,27.6,9.1,67.0,0.0,3,21
2026-03-27 22:00:00,25.0,44,11.4,990.1,64,0.0,82,39.0,39.1,939.0,26.8,8.6,65.0,0.0,3,22
2026-03-27 23:00:00,24.2,49,12.1,989.8,98,0.0,83,39.7,39.8,747.0,25.5,8.0,63.0,0.0,3,23
2026-03-28 00:00:00,24.0,49,11.1,989.1,100,0.0,84,34.9,35.4,645.0,23.9,7.2,62.0,1.0,3,0
2026-03-28 01:00:00,23.6,49,10.9,988.6,100,0.0,85,29.6,30.9,570.0,21.9,6.5,62.0,3.0,3,1
2026-03-28 02:00:00,23.1,50,10.4,987.8,36,0.0,86,25.8,28.5,516.0,20.5,6.0,60.0,5.0,3,2
2026-03-28 03:00:00,22.7,52,8.5,987.6,51,0.0,86,23.6,28.2,472.0,20.7,5.8,55.0,7.0,3,3
2026-03-28 04:00:00,22.3,54,7.7,987.0,48,0.0,86,23.3,29.1,449.0,21.6,5.7,47.0,9.0,3,4
2026-03-28 05:00:00,22.0,57,7.8,987.2,91,0.0,86,26.0,32.4,472.0,19.8,11.5,44.0,12.0,3,5
2026-03-28 06:00:00,21.1,64,6.7,987.4,99,0.0,85,25.7,31.8,588.0,19.7,11.6,41.0,10.0,3,6
2026-03-28 07:00:00,21.0,67,6.2,987.8,52,0.0,84,28.3,33.3,749.0,19.5,11.7,37.0,8.0,3,7
2026-03-28 08:00:00,22.8,61,4.4,988.2,64,0.0,83,29.5,32.9,840.0,18.1,12.0,40.0,7.0,3,8
2026-03-28 09:00:00,25.0,54,4.0,988.4,100,0.0,82,25.2,29.7,793.0,14.6,12.7,57.0,7.0,3,9
2026-03-28 10:00:00,26.1,51,6.6,988.8,98,0.0,82,22.7,27.4,676.0,9.9,13.6,81.0,9.0,3,10
2026-03-28 11:00:00,28.2,45,8.0,988.4,100,0.0,82,20.9,27.5,569.0,6.2,13.7,100.0,13.0,3,11
2026-03-28 12:00:00,29.1,42,6.4,988.0,100,0.0,82,20.0,29.8,498.0,4.3,12.5,109.0,21.0,3,12
2026-03-28 13:00:00,30.8,39,5.1,987.1,100,0.0,82,19.3,33.3,437.0,3.3,10.5,113.0,31.0,3,13
2026-03-28 14:00:00,32.2,36,3.6,985.8,91,0.0,83,18.1,37.6,396.0,3.3,8.6,113.0,38.0,3,14
2026-03-28 15:00:00,33.1,34,2.2,984.8,95,0.0,83,16.9,40.3,371.0,3.8,6.9,109.0,40.0,3,15
2026-03-28 16:00:00,32.8,34,4.3,984.3,100,0.0,82,16.6,40.5,365.0,5.2,5.3,100.0,39.0,3,16
2026-03-28 17:00:00,33.2,32,9.2,984.1,100,0.0,82,17.0,55.4,395.0,7.2,5.0,83.0,74.0,3,17
2026-03-28 18:00:00,32.1,36,4.3,983.9,100,0.0,83,28.8,60.8,501.0,18.3,5.4,66.0,64.0,3,18
2026-03-28 19:00:00,30.5,43,2.7,984.3,100,0.0,83,48.0,74.3,643.0,33.4,6.0,44.0,51.0,3,19
2026-03-28 20:00:00,29.6,47,3.3,984.4,100,0.0,84,55.3,77.5,715.0,43.9,6.4,27.0,40.0,3,20
2026-03-28 21:00:00,27.8,53,6.4,985.3,100,0.0,86,46.7,64.7,648.0,46.0,6.7,22.0,35.0,3,21
2026-03-28 22:00:00,23.2,71,19.1,986.3,100,0.0,87,48.4,70.5,511.0,43.5,6.8,22.0,34.0,3,22
2026-03-28 23:00:00,23.1,76,14.1,985.7,99,0.0,87,56.6,74.3,405.0,39.0,6.7,25.0,32.0,3,23
2026-03-29 00:00:00,23.5,71,6.8,986.0,100,0.0,89,48.8,62.4,373.0,32.1,6.1,30.0,30.0,3,0
2026-03-29 01:00:00,21.7,85,12.6,986.0,100,2.2,90,38.9,52.4,372.0,23.2,5.2,37.0,27.0,3,1
2026-03-29 02:00:00,21.9,84,11.4,986.0,100,0.0,90,29.6,43.7,373.0,16.0,4.9,44.0,25.0,3,2
2026-03-29 03:00:00,21.5,84,14.3,986.3,91,0.0,91,22.2,35.0,365.0,11.8,5.7,52.0,22.0,3,3
2026-03-29 04:00:00,20.9,86,11.9,986.2,33,0.0,91,17.7,29.2,359.0,9.2,7.1,60.0,20.0,3,4
2026-03-29 05:00:00,21.4,87,12.0,986.5,7,0.0,90,17.8,19.3,358.0,8.0,9.0,69.0,3.0,3,5
2026-03-29 06:00:00,20.8,88,12.9,987.1,0,0.0,90,21.4,26.3,369.0,8.9,9.3,65.0,4.0,3,6
2026-03-29 07:00:00,21.0,88,11.6,988.5,2,0.0,89,25.4,31.3,385.0,10.1,9.6,61.0,7.0,3,7
2026-03-29 08:00:00,22.4,81,11.6,989.4,7,0.0,89,26.3,34.9,389.0,10.2,10.0,65.0,16.0,3,8
2026-03-29 09:00:00,24.2,73,8.6,990.5,10,0.0,89,24.6,41.9,371.0,8.2,10.4,84.0,38.0,3,9
2026-03-29 10:00:00,26.0,65,7.9,991.0,23,0.0,89,23.3,54.9,341.0,5.2,10.9,110.0,66.0,3,10
2026-03-29 11:00:00,26.8,61,12.0,991.4,43,0.0,89,26.9,73.8,315.0,2.8,10.8,129.0,87.0,3,11
2026-03-29 12:00:00,27.7,56,13.5,991.1,39,0.3,89,27.4,80.8,295.0,1.9,9.9,135.0,95.0,3,12
2026-03-29 13:00:00,28.2,53,13.9,990.2,34,0.2,90,26.0,77.5,279.0,1.6,8.5,133.0,95.0,3,13
2026-03-29 14:00:00,28.3,54,14.0,989.5,18,0.0,90,24.9,74.7,273.0,1.7,7.4,131.0,95.0,3,14
2026-03-29 15:00:00,27.9,55,15.0,988.9,65,0.4,91,25.0,75.7,283.0,1.7,6.7,130.0,97.0,3,15
2026-03-29 16:00:00,26.6,61,9.8,988.6,90,0.2,91,25.6,76.6,304.0,2.1,6.3,128.0,98.0,3,16
2026-03-29 17:00:00,25.0,71,3.3,988.3,62,0.0,92,34.5,116.4,326.0,3.3,5.0,109.0,156.0,3,17
2026-03-29 18:00:00,23.8,77,11.6,988.8,64,1.9,94,35.4,91.0,354.0,6.1,5.8,102.0,128.0,3,18
2026-03-29 19:00:00,21.3,85,24.6,989.4,30,0.6,94,34.0,71.7,384.0,9.9,6.9,93.0,89.0,3,19
2026-03-29 20:00:00,20.7,87,15.0,989.7,7,0.0,93,34.1,65.2,393.0,12.2,7.5,87.0,59.0,3,20
2026-03-29 21:00:00,20.1,88,15.5,990.4,24,0.0,91,34.2,61.9,365.0,11.5,7.1,88.0,46.0,3,21
2026-03-29 22:00:00,19.8,89,16.3,990.3,59,0.0,90,31.9,54.7,317.0,9.3,6.2,92.0,42.0,3,22
2026-03-29 23:00:00,21.0,90,12.6,989.8,88,0.0,89,28.1,48.5,276.0,7.3,5.2,94.0,38.0,3,23
2026-03-30 00:00:00,20.7,87,14.7,989.6,100,0.0,87,24.7,42.4,253.0,6.2,4.3,92.0,31.0,3,0
2026-03-30 01:00:00,20.3,88,16.5,989.4,99,0.0,85,21.8,36.6,237.0,5.4,3.4,88.0,25.0,3,1
2026-03-30 02:00:00,20.4,88,14.6,987.8,100,0.0,84,19.4,31.0,229.0,4.8,2.7,86.0,21.0,3,2
2026-03-30 03:00:00,19.3,90,16.5,988.3,29,0.0,83,18.0,27.6,228.0,4.3,2.3,87.0,19.0,3,3
2026-03-30 04:00:00,18.8,91,15.6,988.2,14,0.0,82,16.8,26.6,235.0,3.9,2.2,89.0,18.0,3,4
2026-03-30 05:00:00,19.5,91,18.3,988.7,6,0.0,82,21.2,54.5,253.0,3.6,1.9,93.0,62.0,3,5
2026-03-30 06:00:00,19.3,84,20.4,989.6,12,0.0,83,20.3,44.1,296.0,4.5,2.7,90.0,53.0,3,6
2026-03-30 07:00:00,19.9,77,15.6,989.7,1,0.0,83,22.2,45.8,349.0,5.7,3.8,86.0,44.0,3,7
2026-03-30 08:00:00,21.3,73,9.6,990.7,2,0.0,82,23.9,57.5,377.0,6.2,5.0,88.0,62.0,3,8
2026-03-30 09:00:00,22.6,71,15.4,992.0,12,0.0,82,29.2,86.1,353.0,5.5,6.4,100.0,134.0,3,9
2026-03-30 10:00:00,22.6,66,14.3,992.1,6,0.0,82,38.2,144.8,304.0,4.2,7.8,118.0,233.0,3,10
2026-03-30 11:00:00,26.0,54,9.0,992.3,0,0.0,84,48.1,211.9,268.0,3.1,9.0,133.0,307.0,3,11
2026-03-30 12:00:00,27.3,50,8.3,992.2,13,0.0,85,55.4,261.7,263.0,2.5,9.8,143.0,338.0,3,12
2026-03-30 13:00:00,27.7,48,6.0,991.6,29,0.1,87,56.3,259.8,271.0,2.2,10.3,149.0,344.0,3,13
2026-03-30 14:00:00,28.2,46,5.1,990.9,78,0.1,90,53.1,225.8,280.0,2.4,10.6,153.0,328.0,3,14
2026-03-30 15:00:00,28.4,45,5.9,990.2,48,0.0,92,48.0,187.2,284.0,2.3,10.5,155.0,277.0,3,15
2026-03-30 16:00:00,28.3,45,6.5,989.9,63,0.0,94,41.2,145.8,290.0,2.6,10.2,154.0,203.0,3,16
2026-03-30 17:00:00,28.3,42,7.0,989.8,62,0.0,102,33.3,120.1,302.0,3.9,8.7,151.0,164.0,3,17
2026-03-30 18:00:00,27.7,43,8.9,989.4,27,0.0,112,39.8,116.2,330.0,12.2,8.8,128.0,144.0,3,18
2026-03-30 19:00:00,25.9,52,10.7,989.9,21,0.0,115,58.6,128.1,364.0,23.4,9.0,97.0,115.0,3,19
2026-03-30 20:00:00,24.9,59,11.6,990.9,0,0.0,107,52.9,101.7,384.0,30.0,8.8,74.0,89.0,3,20
2026-03-30 21:00:00,24.1,62,12.8,992.4,0,0.0,99,44.4,82.2,378.0,27.5,8.1,67.0,69.0,3,21
2026-03-30 22:00:00,23.5,64,11.5,993.2,0,0.0,100,38.3,66.6,358.0,20.3,7.0,68.0,51.0,3,22
2026-03-30 23:00:00,23.5,66,13.5,992.9,0,0.0,100,32.4,53.8,337.0,14.3,6.0,69.0,40.0,3,23
2026-03-31 00:00:00,22.9,70,11.9,992.8,0,0.0,101,28.2,47.7,315.0,11.7,5.2,68.0,37.0,3,0
2026-03-31 01:00:00,22.2,73,12.7,992.4,70,0.0,101,27.4,48.2,291.0,10.3,4.4,68.0,39.0,3,1
2026-03-31 02:00:00,21.6,75,9.4,992.3,70,0.0,102,28.3,52.2,277.0,9.3,4.0,68.0,44.0,3,2
2026-03-31 03:00:00,20.5,82,8.7,992.6,78,0.0,102,29.9,58.1,280.0,8.7,4.0,67.0,52.0,3,3
2026-03-31 04:00:00,19.6,86,11.7,992.6,100,0.0,104,31.3,64.5,293.0,8.5,4.3,66.0,62.0,3,4
2026-03-31 05:00:00,19.3,90,14.2,992.7,76,0.0,105,30.9,60.3,309.0,8.1,4.6,65.0,54.0,3,5
2026-03-31 06:00:00,19.3,90,15.8,993.2,59,0.0,106,33.1,60.3,330.0,8.2,5.2,65.0,49.0,3,6
2026-03-31 07:00:00,19.5,86,15.2,993.8,100,0.0,108,35.9,58.7,354.0,8.3,6.1,65.0,42.0,3,7
2026-03-31 08:00:00,20.8,77,17.3,994.5,100,0.0,109,35.6,58.0,365.0,7.9,7.0,71.0,42.0,3,8
2026-03-31 09:00:00,22.6,68,16.4,995.0,100,0.0,110,33.9,59.5,352.0,6.4,7.8,87.0,53.0,3,9
2026-03-31 10:00:00,24.5,60,14.9,995.4,98,0.0,111,31.5,67.3,327.0,4.4,8.6,109.0,70.0,3,10
2026-03-31 11:00:00,26.4,52,17.0,995.1,94,0.0,110,33.6,79.4,304.0,2.9,9.0,126.0,85.0,3,11
2026-03-31 12:00:00,27.9,47,17.1,994.6,88,0.0,108,34.9,90.6,286.0,2.2,8.6,133.0,95.0,3,12
2026-03-31 13:00:00,28.8,44,15.7,993.6,31,0.0,106,33.8,92.4,270.0,2.0,7.7,136.0,102.0,3,13
2026-03-31 14:00:00,29.1,41,9.5,992.9,62,0.5,104,31.5,88.2,267.0,2.0,7.0,136.0,106.0,3,14
2026-03-31 15:00:00,27.6,45,14.0,992.6,76,0.6,102,30.9,87.5,272.0,1.8,6.4,136.0,105.0,3,15
2026-03-31 16:00:00,27.4,42,12.1,992.3,58,0.0,100,30.4,84.1,290.0,1.9,6.0,133.0,101.0,3,16
2026-03-31 17:00:00,25.4,49,15.3,991.0,13,0.0,99,16.1,41.8,344.0,5.8,4.8,121.0,49.0,3,17
2026-03-31 18:00:00,25.7,49,14.8,991.1,20,0.0,98,20.4,40.3,467.0,11.0,5.2,107.0,45.0,3,18
2026-03-31 19:00:00,24.2,56,13.8,992.0,3,0.0,96,26.8,46.1,625.0,18.0,5.8,87.0,40.0,3,19
2026-03-31 20:00:00,23.3,62,14.0,992.6,0,0.0,94,34.7,54.5,744.0,22.8,6.1,72.0,36.0,3,20
2026-03-31 21:00:00,22.9,65,13.1,993.4,1,0.0,92,41.3,60.5,798.0,23.2,6.0,65.0,33.0,3,21
2026-03-31 22:00:00,22.6,65,13.0,994.0,0,0.0,92,39.0,56.1,813.0,21.3,5.7,62.0,30.0,3,22
2026-03-31 23:00:00,22.8,66,12.8,993.6,12,0.0,92,34.6,50.9,785.0,19.0,5.3,61.0,29.0,3,23
2026-04-01 00:00:00,22.4,65,11.1,994.0,78,0.0,92,30.0,46.9,692.0,16.5,4.8,61.0,30.0,4,0
2026-04-01 01:00:00,21.8,68,9.9,993.8,100,0.0,92,27.1,45.1,557.0,13.5,4.2,63.0,32.0,4,1
2026-04-01 02:00:00,21.2,70,8.6,993.3,98,0.0,92,25.2,43.8,449.0,11.3,3.7,64.0,33.0,4,2
2026-04-01 03:00:00,20.8,72,8.1,993.0,100,0.0,92,24.3,42.8,384.0,10.3,3.5,63.0,33.0,4,3
2026-04-01 04:00:00,20.3,74,7.8,992.8,100,0.0,92,23.7,41.4,345.0,10.0,3.3,60.0,32.0,4,4
2026-04-01 05:00:00,19.7,75,8.8,992.9,46,0.0,91,23.2,39.1,354.0,9.9,3.3,59.0,29.0,4,5
2026-04-01 06:00:00,19.3,77,8.3,993.7,100,0.0,91,23.5,38.2,449.0,10.5,3.6,58.0,28.0,4,6
2026-04-01 07:00:00,19.6,76,7.8,994.1,100,0.0,90,25.3,39.6,591.0,11.1,3.9,58.0,26.0,4,7
2026-04-01 08:00:00,21.0,70,4.5,994.6,98,0.0,89,26.4,41.6,681.0,11.0,4.5,62.0,28.0,4,8
2026-04-01 09:00:00,24.0,59,3.5,995.3,100,0.0,88,27.1,46.7,676.0,9.4,5.5,76.0,35.0,4,9
2026-04-01 10:00:00,26.1,51,3.4,995.6,100,0.0,88,27.6,55.6,620.0,7.0,6.6,94.0,45.0,4,10
2026-04-01 11:00:00,28.4,44,3.3,995.9,95,0.0,87,27.1,57.4,546.0,4.9,7.3,110.0,56.0,4,11
2026-04-01 12:00:00,30.8,33,3.5,995.3,76,0.0,87,25.3,57.6,446.0,3.5,7.1,120.0,66.0,4,12
2026-04-01 13:00:00,30.6,32,4.0,994.3,100,0.0,86,25.2,62.2,330.0,2.4,6.4,127.0,77.0,4,13
2026-04-01 14:00:00,24.8,62,21.5,993.9,100,0.2,85,27.8,75.4,256.0,1.9,5.6,131.0,88.0,4,14
2026-04-01 15:00:00,24.8,55,14.3,993.1,100,0.0,85,28.9,85.9,256.0,1.6,4.7,133.0,104.0,4,15
2026-04-01 16:00:00,24.5,65,13.2,993.4,100,2.5,85,28.8,92.7,298.0,1.9,3.8,132.0,120.0,4,16
2026-04-01 17:00:00,28.5,40,8.3,992.3,100,0.0,85,27.4,102.4,354.0,5.1,2.8,114.0,140.0,4,17
2026-04-01 18:00:00,27.1,45,11.1,992.7,100,0.0,86,29.6,83.8,432.0,6.3,3.5,109.0,113.0,4,18
2026-04-01 19:00:00,24.0,58,12.5,993.5,100,0.0,86,29.1,65.0,524.0,8.0,4.6,101.0,76.0,4,19
2026-04-01 20:00:00,23.5,61,12.1,993.2,100,0.0,87,29.3,54.7,571.0,9.1,5.3,96.0,47.0,4,20
2026-04-01 21:00:00,22.8,65,11.3,994.2,100,0.0,86,29.0,47.3,536.0,9.0,5.4,95.0,33.0,4,21
2026-04-01 22:00:00,22.4,67,13.3,994.8,100,0.0,85,28.7,42.7,455.0,8.4,5.3,95.0,27.0,4,22
2026-04-01 23:00:00,22.9,68,11.4,994.0,97,0.0,84,28.1,40.3,384.0,7.7,5.1,96.0,23.0,4,23
2026-04-02 00:00:00,22.7,73,13.6,994.0,88,0.0,84,26.3,38.5,337.0,7.1,4.9,96.0,21.0,4,0
2026-04-02 01:00:00,22.2,74,15.7,993.7,80,0.0,84,25.6,38.2,300.0,6.5,4.7,95.0,23.0,4,1
2026-04-02 02:00:00,21.2,77,11.9,993.3,100,0.0,84,25.6,38.3,276.0,6.1,4.5,94.0,24.0,4,2
2026-04-02 03:00:00,20.4,80,13.3,993.6,100,0.1,84,25.9,39.1,268.0,5.9,4.4,92.0,24.0,4,3
2026-04-02 04:00:00,19.9,80,14.1,993.8,100,0.1,84,26.7,40.0,273.0,5.9,4.4,89.0,24.0,4,4
2026-04-02 05:00:00,20.5,77,11.5,993.2,99,0.0,84,28.1,41.2,296.0,8.3,4.4,73.0,24.0,4,5
2026-04-02 06:00:00,19.7,82,15.3,994.1,95,0.0,84,26.8,40.2,355.0,8.6,4.4,74.0,27.0,4,6
2026-04-02 07:00:00,19.6,81,11.8,994.2,100,0.0,85,27.2,43.8,431.0,8.9,4.4,75.0,32.0,4,7
2026-04-02 08:00:00,20.6,75,11.5,995.1,90,0.0,85,29.2,49.6,466.0,8.5,4.7,81.0,38.0,4,8
2026-04-02 09:00:00,22.8,64,14.0,995.0,85,0.0,85,29.8,56.7,422.0,6.7,5.5,95.0,48.0,4,9
2026-04-02 10:00:00,25.1,56,15.5,995.3,28,0.0,85,28.3,61.0,339.0,4.3,6.6,114.0,59.0,4,10
2026-04-02 11:00:00,26.8,49,16.4,995.4,42,0.0,85,27.6,64.3,275.0,2.5,7.5,129.0,68.0,4,11
2026-04-02 12:00:00,28.5,44,15.5,994.9,62,0.0,85,27.6,66.6,256.0,1.9,8.0,136.0,74.0,4,12
2026-04-02 13:00:00,29.0,44,15.7,993.9,92,0.0,85,27.4,69.2,257.0,1.9,8.3,139.0,78.0,4,13
2026-04-02 14:00:00,29.6,42,13.0,992.9,98,0.0,86,26.4,67.3,263.0,2.2,8.4,139.0,77.0,4,14
2026-04-02 15:00:00,29.2,45,7.4,992.1,100,0.8,85,25.6,56.8,270.0,2.7,8.3,137.0,66.0,4,15
2026-04-02 16:00:00,25.2,65,12.0,992.4,100,3.0,85,25.2,49.6,282.0,3.5,8.1,132.0,50.0,4,16
2026-04-02 17:00:00,28.6,49,18.4,990.4,99,0.0,85,30.5,71.5,296.0,8.3,8.0,142.0,79.0,4,17
2026-04-02 18:00:00,25.8,55,14.2,990.1,100,0.0,94,33.5,68.2,315.0,9.1,8.2,134.0,67.0,4,18
2026-04-02 19:00:00,25.1,60,13.3,990.8,100,0.2,98,32.4,59.8,335.0,10.1,8.4,122.0,50.0,4,19
2026-04-02 20:00:00,23.4,67,18.8,991.0,100,0.0,96,31.4,51.3,344.0,10.9,8.4,111.0,38.0,4,20
2026-04-02 21:00:00,21.7,66,17.8,992.3,100,0.0,91,32.0,50.5,333.0,11.2,8.1,103.0,34.0,4,21
2026-04-02 22:00:00,20.6,71,16.7,992.6,98,0.0,86,36.0,59.6,310.0,11.2,7.6,95.0,34.0,4,22
2026-04-02 23:00:00,18.8,90,17.9,993.3,100,0.0,87,32.9,51.7,288.0,11.1,7.1,89.0,35.0,4,23
2026-04-03 00:00:00,19.3,84,13.0,992.9,100,0.1,87,30.6,48.4,266.0,10.7,6.5,85.0,35.0,4,0
2026-04-03 01:00:00,19.1,85,8.9,992.3,100,0.0,87,30.3,47.6,244.0,10.3,5.8,81.0,35.0,4,1
2026-04-03 02:00:00,18.8,86,6.8,991.5,100,0.0,88,31.2,49.2,236.0,10.8,5.4,76.0,34.0,4,2
2026-04-03 03:00:00,18.6,87,7.0,991.8,91,0.0,88,34.2,53.9,251.0,13.6,5.2,66.0,32.0,4,3
2026-04-03 04:00:00,18.0,90,6.9,991.4,23,0.0,89,38.6,56.8,281.0,17.3,5.3,55.0,30.0,4,4
2026-04-03 05:00:00,17.5,98,6.5,990.6,35,0.0,90,40.0,55.8,314.0,17.9,14.9,53.0,29.0,4,5
2026-04-03 06:00:00,17.3,98,3.9,990.9,89,0.0,91,43.3,58.4,356.0,15.8,16.3,63.0,37.0,4,6
2026-04-03 07:00:00,17.7,96,5.4,991.8,95,0.0,92,42.8,68.5,402.0,12.7,18.2,78.0,47.0,4,7
2026-04-03 08:00:00,19.1,87,8.2,992.8,100,0.0,93,39.2,68.2,421.0,9.8,19.5,91.0,54.0,4,8
2026-04-03 09:00:00,20.5,78,9.0,993.3,95,0.1,94,33.5,65.9,390.0,7.1,19.9,100.0,56.0,4,9
2026-04-03 10:00:00,22.0,69,9.8,993.4,100,0.1,94,27.1,59.6,332.0,4.6,19.6,107.0,54.0,4,10
2026-04-03 11:00:00,23.4,58,10.7,993.7,75,0.0,94,25.6,53.0,287.0,2.7,18.2,112.0,51.0,4,11
2026-04-03 12:00:00,24.0,54,10.6,993.0,40,0.1,94,23.0,44.6,272.0,1.9,15.0,113.0,45.0,4,12
2026-04-03 13:00:00,24.7,53,10.7,992.3,60,0.1,94,20.7,40.4,270.0,1.7,10.7,112.0,38.0,4,13
2026-04-03 14:00:00,25.4,48,11.0,991.3,14,0.0,93,17.8,34.5,269.0,1.8,7.1,110.0,31.0,4,14
2026-04-03 15:00:00,25.8,43,13.3,990.1,27,0.0,93,14.8,26.9,250.0,1.4,4.7,109.0,25.0,4,15
2026-04-03 16:00:00,23.2,51,19.6,989.8,47,0.2,92,13.0,22.6,231.0,1.3,2.9,106.0,19.0,4,16
2026-04-03 17:00:00,21.9,65,4.2,990.4,45,0.0,91,7.7,15.8,260.0,3.3,2.3,97.0,15.0,4,17
2026-04-03 18:00:00,22.3,59,6.1,990.8,50,0.0,89,9.8,16.7,392.0,8.6,2.8,84.0,13.0,4,18
2026-04-03 19:00:00,21.7,62,4.6,991.2,19,0.0,87,15.7,20.7,571.0,15.8,3.5,67.0,10.0,4,19
2026-04-03 20:00:00,20.7,66,7.3,991.5,30,0.0,86,24.9,28.7,678.0,21.3,4.0,53.0,7.0,4,20
2026-04-03 21:00:00,20.1,67,6.8,992.6,35,0.0,85,28.2,31.3,636.0,23.8,4.0,46.0,5.0,4,21
2026-04-03 22:00:00,19.7,69,3.1,993.0,26,0.0,85,31.1,33.8,522.0,24.4,3.7,42.0,3.0,4,22
2026-04-03 23:00:00,18.1,81,2.4,993.3,53,0.0,85,30.4,32.7,451.0,23.5,3.5,42.0,3.0,4,23
2026-04-04 00:00:00,17.0,91,5.0,993.3,73,1.7,84,29.2,31.4,476.0,19.8,3.6,50.0,7.0,4,0
2026-04-04 01:00:00,17.2,89,9.8,992.7,41,0.0,84,22.8,31.1,543.0,14.5,3.9,61.0,14.0,4,1
2026-04-04 02:00:00,16.7,90,4.2,992.5,13,0.0,84,20.4,29.5,603.0,10.9,4.0,68.0,17.0,4,2
2026-04-04 03:00:00,16.0,95,7.4,992.2,9,0.0,83,19.0,24.7,636.0,11.1,3.9,65.0,15.0,4,3
2026-04-04 04:00:00,16.2,93,5.0,992.1,2,0.0,82,19.9,23.7,663.0,13.1,3.6,57.0,10.0,4,4
2026-04-04 05:00:00,15.8,95,4.1,992.4,2,0.0,80,32.8,34.5,694.0,27.0,3.3,22.0,2.0,4,5
2026-04-04 06:00:00,15.6,95,5.7,993.0,6,0.0,80,35.9,37.5,759.0,24.6,3.4,25.0,1.0,4,6
2026-04-04 07:00:00,16.2,92,4.5,993.6,9,0.0,79,38.3,40.3,829.0,21.2,3.7,29.0,1.0,4,7
2026-04-04 08:00:00,18.5,80,1.4,994.2,81,0.0,79,35.2,38.0,828.0,17.3,4.6,41.0,3.0,4,8
2026-04-04 09:00:00,17.7,80,17.1,995.1,100,1.9,78,26.4,30.6,691.0,12.5,6.7,66.0,9.0,4,9
2026-04-04 10:00:00,16.9,84,2.1,996.0,100,0.1,78,23.1,30.9,484.0,7.3,9.3,97.0,18.0,4,10
2026-04-04 11:00:00,19.5,77,3.0,995.8,100,0.3,77,22.1,36.1,327.0,3.4,11.1,122.0,26.0,4,11
2026-04-04 12:00:00,21.7,69,0.6,995.3,98,0.0,77,20.4,40.0,277.0,1.9,11.1,135.0,32.0,4,12
2026-04-04 13:00:00,23.0,58,4.4,994.7,90,0.0,77,19.6,41.6,278.0,1.7,10.2,141.0,37.0,4,13
2026-04-04 14:00:00,23.6,53,5.7,993.8,97,0.0,77,19.0,40.6,281.0,2.0,9.6,144.0,41.0,4,14
2026-04-04 15:00:00,23.8,51,6.4,992.9,99,0.0,77,19.1,40.2,265.0,1.7,9.9,147.0,44.0,4,15
2026-04-04 16:00:00,24.0,48,6.9,992.4,99,0.0,77,20.4,41.2,251.0,1.8,10.6,148.0,47.0,4,16
2026-04-04 17:00:00,24.2,45,7.8,992.1,14,0.0,79,17.3,34.6,261.0,3.5,8.3,137.0,33.0,4,17
2026-04-04 18:00:00,23.6,47,7.7,992.6,23,0.0,94,22.2,36.1,313.0,12.3,8.3,115.0,31.0,4,18
2026-04-04 19:00:00,22.2,57,10.1,993.3,2,0.0,98,34.2,46.9,388.0,24.2,8.2,85.0,27.0,4,19
2026-04-04 20:00:00,21.0,63,10.6,993.7,3,0.0,90,44.5,57.0,447.0,31.6,7.9,63.0,24.0,4,20
2026-04-04 21:00:00,19.8,68,11.3,994.4,0,0.0,83,46.9,59.0,475.0,30.5,7.1,55.0,21.0,4,21
2026-04-04 22:00:00,18.8,74,9.7,994.8,2,0.0,84,39.7,49.6,486.0,25.0,5.9,55.0,17.0,4,22
2026-04-04 23:00:00,19.3,76,10.2,994.7,7,0.0,85,30.9,38.5,487.0,19.7,4.8,56.0,14.0,4,23
2026-04-05 00:00:00,19.2,75,9.9,994.7,13,0.0,85,23.6,29.9,475.0,15.7,3.7,59.0,12.0,4,0
2026-04-05 01:00:00,19.0,74,9.6,994.7,13,0.0,84,19.8,25.3,452.0,11.9,2.7,64.0,11.0,4,1
2026-04-05 02:00:00,18.6,74,9.3,993.9,14,0.0,84,18.5,23.6,432.0,9.3,2.0,67.0,10.0,4,2
2026-04-05 03:00:00,17.9,77,9.4,993.9,0,0.0,84,18.4,23.7,413.0,8.8,1.8,65.0,10.0,4,3
2026-04-05 04:00:00,17.2,82,9.1,993.9,0,0.0,84,18.9,24.3,398.0,9.5,2.0,61.0,10.0,4,4
2026-04-05 05:00:00,16.8,89,8.4,993.7,1,0.0,84,19.4,25.3,407.0,9.5,2.2,61.0,11.0,4,5
2026-04-05 06:00:00,16.7,89,8.3,994.1,0,0.0,83,20.4,26.6,473.0,10.1,2.4,58.0,11.0,4,6
2026-04-05 07:00:00,17.0,86,7.3,994.7,0,0.0,82,25.5,30.9,564.0,10.8,2.8,55.0,12.0,4,7
2026-04-05 08:00:00,18.5,77,5.7,995.3,0,0.0,81,25.1,32.6,598.0,10.5,3.5,60.0,14.0,4,8
2026-04-05 09:00:00,20.8,66,5.5,995.7,0,0.0,80,24.1,33.9,520.0,8.2,4.9,80.0,18.0,4,9
2026-04-05 10:00:00,23.0,53,6.5,996.2,0,0.0,80,18.7,30.5,386.0,5.0,6.5,108.0,22.0,4,10
2026-04-05 11:00:00,24.6,46,7.2,996.3,0,0.0,79,15.9,29.1,282.0,2.5,7.7,130.0,25.0,4,11
2026-04-05 12:00:00,25.8,41,7.6,995.6,9,0.0,79,15.0,27.3,244.0,1.6,7.8,139.0,25.0,4,12
2026-04-05 13:00:00,26.6,38,7.2,994.5,2,0.0,78,14.3,25.7,237.0,1.6,7.4,141.0,23.0,4,13
2026-04-05 14:00:00,27.2,36,6.7,993.2,1,0.0,78,14.1,24.9,238.0,1.8,7.2,142.0,21.0,4,14
2026-04-05 15:00:00,27.5,34,6.2,992.3,13,0.0,78,14.1,24.9,213.0,0.5,7.6,146.0,21.0,4,15
2026-04-05 16:00:00,27.4,34,6.2,991.6,3,0.0,77,14.5,25.4,196.0,0.0,8.3,150.0,21.0,4,16
2026-04-05 17:00:00,27.1,33,5.8,991.3,18,0.0,87,9.3,13.2,269.0,3.8,8.1,135.0,7.0,4,17
2026-04-05 18:00:00,26.8,33,4.1,991.3,9,0.0,99,17.1,21.5,525.0,17.7,9.4,116.0,7.0,4,18
2026-04-05 19:00:00,26.3,35,2.9,991.5,7,0.0,100,38.1,42.5,871.0,37.3,11.2,88.0,8.0,4,19
2026-04-05 20:00:00,25.1,41,4.7,992.0,5,0.0,91,62.9,67.5,1108.0,55.5,13.1,63.0,8.0,4,20
2026-04-05 21:00:00,23.6,48,4.2,992.5,5,0.0,77,81.3,88.0,1135.0,71.1,15.1,43.0,8.0,4,21
2026-04-05 22:00:00,22.8,52,2.3,992.9,2,0.0,80,100.1,107.6,1054.0,85.4,17.2,26.0,8.0,4,22
2026-04-05 23:00:00,22.6,54,2.8,992.7,0,0.0,85,115.7,122.9,970.0,94.9,18.4,13.0,8.0,4,23
2026-04-06 00:00:00,22.3,55,4.8,992.5,3,0.0,92,123.9,130.9,920.0,97.4,18.4,6.0,7.0,4,0
2026-04-06 01:00:00,21.4,58,6.6,992.2,1,0.0,99,127.1,133.6,868.0,95.1,17.6,3.0,6.0,4,1
2026-04-06 02:00:00,20.6,61,9.3,991.8,2,0.0,110,127.6,133.2,808.0,91.1,16.4,1.0,5.0,4,2
2026-04-06 03:00:00,20.3,61,9.8,991.7,1,0.0,122,126.2,130.9,725.0,86.4,14.9,0.0,4.0,4,3
2026-04-06 04:00:00,20.0,60,9.5,991.5,0,0.0,133,120.6,125.3,633.0,79.9,13.1,0.0,4.0,4,4
2026-04-06 05:00:00,20.7,58,8.8,991.0,45,0.0,144,95.5,100.8,575.0,67.0,10.9,2.0,6.0,4,5
2026-04-06 06:00:00,19.9,63,8.5,991.5,100,0.0,150,95.7,99.7,590.0,59.0,9.8,14.0,4.0,4,6
2026-04-06 07:00:00,19.7,64,13.7,992.6,100,0.0,153,89.4,92.7,639.0,47.5,8.3,31.0,2.0,4,7
2026-04-06 08:00:00,21.1,61,9.4,993.8,99,0.0,155,71.2,75.0,640.0,36.1,7.8,52.0,3.0,4,8
2026-04-06 09:00:00,23.1,53,2.2,993.9,83,0.0,156,43.7,49.4,539.0,24.9,9.4,79.0,9.0,4,9
2026-04-06 10:00:00,25.8,45,8.0,994.4,45,0.0,157,27.4,35.9,390.0,13.7,11.8,109.0,17.0,4,10
2026-04-06 11:00:00,26.6,41,11.7,994.5,56,0.2,157,19.9,32.0,280.0,5.6,13.1,132.0,23.0,4,11
2026-04-06 12:00:00,27.2,41,4.4,993.9,41,0.4,157,18.8,31.8,245.0,2.4,11.9,144.0,24.0,4,12
2026-04-06 13:00:00,28.7,36,4.8,992.6,30,0.0,157,18.2,30.9,247.0,2.2,9.4,149.0,23.0,4,13
2026-04-06 14:00:00,29.5,34,3.6,991.4,98,0.0,157,16.8,28.5,262.0,2.6,7.3,152.0,22.0,4,14
2026-04-06 15:00:00,22.4,70,19.6,991.7,99,8.0,157,16.2,27.0,268.0,2.0,6.1,154.0,21.0,4,15
2026-04-06 16:00:00,21.9,74,8.2,990.2,88,1.3,157,16.4,26.7,286.0,2.0,5.4,154.0,20.0,4,16
2026-04-06 17:00:00,27.1,40,1.9,989.2,77,0.0,157,16.2,31.0,350.0,3.5,3.7,138.0,28.0,4,17
2026-04-06 18:00:00,26.4,42,10.7,989.2,57,0.0,158,22.6,33.2,510.0,6.7,3.8,127.0,24.0,4,18
2026-04-06 19:00:00,24.3,55,9.4,989.2,45,0.0,158,29.9,38.2,716.0,11.0,4.0,111.0,17.0,4,19
2026-04-06 20:00:00,23.4,59,9.5,989.5,25,0.0,157,25.0,32.0,849.0,13.6,4.1,100.0,13.0,4,20
2026-04-06 21:00:00,22.7,65,7.1,990.3,20,0.0,156,19.4,26.5,855.0,13.0,3.9,97.0,12.0,4,21
2026-04-06 22:00:00,21.7,70,8.7,990.5,36,0.0,155,16.7,24.0,788.0,10.7,3.6,98.0,12.0,4,22
2026-04-06 23:00:00,21.4,75,10.4,989.9,100,0.0,152,17.0,23.9,695.0,8.9,3.3,99.0,13.0,4,23
2026-04-07 00:00:00,20.8,76,10.3,990.1,100,0.0,147,17.4,22.9,570.0,8.2,3.2,98.0,14.0,4,0
2026-04-07 01:00:00,20.3,77,12.2,989.6,100,0.0,136,16.8,21.6,419.0,8.0,3.2,96.0,15.0,4,1
2026-04-07 02:00:00,19.9,76,12.0,989.5,100,0.2,124,15.8,25.3,310.0,8.1,3.2,93.0,17.0,4,2
2026-04-07 03:00:00,18.6,84,11.5,989.0,99,0.4,113,16.5,33.5,268.0,8.8,3.0,87.0,19.0,4,3
2026-04-07 04:00:00,18.1,88,12.1,988.6,100,0.1,101,17.8,32.6,269.0,9.7,2.8,81.0,21.0,4,4
2026-04-07 05:00:00,17.7,98,8.8,989.5,100,0.6,93,31.3,31.3,305.0,11.3,8.2,74.0,0.0,4,5
2026-04-07 06:00:00,17.7,98,7.4,989.7,100,0.5,88,19.7,20.6,411.0,11.7,7.4,75.0,0.0,4,6
2026-04-07 07:00:00,17.7,97,8.4,989.2,100,0.5,82,20.6,22.3,552.0,12.0,6.3,78.0,0.0,4,7
2026-04-07 08:00:00,18.2,94,5.9,990.4,0,0.2,76,22.8,24.7,621.0,11.5,5.5,83.0,4.0,4,8
2026-04-07 09:00:00,20.4,78,7.4,990.5,23,0.0,73,25.6,28.3,545.0,9.1,5.4,93.0,21.0,4,9
2026-04-07 10:00:00,22.5,63,7.9,990.3,59,0.0,71,25.7,38.0,397.0,5.8,5.6,107.0,44.0,4,10
2026-04-07 11:00:00,21.6,66,5.4,991.1,99,0.0,71,23.9,60.1,287.0,3.3,5.7,119.0,67.0,4,11
2026-04-07 12:00:00,22.5,63,7.1,990.7,98,0.1,71,26.4,84.3,260.0,2.2,5.5,129.0,92.0,4,12
2026-04-07 13:00:00,23.5,58,7.6,989.8,91,0.0,72,28.2,97.6,272.0,1.8,5.2,137.0,118.0,4,13
2026-04-07 14:00:00,24.6,54,7.7,988.8,29,0.0,73,29.3,101.0,298.0,2.0,5.1,142.0,133.0,4,14
2026-04-07 15:00:00,24.9,53,8.1,987.7,40,0.0,74,29.9,100.4,337.0,2.4,5.4,146.0,129.0,4,15
2026-04-07 16:00:00,24.4,52,10.9,987.3,48,0.0,75,27.4,88.7,390.0,3.2,5.8,147.0,114.0,4,16
2026-04-07 17:00:00,23.9,49,3.8,987.2,20,0.0,84,27.0,92.4,434.0,3.6,1.6,123.0,121.0,4,17
2026-04-07 18:00:00,23.2,54,3.3,987.6,43,0.0,90,28.2,91.0,463.0,14.2,3.4,103.0,109.0,4,18
2026-04-07 19:00:00,21.9,67,9.1,988.1,5,0.0,89,39.9,89.4,483.0,28.6,5.8,76.0,92.0,4,19
2026-04-07 20:00:00,19.7,71,15.3,988.9,48,0.0,80,53.6,94.3,486.0,37.2,7.5,57.0,73.0,4,20
2026-04-07 21:00:00,15.3,92,18.6,991.5,98,5.6,80,42.3,65.9,465.0,34.4,7.8,55.0,52.0,4,21
2026-04-07 22:00:00,15.7,90,10.6,990.7,21,0.1,82,36.9,49.7,429.0,25.9,7.4,61.0,31.0,4,22
2026-04-07 23:00:00,16.5,91,9.5,990.3,1,0.0,83,35.9,44.0,392.0,19.4,6.8,64.0,15.0,4,23
2026-04-08 00:00:00,16.4,91,9.9,990.8,0,0.0,85,34.1,39.9,359.0,17.8,6.2,61.0,8.0,4,0
2026-04-08 01:00:00,15.9,93,9.7,990.7,11,0.0,86,33.8,38.6,325.0,18.1,5.4,55.0,8.0,4,1
2026-04-08 02:00:00,15.5,94,11.2,990.5,2,0.0,87,35.0,40.0,301.0,19.5,4.9,49.0,9.0,4,2
2026-04-08 03:00:00,15.0,95,11.4,990.9,0,0.0,89,38.1,44.7,284.0,22.7,5.0,42.0,12.0,4,3
2026-04-08 04:00:00,14.8,95,10.5,990.5,0,0.0,91,42.8,51.6,276.0,26.9,5.5,35.0,17.0,4,4
2026-04-08 05:00:00,14.6,96,9.5,989.8,2,0.0,93,29.6,54.8,289.0,13.8,4.4,62.0,46.0,4,5
2026-04-08 06:00:00,14.6,95,10.6,990.5,1,0.0,93,34.2,60.1,345.0,13.5,4.9,65.0,44.0,4,6
2026-04-08 07:00:00,15.1,92,7.6,991.5,0,0.0,94,42.6,59.6,422.0,12.9,5.6,69.0,43.0,4,7
2026-04-08 08:00:00,16.8,83,7.1,992.1,2,0.0,95,33.8,59.1,469.0,11.6,5.7,78.0,45.0,4,8
2026-04-08 09:00:00,18.7,77,5.2,992.6,2,0.0,96,31.7,71.5,459.0,8.7,4.8,96.0,55.0,4,9
2026-04-08 10:00:00,20.5,71,4.3,993.2,8,0.0,97,28.6,70.3,418.0,5.1,3.4,118.0,70.0,4,10
2026-04-08 11:00:00,21.0,66,2.4,993.4,27,0.1,97,26.5,71.2,378.0,2.4,2.5,136.0,81.0,4,11
2026-04-08 12:00:00,22.5,58,4.9,993.2,16,0.1,97,25.7,72.2,344.0,1.5,2.7,145.0,86.0,4,12
2026-04-08 13:00:00,23.3,53,5.4,992.8,9,0.0,97,24.4,69.8,311.0,1.6,3.5,150.0,87.0,4,13
2026-04-08 14:00:00,23.9,49,4.5,992.1,13,0.0,97,24.3,71.0,293.0,1.9,4.1,153.0,87.0,4,14
2026-04-08 15:00:00,24.3,48,2.2,991.1,17,0.0,96,24.4,71.9,287.0,1.8,4.4,156.0,88.0,4,15
2026-04-08 16:00:00,24.5,46,2.1,990.7,5,0.0,96,23.9,69.8,296.0,1.9,4.5,157.0,87.0,4,16
2026-04-08 17:00:00,25.6,35,2.6,990.6,4,0.0,103,18.0,41.2,338.0,3.7,8.7,153.0,44.0,4,17
2026-04-08 18:00:00,24.2,48,6.1,991.1,5,0.0,115,23.7,41.8,449.0,9.9,8.1,132.0,39.0,4,18
2026-04-08 19:00:00,22.3,55,7.2,991.5,5,0.0,118,36.6,52.4,594.0,18.3,7.2,103.0,31.0,4,19
2026-04-08 20:00:00,21.6,57,3.7,992.3,1,0.0,111,38.8,52.5,681.0,23.6,6.5,82.0,26.0,4,20
2026-04-08 21:00:00,20.7,62,8.2,993.4,0,0.0,98,38.2,51.3,657.0,22.9,6.2,76.0,25.0,4,21
2026-04-08 22:00:00,18.9,67,9.6,994.0,0,0.0,93,37.0,50.8,575.0,19.1,6.2,77.0,25.0,4,22
2026-04-08 23:00:00,19.2,72,8.7,993.8,0,0.0,93,35.0,48.8,505.0,16.0,6.1,78.0,25.0,4,23
2026-04-09 00:00:00,19.2,72,9.2,994.0,0,0.0,93,32.8,45.4,466.0,14.7,5.8,76.0,22.0,4,0
2026-04-09 01:00:00,18.7,72,10.5,994.2,0,0.0,93,33.3,44.0,439.0,14.0,5.5,74.0,19.0,4,1
2026-04-09 02:00:00,18.2,73,10.8,994.2,0,0.0,93,35.4,44.2,431.0,14.0,5.4,70.0,16.0,4,2
2026-04-09 03:00:00,17.6,75,10.4,994.6,0,0.0,93,38.1,45.6,451.0,15.1,5.5,63.0,14.0,4,3
2026-04-09 04:00:00,17.1,80,10.2,995.1,0,0.0,93,40.7,47.5,490.0,16.8,5.8,56.0,13.0,4,4
2026-04-09 05:00:00,17.0,81,11.7,995.3,5,0.0,93,53.2,70.3,532.0,27.5,5.2,32.0,31.0,4,5
2026-04-09 06:00:00,16.7,84,10.6,996.2,0,0.0,94,53.4,68.5,585.0,25.0,5.7,36.0,27.0,4,6
2026-04-09 07:00:00,17.0,82,8.8,997.4,0,0.0,96,56.7,69.2,641.0,21.3,6.3,42.0,23.0,4,7
2026-04-09 08:00:00,18.4,77,5.3,998.3,2,0.0,97,53.6,74.0,658.0,17.3,6.9,56.0,36.0,4,8
2026-04-09 09:00:00,20.5,70,6.9,998.8,3,0.0,99,48.5,100.4,605.0,12.5,7.4,86.0,84.0,4,9
2026-04-09 10:00:00,22.7,61,6.4,999.3,1,0.0,100,50.9,139.2,513.0,7.4,7.9,123.0,149.0,4,10
2026-04-09 11:00:00,24.9,55,5.3,999.1,4,0.0,102,51.2,154.6,437.0,3.6,8.2,152.0,189.0,4,11
2026-04-09 12:00:00,25.9,47,2.4,998.9,24,0.0,105,45.3,139.2,395.0,2.0,8.1,163.0,180.0,4,12
2026-04-09 13:00:00,26.7,43,3.1,998.5,13,0.0,107,36.3,108.7,369.0,1.8,7.8,166.0,147.0,4,13
2026-04-09 14:00:00,27.2,39,3.9,997.5,14,0.0,108,32.7,96.4,355.0,1.9,7.6,166.0,119.0,4,14
2026-04-09 15:00:00,27.2,37,3.6,996.7,6,0.0,109,31.4,91.5,339.0,1.7,7.5,168.0,110.0,4,15
2026-04-09 16:00:00,27.3,36,1.9,996.3,13,0.0,110,30.9,87.8,336.0,1.8,7.5,168.0,106.0,4,16
2026-04-09 17:00:00,27.2,32,6.3,996.3,1,0.0,120,18.7,37.3,386.0,3.2,6.9,147.0,35.0,4,17
2026-04-09 18:00:00,25.5,43,9.3,996.5,1,0.0,133,22.5,36.4,544.0,12.2,7.2,125.0,32.0,4,18
2026-04-09 19:00:00,24.1,46,6.6,997.0,4,0.0,133,35.0,48.0,755.0,24.5,7.5,94.0,28.0,4,19
2026-04-09 20:00:00,23.3,51,6.6,998.0,1,0.0,121,49.4,62.2,892.0,32.7,7.7,71.0,24.0,4,20
2026-04-09 21:00:00,21.7,57,11.1,998.3,5,0.0,111,56.5,68.7,893.0,33.1,7.6,63.0,22.0,4,21
2026-04-09 22:00:00,20.5,61,11.1,998.8,3,0.0,113,54.2,65.9,819.0,29.4,7.4,63.0,21.0,4,22
2026-04-09 23:00:00,20.6,64,11.3,999.4,3,0.0,115,49.5,60.3,729.0,25.7,7.0,63.0,20.0,4,23
2026-04-10 00:00:00,20.9,62,11.1,999.5,5,0.0,116,43.5,53.9,620.0,23.2,6.4,61.0,19.0,4,0
2026-04-10 01:00:00,20.3,64,10.5,999.4,9,0.0,118,39.8,49.6,494.0,20.8,5.6,59.0,18.0,4,1
2026-04-10 02:00:00,19.7,65,10.0,998.7,4,0.0,118,37.8,46.9,413.0,19.1,5.1,57.0,17.0,4,2
2026-04-10 03:00:00,19.2,67,10.6,998.3,28,0.0,119,37.0,45.6,406.0,18.6,4.9,55.0,16.0,4,3
2026-04-10 04:00:00,18.7,68,9.6,998.2,66,0.0,118,36.8,45.1,445.0,18.8,5.0,52.0,16.0,4,4
2026-04-10 05:00:00,18.5,71,9.3,998.1,87,0.0,118,36.4,42.6,508.0,16.1,5.8,59.0,11.0,4,5
2026-04-10 06:00:00,18.6,73,6.1,998.8,91,0.0,116,36.8,42.7,625.0,16.2,6.2,61.0,11.0,4,6
2026-04-10 07:00:00,18.8,75,4.8,1000.0,27,0.0,115,41.0,46.4,766.0,16.2,6.8,64.0,11.0,4,7
2026-04-10 08:00:00,20.7,68,3.4,1000.6,37,0.0,113,40.3,47.0,824.0,15.0,6.9,74.0,12.0,4,8
2026-04-10 09:00:00,23.0,60,2.8,1000.8,30,0.0,112,37.6,46.2,721.0,11.3,6.1,98.0,15.0,4,9
2026-04-10 10:00:00,25.1,50,3.3,1000.7,31,0.0,110,29.4,40.2,534.0,6.3,4.9,130.0,20.0,4,10
2026-04-10 11:00:00,26.5,43,2.0,1001.1,57,0.0,108,19.8,32.2,393.0,2.6,3.9,153.0,23.0,4,11
2026-04-10 12:00:00,27.6,41,0.9,1000.1,51,0.0,105,17.4,29.9,354.0,1.3,3.6,160.0,24.0,4,12
2026-04-10 13:00:00,28.5,39,0.7,999.0,9,0.0,102,16.5,28.9,360.0,1.3,3.5,158.0,24.0,4,13
2026-04-10 14:00:00,29.1,37,1.8,997.7,1,0.0,100,16.6,29.1,368.0,1.7,3.5,156.0,24.0,4,14
2026-04-10 15:00:00,29.4,36,3.5,996.6,15,0.0,99,17.1,30.0,337.0,1.6,3.5,158.0,25.0,4,15
2026-04-10 16:00:00,29.3,36,4.3,995.8,78,0.0,98,17.8,31.2,309.0,1.8,3.5,160.0,27.0,4,16
2026-04-10 17:00:00,28.4,37,6.0,995.4,89,0.0,116,10.7,16.4,364.0,3.5,3.2,164.0,11.0,4,17
2026-04-10 18:00:00,27.9,43,3.8,995.3,35,0.0,130,18.9,23.9,610.0,12.2,3.6,139.0,10.0,4,18
2026-04-10 19:00:00,26.4,52,4.6,995.4,100,0.0,132,35.7,39.8,940.0,24.1,4.2,105.0,8.0,4,19
2026-04-10 20:00:00,24.9,57,7.9,995.9,100,0.0,122,41.2,44.5,1115.0,31.7,4.6,80.0,6.0,4,20
2026-04-10 21:00:00,23.9,58,8.4,996.0,88,0.0,105,40.3,42.8,987.0,31.1,4.7,72.0,5.0,4,21
2026-04-10 22:00:00,23.2,58,9.4,996.2,79,0.0,94,36.8,38.6,704.0,26.2,4.7,74.0,3.0,4,22
2026-04-10 23:00:00,23.3,61,11.8,996.4,57,0.0,92,35.3,36.8,469.0,21.7,4.8,75.0,3.0,4,23
2026-04-11 00:00:00,21.6,74,14.9,997.0,81,0.0,91,34.2,35.4,356.0,18.8,5.1,74.0,3.0,4,0
2026-04-11 01:00:00,20.7,79,15.3,996.9,97,0.0,91,29.9,31.7,290.0,16.4,5.4,72.0,5.0,4,1
2026-04-11 02:00:00,20.0,82,9.2,996.3,20,0.0,90,26.1,29.7,255.0,15.3,5.6,70.0,7.0,4,2
2026-04-11 03:00:00,19.3,85,7.2,995.8,64,0.2,89,26.4,32.7,245.0,16.9,5.7,65.0,11.0,4,3
2026-04-11 04:00:00,19.2,87,6.6,995.1,37,0.0,88,28.2,37.4,266.0,19.9,5.6,60.0,16.0,4,4
2026-04-11 05:00:00,19.0,89,10.6,994.5,5,0.0,87,31.5,41.6,310.0,17.9,4.9,53.0,19.0,4,5
2026-04-11 06:00:00,18.9,90,7.1,994.3,5,0.0,87,29.9,44.6,403.0,16.7,5.0,56.0,27.0,4,6
2026-04-11 07:00:00,19.4,88,5.6,995.1,10,0.0,86,31.4,49.2,521.0,14.9,5.0,60.0,38.0,4,7
2026-04-11 08:00:00,20.8,82,4.2,995.8,0,0.0,86,32.9,61.7,583.0,12.6,5.2,72.0,51.0,4,8
2026-04-11 09:00:00,22.7,73,6.7,996.5,0,0.0,85,34.3,67.3,536.0,9.4,5.3,97.0,62.0,4,9
2026-04-11 10:00:00,24.9,60,5.2,996.5,0,0.0,85,32.8,72.9,432.0,5.7,5.5,128.0,74.0,4,10
2026-04-11 11:00:00,27.1,51,5.0,996.3,2,0.0,85,32.2,85.0,354.0,3.0,6.2,153.0,97.0,4,11
2026-04-11 12:00:00,28.2,47,3.8,995.6,1,0.0,86,37.4,119.7,337.0,2.0,7.8,166.0,144.0,4,12
2026-04-11 13:00:00,29.2,43,3.7,994.6,7,0.0,88,42.5,155.1,345.0,1.9,9.9,172.0,203.0,4,13
2026-04-11 14:00:00,29.8,39,5.3,993.7,19,0.0,90,45.2,174.6,348.0,2.2,11.4,175.0,244.0,4,14
2026-04-11 15:00:00,30.0,36,7.6,993.3,20,0.0,92,46.7,184.9,316.0,2.3,12.1,176.0,258.0,4,15
2026-04-11 16:00:00,30.0,35,6.1,992.8,9,0.0,109,46.7,183.0,279.0,2.7,12.3,174.0,254.0,4,16
2026-04-11 17:00:00,30.3,29,5.4,992.0,3,0.0,130,28.2,107.6,292.0,4.2,10.5,153.0,150.0,4,17
2026-04-11 18:00:00,29.3,35,5.2,992.5,5,0.0,142,31.2,84.5,412.0,9.2,9.0,132.0,125.0,4,18
2026-04-11 19:00:00,27.1,43,11.3,992.9,96,0.0,143,36.4,78.2,582.0,16.1,7.0,104.0,91.0,4,19
2026-04-11 20:00:00,25.8,45,10.9,993.5,100,0.0,133,37.4,73.8,690.0,20.5,5.5,83.0,67.0,4,20
2026-04-11 21:00:00,24.8,48,10.6,994.2,84,0.0,115,36.8,73.8,677.0,20.1,5.0,77.0,65.0,4,21
2026-04-11 22:00:00,23.9,51,10.9,994.3,95,0.0,98,36.3,76.6,602.0,17.3,4.9,77.0,73.0,4,22
2026-04-11 23:00:00,23.8,61,8.9,994.0,17,0.0,98,35.2,78.2,527.0,14.9,4.9,78.0,80.0,4,23
2026-04-12 00:00:00,23.5,62,8.8,994.0,20,0.0,98,32.9,77.3,463.0,13.7,4.7,77.0,81.0,4,0
2026-04-12 01:00:00,23.1,61,9.5,993.5,23,0.0,98,31.3,75.0,399.0,13.1,4.5,76.0,79.0,4,1
2026-04-12 02:00:00,22.8,61,9.4,992.9,95,0.0,98,30.7,73.1,368.0,13.6,4.4,72.0,78.0,4,2
2026-04-12 03:00:00,22.3,62,8.5,992.6,87,0.0,99,31.8,73.6,382.0,16.6,4.3,62.0,77.0,4,3
2026-04-12 04:00:00,21.7,64,9.1,992.2,84,0.0,99,34.3,76.1,429.0,20.9,4.3,50.0,75.0,4,4
2026-04-12 05:00:00,20.8,73,6.2,992.4,99,0.0,100,42.6,98.5,498.0,26.1,5.0,45.0,102.0,4,5
2026-04-12 06:00:00,20.7,75,6.1,993.0,54,0.0,101,46.9,99.0,624.0,24.7,5.6,46.0,93.0,4,6
2026-04-12 07:00:00,21.1,74,6.2,993.5,7,0.0,102,53.6,89.9,773.0,22.5,6.3,48.0,81.0,4,7
2026-04-12 08:00:00,23.2,65,2.7,994.2,55,0.0,105,47.4,88.7,836.0,19.3,6.7,59.0,75.0,4,8
2026-04-12 09:00:00,26.0,55,1.6,994.5,55,0.0,106,45.4,94.1,735.0,14.1,6.1,88.0,82.0,4,9
2026-04-12 10:00:00,28.3,45,0.8,994.6,0,0.0,107,41.4,96.2,549.0,7.9,5.1,127.0,95.0,4,10
2026-04-12 11:00:00,30.3,36,1.2,994.6,7,0.0,108,33.9,90.8,403.0,3.3,4.8,157.0,105.0,4,11
2026-04-12 12:00:00,31.4,33,2.4,994.0,9,0.0,108,29.7,83.6,353.0,1.7,6.0,170.0,107.0,4,12
2026-04-12 13:00:00,32.0,30,3.6,993.0,9,0.0,108,28.3,82.9,344.0,1.7,7.8,173.0,106.0,4,13
2026-04-12 14:00:00,32.5,28,5.7,992.1,9,0.0,106,27.5,81.0,339.0,2.1,9.4,175.0,103.0,4,14
2026-04-12 15:00:00,32.8,25,6.7,991.3,5,0.0,104,27.4,78.9,273.0,2.2,10.4,179.0,100.0,4,15
2026-04-12 16:00:00,32.6,23,6.4,990.6,2,0.0,106,28.1,77.1,211.0,2.8,11.0,180.0,95.0,4,16
2026-04-12 17:00:00,32.4,25,4.5,990.3,9,0.0,132,15.9,32.5,308.0,3.9,9.6,169.0,32.0,4,17
2026-04-12 18:00:00,31.5,26,2.9,990.6,1,0.0,149,24.8,37.1,746.0,10.7,8.8,145.0,28.0,4,18
2026-04-12 19:00:00,29.3,33,3.2,991.1,0,0.0,152,33.6,43.7,1344.0,20.0,7.7,112.0,22.0,4,19
2026-04-12 20:00:00,28.1,39,4.4,991.5,0,0.0,144,36.4,45.4,1714.0,26.7,6.9,86.0,17.0,4,20
2026-04-12 21:00:00,27.3,41,7.1,992.0,0,0.0,126,35.9,44.6,1642.0,28.3,6.7,74.0,16.0,4,21
2026-04-12 22:00:00,26.6,44,8.7,992.2,0,0.0,105,39.2,48.0,1343.0,27.3,6.7,68.0,16.0,4,22
2026-04-12 23:00:00,25.6,52,10.3,991.9,2,0.0,99,43.2,52.3,1067.0,26.5,6.6,63.0,16.0,4,23
2026-04-13 00:00:00,25.0,53,10.9,991.6,2,0.0,99,43.2,52.9,888.0,26.8,6.3,57.0,16.0,4,0
2026-04-13 01:00:00,24.1,54,9.7,991.3,31,0.0,100,43.4,53.0,733.0,27.3,5.8,52.0,16.0,4,1
2026-04-13 02:00:00,23.3,55,9.9,991.0,98,0.0,101,41.9,51.3,636.0,27.5,5.5,48.0,16.0,4,2
2026-04-13 03:00:00,23.1,54,9.3,991.0,98,0.0,102,40.0,48.8,621.0,27.3,5.3,45.0,15.0,4,3
2026-04-13 04:00:00,22.7,54,7.6,991.3,100,0.0,103,38.2,46.2,664.0,26.7,5.1,44.0,13.0,4,4
2026-04-13 05:00:00,22.7,58,9.1,991.2,14,0.0,104,30.5,38.4,724.0,19.6,4.7,61.0,14.0,4,5
2026-04-13 06:00:00,22.5,57,7.9,992.0,17,0.0,102,32.1,39.7,820.0,19.5,4.8,60.0,13.0,4,6
2026-04-13 07:00:00,22.8,56,3.9,992.8,12,0.0,101,36.2,43.3,933.0,19.2,4.9,59.0,13.0,4,7
2026-04-13 08:00:00,24.6,50,0.7,993.8,0,0.0,99,34.7,43.3,961.0,17.6,5.0,68.0,14.0,4,8
2026-04-13 09:00:00,27.0,41,1.1,994.1,35,0.0,98,31.2,44.8,830.0,13.3,5.3,96.0,18.0,4,9
2026-04-13 10:00:00,29.6,34,2.9,994.1,81,0.0,97,26.7,41.9,613.0,7.7,5.7,134.0,24.0,4,10
2026-04-13 11:00:00,32.3,28,5.6,994.1,27,0.0,96,21.2,36.2,435.0,3.5,5.8,161.0,28.0,4,11
2026-04-13 12:00:00,33.9,22,8.6,993.4,98,0.0,95,15.6,29.6,341.0,1.6,5.4,168.0,30.0,4,12
2026-04-13 13:00:00,34.4,20,8.6,992.4,98,0.0,94,13.2,28.7,285.0,1.1,4.7,164.0,31.0,4,13
2026-04-13 14:00:00,35.2,18,8.3,991.6,99,0.0,93,12.0,27.6,251.0,1.6,4.2,158.0,31.0,4,14
2026-04-13 15:00:00,35.5,17,7.3,991.1,100,0.0,92,11.2,26.3,188.0,3.2,3.8,152.0,29.0,4,15
2026-04-13 16:00:00,35.4,16,4.7,990.5,41,0.0,101,11.0,25.6,146.0,5.8,3.6,143.0,26.0,4,16
2026-04-13 17:00:00,35.1,16,6.8,990.3,27,0.0,117,12.2,19.2,266.0,7.7,4.1,145.0,13.0,4,17
2026-04-13 18:00:00,33.8,19,6.1,990.4,93,0.0,127,18.6,24.3,733.0,11.1,4.6,132.0,12.0,4,18
2026-04-13 19:00:00,31.3,29,7.9,990.9,27,0.0,127,24.3,29.2,1361.0,15.7,5.4,115.0,10.0,4,19
2026-04-13 20:00:00,29.6,36,8.8,991.4,98,0.0,117,26.1,30.9,1730.0,18.7,6.3,102.0,9.0,4,20
2026-04-13 21:00:00,28.2,39,11.4,992.1,8,0.0,103,26.6,31.7,1595.0,18.4,7.4,98.0,9.0,4,21
2026-04-13 22:00:00,26.3,43,11.8,992.3,5,0.0,89,27.4,32.7,1201.0,16.6,8.7,99.0,10.0,4,22
2026-04-13 23:00:00,26.2,42,12.9,992.3,31,0.0,85,27.3,32.8,864.0,15.3,9.4,98.0,11.0,4,23
2026-04-14 00:00:00,25.9,44,12.9,992.3,25,0.0,84,25.6,31.0,691.0,15.5,9.1,93.0,11.0,4,0
2026-04-14 01:00:00,25.6,45,11.1,991.7,41,0.0,82,24.8,29.9,576.0,16.4,8.3,86.0,10.0,4,1
2026-04-14 02:00:00,25.4,46,9.3,991.5,69,0.0,81,25.4,30.2,513.0,17.3,7.6,79.0,9.0,4,2
2026-04-14 03:00:00,24.9,48,8.7,991.1,19,0.0,80,26.8,30.7,513.0,18.2,7.1,71.0,7.0,4,3
2026-04-14 04:00:00,23.7,53,10.4,991.2,0,0.0,79,27.2,30.2,566.0,19.1,6.6,64.0,6.0,4,4
2026-04-14 05:00:00,22.7,59,9.8,991.6,0,0.0,78,39.9,41.0,632.0,24.7,6.6,45.0,2.0,4,5
2026-04-14 06:00:00,22.3,61,10.2,992.1,0,0.0,78,39.5,40.6,728.0,23.4,6.9,48.0,2.0,4,6
2026-04-14 07:00:00,23.0,60,8.3,992.9,0,0.0,79,41.1,41.8,836.0,21.5,7.2,55.0,1.0,4,7
2026-04-14 08:00:00,25.2,53,4.6,993.6,0,0.0,79,38.4,39.0,869.0,18.6,7.7,71.0,1.0,4,8
2026-04-14 09:00:00,27.9,45,4.5,994.0,0,0.0,80,32.1,32.5,758.0,13.8,8.5,107.0,2.0,4,9
2026-04-14 10:00:00,30.5,38,5.5,993.8,0,0.0,80,27.6,28.9,570.0,7.9,9.3,153.0,4.0,4,10
2026-04-14 11:00:00,33.1,28,6.0,993.8,0,0.0,80,20.7,23.7,421.0,3.6,9.5,185.0,6.0,4,11
2026-04-14 12:00:00,34.5,23,5.2,993.1,0,0.0,80,16.4,21.9,355.0,1.8,8.6,192.0,10.0,4,12
2026-04-14 13:00:00,35.3,22,5.3,992.2,0,0.0,80,15.5,23.6,328.0,1.5,7.0,184.0,15.0,4,13
2026-04-14 14:00:00,35.8,21,5.7,991.0,1,0.0,80,15.4,25.3,314.0,1.9,5.8,176.0,19.0,4,14
2026-04-14 15:00:00,36.0,20,7.0,990.2,7,0.0,105,15.3,26.8,295.0,2.7,5.4,171.0,21.0,4,15
2026-04-14 16:00:00,35.6,21,9.2,989.8,4,0.0,130,15.5,27.6,290.0,4.2,5.3,165.0,21.0,4,16
2026-04-14 17:00:00,35.4,20,10.3,989.3,0,0.0,150,6.5,9.8,333.0,5.8,5.6,168.0,7.0,4,17
2026-04-14 18:00:00,34.4,23,10.6,989.3,0,0.0,160,14.5,17.5,464.0,10.8,5.9,149.0,6.0,4,18
2026-04-14 19:00:00,32.5,29,11.8,989.5,0,0.0,159,22.8,24.9,642.0,17.7,6.4,123.0,5.0,4,19
2026-04-14 20:00:00,30.9,32,9.4,990.0,0,0.0,149,26.0,27.8,786.0,23.4,6.8,101.0,4.0,4,20
2026-04-14 21:00:00,29.6,36,8.2,990.6,0,0.0,130,29.2,31.3,866.0,26.1,7.2,89.0,5.0,4,21
2026-04-14 22:00:00,28.0,42,10.9,990.6,0,0.0,109,34.9,38.3,911.0,27.6,7.7,82.0,6.0,4,22
2026-04-14 23:00:00,26.6,51,11.1,990.8,0,0.0,89,41.0,45.5,924.0,29.5,8.0,75.0,7.0,4,23
2026-04-15 00:00:00,26.5,51,9.4,990.7,0,0.0,82,44.8,50.3,891.0,33.5,8.2,65.0,7.0,4,0
2026-04-15 01:00:00,26.3,50,6.8,990.2,0,0.0,83,48.7,54.7,826.0,38.0,8.3,55.0,7.0,4,1
2026-04-15 02:00:00,25.7,51,7.2,989.4,0,0.0,85,48.2,53.6,772.0,40.1,8.2,48.0,7.0,4,2
2026-04-15 03:00:00,24.9,53,7.8,988.9,0,0.0,87,45.4,49.4,734.0,37.9,7.8,47.0,7.0,4,3
2026-04-15 04:00:00,23.8,56,5.9,989.2,0,0.0,89,43.7,46.8,707.0,33.4,7.3,48.0,6.0,4,4
2026-04-15 05:00:00,24.5,60,7.5,988.8,0,0.0,90,55.4,61.0,724.0,44.2,8.0,28.0,7.0,4,5
2026-04-15 06:00:00,24.4,58,9.5,989.1,0,0.0,91,52.9,57.4,840.0,39.1,7.8,39.0,6.0,4,6
2026-04-15 07:00:00,24.8,56,6.6,990.1,56,0.0,92,52.9,56.3,1000.0,31.8,7.6,55.0,4.0,4,7
2026-04-15 08:00:00,26.9,50,2.5,990.8,5,0.0,93,48.1,51.2,1069.0,24.4,7.3,79.0,4.0,4,8
2026-04-15 09:00:00,29.4,43,3.1,991.3,30,0.0,94,40.2,43.3,962.0,16.9,6.8,120.0,4.0,4,9
2026-04-15 10:00:00,32.1,36,2.5,991.2,14,0.0,94,28.2,31.1,764.0,9.3,6.3,168.0,5.0,4,10
2026-04-15 11:00:00,34.5,28,1.7,991.2,100,0.0,95,19.1,24.8,594.0,3.8,6.3,202.0,11.0,4,11
2026-04-15 12:00:00,36.1,23,4.0,990.7,100,0.0,94,15.9,27.3,495.0,1.6,7.5,210.0,23.0,4,12
2026-04-15 13:00:00,36.9,21,6.5,989.9,61,0.0,94,17.2,37.8,423.0,1.5,9.3,204.0,40.0,4,13
2026-04-15 14:00:00,37.3,20,7.5,988.8,25,0.0,96,18.6,46.9,373.0,2.2,10.4,194.0,56.0,4,14
2026-04-15 15:00:00,37.3,19,7.8,987.9,28,0.0,129,19.0,56.1,304.0,2.5,10.2,183.0,72.0,4,15
2026-04-15 16:00:00,37.0,19,6.6,987.3,17,0.0,154,19.3,66.1,255.0,3.6,9.3,169.0,87.0,4,16
2026-04-15 17:00:00,37.0,16,7.1,987.1,9,0.0,169,21.7,61.2,340.0,7.4,11.3,169.0,78.0,4,17
2026-04-15 18:00:00,35.9,19,3.6,986.9,5,0.0,176,36.7,70.1,706.0,23.0,11.8,140.0,69.0,4,18
2026-04-15 19:00:00,34.0,23,6.1,987.1,2,0.0,172,56.7,86.6,1206.0,44.1,12.3,101.0,57.0,4,19
2026-04-15 20:00:00,32.5,27,6.1,987.4,0,0.0,156,69.6,93.6,1507.0,57.5,12.4,71.0,46.0,4,20
2026-04-15 21:00:00,31.5,29,3.1,988.2,0,0.0,128,68.9,87.3,1415.0,55.1,11.4,62.0,38.0,4,21
2026-04-15 22:00:00,30.0,34,4.4,988.2,10,0.0,110,65.7,81.0,1125.0,44.9,10.0,63.0,32.0,4,22
2026-04-15 23:00:00,29.4,35,8.1,987.8,0,0.0,113,63.1,77.8,889.0,37.7,8.7,62.0,28.0,4,23
2026-04-16 00:00:00,28.8,37,9.7,987.7,55,0.0,115,60.5,75.7,803.0,37.9,8.0,54.0,28.0,4,0
2026-04-16 01:00:00,27.9,41,10.6,987.2,94,0.0,117,62.4,78.9,772.0,41.1,7.5,44.0,31.0,4,1
2026-04-16 02:00:00,26.7,44,8.5,986.8,88,0.0,118,66.4,84.3,762.0,45.1,7.1,34.0,33.0,4,2
2026-04-16 03:00:00,25.2,47,7.6,986.8,98,0.0,120,69.8,89.2,750.0,51.1,6.6,21.0,33.0,4,3
2026-04-16 04:00:00,24.6,48,5.0,986.7,100,0.0,123,71.9,92.7,760.0,57.9,6.1,8.0,32.0,4,4
2026-04-16 05:00:00,25.7,55,0.7,986.5,100,0.0,126,62.4,85.0,823.0,55.4,6.6,16.0,38.0,4,5
2026-04-16 06:00:00,25.6,47,5.5,987.2,100,0.0,127,56.2,79.2,1019.0,47.1,6.4,27.0,37.0,4,6
2026-04-16 07:00:00,26.0,43,6.8,988.1,100,0.0,127,51.6,72.9,1270.0,35.4,6.2,43.0,35.0,4,7
2026-04-16 08:00:00,27.9,37,3.1,988.7,100,0.0,127,41.4,59.6,1370.0,24.9,6.2,64.0,32.0,4,8
2026-04-16 09:00:00,30.6,31,2.7,989.5,99,0.0,126,32.4,51.5,1183.0,16.7,6.9,97.0,26.0,4,9
2026-04-16 10:00:00,33.5,25,4.6,990.1,93,0.0,125,25.1,39.5,846.0,9.7,7.8,135.0,19.0,4,10
2026-04-16 11:00:00,35.4,24,6.0,990.3,98,0.0,125,21.2,30.9,568.0,4.6,8.3,162.0,19.0,4,11
2026-04-16 12:00:00,37.0,21,6.9,989.9,91,0.0,125,17.5,31.3,424.0,1.8,7.8,167.0,35.0,4,12
2026-04-16 13:00:00,38.4,17,7.6,989.3,95,0.0,125,14.5,45.6,338.0,1.0,6.9,161.0,58.0,4,13
2026-04-16 14:00:00,39.0,14,9.2,988.6,98,0.0,125,14.0,51.2,292.0,1.7,6.1,152.0,74.0,4,14
2026-04-16 15:00:00,39.1,14,9.3,987.8,98,0.0,125,14.3,52.7,298.0,2.7,5.4,145.0,74.0,4,15
2026-04-16 16:00:00,36.1,20,16.4,988.0,88,0.0,124,14.7,53.4,344.0,5.1,4.9,136.0,65.0,4,16
2026-04-16 17:00:00,36.0,21,12.2,987.1,92,0.0,124,22.5,57.7,378.0,13.3,6.4,121.0,69.0,4,17
2026-04-16 18:00:00,34.5,28,14.2,987.4,99,0.0,124,37.3,66.4,377.0,31.9,8.1,101.0,68.0,4,18
2026-04-16 19:00:00,32.7,31,15.7,987.5,100,0.0,124,60.1,93.6,365.0,57.3,10.4,74.0,66.0,4,19
2026-04-16 20:00:00,30.9,39,15.6,988.6,99,0.0,124,81.5,116.4,360.0,74.2,12.1,53.0,62.0,4,20
2026-04-16 21:00:00,29.6,39,15.5,989.4,99,0.0,125,96.6,129.9,378.0,75.4,12.5,42.0,56.0,4,21
2026-04-16 22:00:00,29.1,35,15.3,989.5,98,0.0,128,96.4,124.8,404.0,68.0,12.2,38.0,49.0,4,22
2026-04-16 23:00:00,29.1,31,16.1,989.7,97,0.0,131,80.6,105.0,412.0,58.4,11.6,38.0,42.0,4,23
2026-04-17 00:00:00,29.1,30,15.4,989.7,96,0.0,133,63.8,83.8,383.0,46.9,10.7,45.0,37.0,4,0
2026-04-17 01:00:00,27.9,31,16.4,989.4,91,0.0,134,51.7,67.8,337.0,33.1,9.6,58.0,33.0,4,1
2026-04-17 02:00:00,28.5,31,18.2,989.1,99,0.0,132,45.9,61.0,305.0,22.2,8.6,69.0,29.0,4,2
2026-04-17 03:00:00,28.9,33,17.8,989.3,100,0.0,130,41.1,54.7,300.0,16.2,8.0,77.0,24.0,4,3
2026-04-17 04:00:00,26.4,40,17.7,990.8,68,0.0,127,35.3,45.8,309.0,13.0,7.7,84.0,18.0,4,4
2026-04-17 05:00:00,28.6,36,15.9,989.1,39,0.0,124,34.9,49.4,326.0,16.3,8.3,76.0,27.0,4,5
2026-04-17 06:00:00,27.1,37,20.3,991.2,88,0.0,121,34.9,44.5,361.0,15.5,8.1,77.0,21.0,4,6
2026-04-17 07:00:00,26.4,50,20.2,991.4,95,0.2,118,32.2,38.3,403.0,14.3,7.8,80.0,14.0,4,7
2026-04-17 08:00:00,29.1,40,12.7,991.3,74,0.0,116,28.6,33.5,421.0,12.5,7.8,90.0,10.0,4,8
2026-04-17 09:00:00,31.2,37,10.6,992.3,3,0.0,115,24.3,31.8,390.0,9.6,8.3,113.0,14.0,4,9
2026-04-17 10:00:00,32.6,34,10.5,992.9,0,0.0,114,22.6,34.5,334.0,6.1,9.1,143.0,22.0,4,10
2026-04-17 11:00:00,33.1,32,14.1,993.0,0,0.0,114,21.4,36.3,288.0,3.4,9.5,166.0,29.0,4,11
2026-04-17 12:00:00,34.6,29,11.7,992.3,0,0.0,114,20.4,38.1,265.0,2.2,9.1,175.0,34.0,4,12
2026-04-17 13:00:00,36.1,26,11.5,991.6,13,0.0,114,20.4,40.4,252.0,1.8,8.3,177.0,39.0,4,13
2026-04-17 14:00:00,37.3,23,10.4,990.9,45,0.0,115,20.2,41.8,248.0,2.0,7.6,176.0,42.0,4,14
2026-04-17 15:00:00,37.8,19,9.4,990.2,43,0.0,116,20.0,42.8,254.0,2.4,7.2,175.0,43.0,4,15
2026-04-17 16:00:00,37.1,18,8.8,990.0,16,0.0,125,19.8,43.3,269.0,3.4,7.0,171.0,42.0,4,16
2026-04-17 17:00:00,37.5,15,12.5,989.0,26,0.0,142,13.6,24.4,289.0,5.8,5.9,160.0,21.0,4,17
2026-04-17 18:00:00,35.5,19,14.5,989.2,37,0.0,152,18.7,28.1,319.0,10.1,6.4,143.0,22.0,4,18
2026-04-17 19:00:00,33.0,23,16.8,990.0,31,0.0,152,23.3,33.5,355.0,16.0,7.0,120.0,23.0,4,19
2026-04-17 20:00:00,30.7,30,17.2,990.7,84,0.0,142,28.1,39.3,379.0,20.1,7.5,101.0,22.0,4,20
2026-04-17 21:00:00,29.7,29,15.2,991.7,100,0.0,127,32.0,43.7,383.0,21.1,7.7,88.0,18.0,4,21
2026-04-17 22:00:00,28.6,31,14.6,992.4,98,0.0,108,34.8,44.4,376.0,20.3,7.7,79.0,12.0,4,22
2026-04-17 23:00:00,28.0,37,13.8,992.5,100,0.0,93,29.4,33.4,367.0,18.3,7.5,76.0,8.0,4,23
2026-04-18 00:00:00,27.2,41,14.1,992.6,100,0.0,89,19.0,22.0,358.0,14.3,6.9,83.0,8.0,4,0
2026-04-18 01:00:00,26.2,46,14.0,992.4,100,0.0,86,14.3,18.4,347.0,9.1,6.0,97.0,9.0,4,1
2026-04-18 02:00:00,25.1,52,13.7,992.1,68,0.0,83,14.0,20.0,332.0,5.4,5.4,106.0,11.0,4,2
2026-04-18 03:00:00,23.8,62,13.8,992.5,95,0.0,80,15.4,22.6,307.0,4.4,5.4,107.0,12.0,4,3
2026-04-18 04:00:00,23.2,64,15.0,992.0,95,0.0,78,16.6,24.2,278.0,4.9,5.7,104.0,13.0,4,4
2026-04-18 05:00:00,23.3,65,17.9,992.0,52,0.0,77,20.4,36.4,268.0,6.5,6.1,98.0,30.0,4,5
2026-04-18 06:00:00,22.9,67,14.6,992.4,76,0.0,76,20.8,32.0,296.0,7.0,6.2,95.0,27.0,4,6
2026-04-18 07:00:00,23.3,67,11.2,993.3,80,0.0,75,22.6,32.0,342.0,7.6,6.5,92.0,22.0,4,7
2026-04-18 08:00:00,24.8,61,11.3,993.6,37,0.0,74,24.0,34.0,365.0,7.6,6.8,95.0,19.0,4,8
2026-04-18 09:00:00,26.8,53,13.3,994.3,0,0.0,74,24.0,34.7,339.0,6.3,7.4,109.0,15.0,4,9
2026-04-18 10:00:00,28.9,45,13.9,994.5,0,0.0,74,23.1,32.7,291.0,4.3,8.2,130.0,13.0,4,10
2026-04-18 11:00:00,30.8,38,14.8,994.7,5,0.0,74,22.2,32.1,253.0,2.8,8.6,146.0,19.0,4,11
2026-04-18 12:00:00,32.4,33,14.1,993.9,16,0.0,74,21.5,36.4,239.0,2.1,8.4,155.0,39.0,4,12
2026-04-18 13:00:00,33.6,30,13.1,993.1,98,0.0,74,21.9,51.3,237.0,1.9,7.9,160.0,68.0,4,13
2026-04-18 14:00:00,34.3,28,11.2,991.9,99,0.0,75,23.3,70.3,242.0,1.9,7.4,163.0,92.0,4,14
2026-04-18 15:00:00,34.9,27,9.1,990.9,99,0.0,90,24.9,82.2,256.0,1.6,7.0,166.0,109.0,4,15
2026-04-18 16:00:00,35.0,27,8.1,990.3,97,0.0,106,26.6,88.7,278.0,1.5,6.8,168.0,123.0,4,16
2026-04-18 17:00:00,35.2,24,7.2,989.7,100,0.0,121,15.8,53.3,298.0,3.2,4.9,160.0,73.0,4,17
2026-04-18 18:00:00,33.7,29,13.2,989.8,100,0.0,132,20.4,44.0,314.0,9.4,5.5,140.0,61.0,4,18
2026-04-18 19:00:00,31.8,33,14.9,990.6,92,0.0,134,27.3,45.9,328.0,17.8,6.3,113.0,44.0,4,19
2026-04-18 20:00:00,30.1,39,19.6,991.2,91,0.0,127,30.9,45.8,338.0,22.6,6.7,93.0,29.0,4,20
2026-04-18 21:00:00,28.6,43,22.9,992.5,90,0.0,114,29.7,41.7,344.0,20.4,6.3,87.0,19.0,4,21
2026-04-18 22:00:00,26.7,49,20.4,992.7,66,0.0,98,26.3,35.6,347.0,14.6,5.5,89.0,12.0,4,22
2026-04-18 23:00:00,26.1,52,17.3,992.3,91,0.0,83,19.6,24.0,343.0,9.7,4.8,92.0,8.0,4,23
2026-04-19 00:00:00,25.7,53,14.3,992.1,100,0.0,74,13.6,15.0,329.0,7.3,4.5,96.0,7.0,4,0
2026-04-19 01:00:00,25.1,56,12.6,991.7,100,0.0,74,12.8,16.1,308.0,5.9,4.4,103.0,9.0,4,1
2026-04-19 02:00:00,24.3,59,13.0,991.4,100,0.0,74,14.1,20.5,294.0,5.2,4.4,106.0,12.0,4,2
2026-04-19 03:00:00,23.4,63,12.0,991.4,100,0.0,74,15.8,25.1,288.0,5.3,4.6,104.0,15.0,4,3
2026-04-19 04:00:00,23.1,65,11.2,990.8,100,0.0,74,17.2,28.4,288.0,6.1,4.9,99.0,19.0,4,4
2026-04-19 05:00:00,23.4,71,10.5,990.5,98,0.0,74,18.0,27.7,299.0,7.3,4.4,92.0,18.0,4,5
2026-04-19 06:00:00,23.1,73,11.3,991.1,100,0.0,74,19.3,32.1,335.0,8.1,4.8,89.0,24.0,4,6
2026-04-19 07:00:00,23.4,72,9.2,991.8,100,0.0,73,22.1,38.3,382.0,9.2,5.3,85.0,33.0,4,7
2026-04-19 08:00:00,24.5,68,9.3,992.6,100,0.0,73,23.9,45.6,403.0,9.3,5.8,88.0,41.0,4,8
2026-04-19 09:00:00,26.6,58,9.3,993.0,98,0.0,73,24.7,51.5,374.0,7.6,6.1,103.0,48.0,4,9
2026-04-19 10:00:00,29.2,46,9.0,993.2,96,0.0,74,25.0,54.8,320.0,4.9,6.4,124.0,55.0,4,10
2026-04-19 11:00:00,31.8,36,9.5,993.1,66,0.0,74,23.6,54.5,278.0,2.9,6.5,141.0,60.0,4,11
2026-04-19 12:00:00,33.3,31,8.9,992.9,9,0.0,74,21.2,50.9,264.0,2.0,6.4,150.0,62.0,4,12
2026-04-19 13:00:00,34.2,29,8.3,992.5,48,0.0,74,20.1,49.7,263.0,1.7,6.1,155.0,61.0,4,13
2026-04-19 14:00:00,34.6,28,7.0,991.5,15,0.0,74,19.8,51.9,266.0,1.9,6.0,157.0,63.0,4,14
2026-04-19 15:00:00,35.2,25,3.5,990.5,42,0.0,80,20.2,55.9,259.0,2.2,6.3,156.0,71.0,4,15
2026-04-19 16:00:00,35.3,23,4.0,990.3,74,0.0,95,20.9,61.2,256.0,2.9,6.7,152.0,80.0,4,16
2026-04-19 17:00:00,35.6,19,7.0,989.6,62,0.0,109,14.8,33.2,298.0,4.0,7.3,160.0,36.0,4,17
2026-04-19 18:00:00,34.1,24,7.3,989.5,5,0.0,121,23.6,38.0,410.0,10.1,7.3,140.0,31.0,4,18
2026-04-19 19:00:00,32.5,29,3.0,990.0,0,0.0,124,32.6,44.0,567.0,18.5,7.3,113.0,25.0,4,19
2026-04-19 20:00:00,31.1,31,4.3,990.3,0,0.0,118,35.0,46.1,729.0,25.1,7.4,91.0,21.0,4,20
2026-04-19 21:00:00,30.0,35,4.6,991.0,0,0.0,106,36.2,48.0,898.0,27.4,7.6,80.0,23.0,4,21
2026-04-19 22:00:00,29.4,38,5.6,991.2,0,0.0,90,40.3,53.7,1072.0,27.9,7.9,74.0,27.0,4,22
2026-04-19 23:00:00,28.9,43,8.0,991.0,0,0.0,75,45.6,62.6,1206.0,29.6,8.2,67.0,32.0,4,23
2026-04-20 00:00:00,28.8,43,4.3,990.7,0,0.0,77,50.3,71.5,1296.0,35.0,8.6,57.0,37.0,4,0
2026-04-20 01:00:00,28.3,45,1.6,990.4,0,0.0,80,54.1,78.5,1346.0,41.6,8.9,46.0,42.0,4,1
2026-04-20 02:00:00,26.4,53,7.7,990.1,0,0.0,83,55.3,80.3,1325.0,44.6,8.9,39.0,44.0,4,2
2026-04-20 03:00:00,25.5,57,7.0,990.0,0,0.0,86,50.2,73.3,1185.0,40.7,8.3,38.0,42.0,4,3
2026-04-20 04:00:00,25.0,57,6.7,990.0,0,0.0,89,43.8,63.8,974.0,33.2,7.4,40.0,37.0,4,4
2026-04-20 05:00:00,24.3,63,8.3,990.1,0,0.0,91,59.6,86.6,808.0,46.3,7.7,29.0,47.0,4,5
2026-04-20 06:00:00,23.9,63,8.3,990.6,0,0.0,95,47.3,71.2,747.0,39.2,7.5,41.0,41.0,4,6
2026-04-20 07:00:00,24.5,61,6.6,991.4,0,0.0,97,44.5,64.3,730.0,29.3,7.3,58.0,33.0,4,7
2026-04-20 08:00:00,26.5,55,4.8,992.1,0,0.0,98,41.4,58.2,696.0,20.3,6.9,79.0,30.0,4,8
2026-04-20 09:00:00,29.4,46,2.7,992.5,5,0.0,100,36.6,56.7,610.0,13.3,6.1,106.0,36.0,4,9
2026-04-20 10:00:00,32.2,38,1.5,992.7,15,0.0,101,28.2,53.7,505.0,7.2,5.2,135.0,48.0,4,10
2026-04-20 11:00:00,33.9,31,0.2,992.4,92,0.0,101,22.4,53.7,420.0,3.0,4.9,157.0,60.0,4,11
2026-04-20 12:00:00,35.8,26,2.9,991.8,84,0.0,101,21.8,58.7,369.0,1.3,6.0,165.0,72.0,4,12
2026-04-20 13:00:00,36.9,23,6.3,991.1,85,0.0,101,22.3,65.0,338.0,1.4,7.7,166.0,85.0,4,13
2026-04-20 14:00:00,37.3,21,9.0,990.2,94,0.0,102,23.2,70.3,317.0,2.1,9.0,163.0,93.0,4,14
2026-04-20 15:00:00,37.1,21,9.7,989.3,30,0.0,102,23.7,72.4,272.0,2.7,9.2,160.0,95.0,4,15
2026-04-20 16:00:00,37.2,19,11.1,989.2,92,0.0,107,23.8,73.6,237.0,3.9,8.9,154.0,93.0,4,16
2026-04-20 17:00:00,37.1,16,8.2,988.5,4,0.0,123,21.1,55.4,309.0,4.8,9.5,160.0,67.0,4,17
2026-04-20 18:00:00,35.8,20,5.0,988.5,2,0.0,135,33.9,61.9,610.0,11.4,8.7,140.0,58.0,4,18
2026-04-20 19:00:00,33.9,24,1.3,988.7,1,0.0,136,43.2,65.7,1018.0,20.5,7.6,111.0,46.0,4,19
2026-04-20 20:00:00,33.0,26,3.9,989.5,0,0.0,126,42.7,61.9,1256.0,27.0,6.7,89.0,37.0,4,20
2026-04-20 21:00:00,31.7,28,8.7,990.2,0,0.0,110,40.5,59.8,1164.0,27.6,6.3,79.0,36.0,4,21
2026-04-20 22:00:00,30.3,32,10.1,990.4,0,0.0,107,41.6,62.2,902.0,25.5,6.0,75.0,38.0,4,22
2026-04-20 23:00:00,30.3,36,9.0,990.3,0,0.0,107,46.4,68.0,683.0,25.3,5.9,70.0,41.0,4,23
2026-04-21 00:00:00,29.5,39,10.7,990.0,50,0.0,107,49.7,73.3,579.0,29.7,5.8,60.0,45.0,4,0
2026-04-21 01:00:00,28.5,41,10.0,989.7,0,0.0,107,52.7,78.9,517.0,35.9,5.9,50.0,50.0,4,1
2026-04-21 02:00:00,28.1,42,9.3,989.2,0,0.0,107,57.2,85.9,488.0,40.0,5.9,41.0,52.0,4,2
2026-04-21 03:00:00,27.4,44,5.9,988.9,4,0.0,107,61.9,90.3,494.0,40.2,5.9,35.0,47.0,4,3
2026-04-21 04:00:00,26.2,49,5.4,988.9,5,0.0,108,57.3,80.3,534.0,38.2,5.8,32.0,39.0,4,4
2026-04-21 05:00:00,25.5,56,5.5,988.7,0,0.0,109,80.3,106.4,590.0,63.8,7.0,4.0,46.0,4,5
2026-04-21 06:00:00,25.4,57,5.4,989.1,88,0.0,112,73.3,95.7,689.0,55.4,7.1,18.0,39.0,4,6
2026-04-21 07:00:00,25.8,56,5.4,989.9,2,0.0,114,71.7,88.7,806.0,43.5,7.3,38.0,30.0,4,7
2026-04-21 08:00:00,28.1,50,3.1,990.6,2,0.0,117,64.7,81.0,846.0,32.0,7.3,65.0,28.0,4,8
2026-04-21 09:00:00,31.1,40,2.5,991.0,0,0.0,120,47.4,71.7,744.0,21.5,6.8,105.0,37.0,4,9
2026-04-21 10:00:00,34.0,32,0.9,991.1,0,0.0,121,35.3,66.1,566.0,11.5,6.2,152.0,52.0,4,10
2026-04-21 11:00:00,36.0,25,3.3,990.9,46,0.0,121,29.2,63.6,419.0,4.3,6.2,185.0,67.0,4,11
2026-04-21 12:00:00,37.7,21,6.6,990.3,38,0.0,122,27.6,67.1,343.0,1.5,7.4,193.0,80.0,4,12
2026-04-21 13:00:00,38.7,17,9.0,989.6,25,0.0,123,28.1,74.7,297.0,1.4,9.2,187.0,93.0,4,13
2026-04-21 14:00:00,39.3,15,10.4,988.5,27,0.0,123,26.5,76.1,269.0,2.2,10.2,178.0,99.0,4,14
2026-04-21 15:00:00,39.5,14,9.9,987.8,86,0.0,124,23.9,72.2,249.0,2.8,9.7,168.0,96.0,4,15
2026-04-21 16:00:00,39.4,13,9.0,987.4,99,0.0,129,22.4,69.4,247.0,4.1,8.4,155.0,87.0,4,16
2026-04-21 17:00:00,38.7,14,7.7,986.8,100,0.0,148,21.0,53.4,273.0,6.5,10.2,159.0,64.0,4,17
2026-04-21 18:00:00,37.7,16,9.3,987.0,100,0.0,157,31.4,61.5,344.0,18.8,10.3,134.0,58.0,4,18
2026-04-21 19:00:00,36.0,19,8.9,987.4,100,0.0,154,49.8,77.3,444.0,35.6,10.4,100.0,50.0,4,19
2026-04-21 20:00:00,35.0,21,7.5,987.6,96,0.0,138,63.3,87.1,539.0,48.1,10.3,72.0,43.0,4,20
2026-04-21 21:00:00,34.0,23,8.0,988.0,20,0.0,126,65.7,86.1,626.0,51.3,9.9,58.0,39.0,4,21
2026-04-21 22:00:00,33.5,23,4.9,988.3,9,0.0,129,70.1,89.9,708.0,50.1,9.4,50.0,37.0,4,22
2026-04-21 23:00:00,32.7,26,3.9,988.2,5,0.0,132,75.4,96.4,755.0,50.0,8.9,42.0,36.0,4,23
2026-04-22 00:00:00,31.0,30,7.2,988.1,31,0.0,135,76.8,99.0,748.0,53.5,8.4,32.0,35.0,4,0
2026-04-22 01:00:00,29.7,31,7.6,987.9,92,0.0,138,77.8,99.7,706.0,58.2,8.0,23.0,35.0,4,1
2026-04-22 02:00:00,28.4,33,6.6,987.5,32,0.0,140,77.5,98.3,657.0,61.8,7.6,16.0,35.0,4,2
2026-04-22 03:00:00,28.1,33,4.4,987.5,95,0.0,142,77.1,97.8,586.0,65.0,7.2,9.0,35.0,4,3
2026-04-22 04:00:00,27.8,32,6.6,987.2,84,0.0,144,76.6,97.6,508.0,67.1,6.9,4.0,35.0,4,4
2026-04-22 05:00:00,27.2,42,1.7,987.1,100,0.0,146,36.6,61.5,494.0,24.1,5.9,56.0,48.0,4,5
2026-04-22 06:00:00,26.8,38,5.9,987.8,7,0.0,141,33.5,57.0,622.0,23.0,6.0,55.0,43.0,4,6
2026-04-22 07:00:00,27.2,38,4.5,988.4,5,0.0,137,33.9,55.9,814.0,21.2,6.2,55.0,35.0,4,7
2026-04-22 08:00:00,29.5,32,3.1,989.0,20,0.0,133,36.2,52.7,911.0,18.7,6.8,65.0,32.0,4,8
2026-04-22 09:00:00,32.5,25,3.0,989.5,0,0.0,130,32.1,53.8,817.0,14.6,8.1,97.0,36.0,4,9
2026-04-22 10:00:00,35.0,21,4.8,989.5,0,0.0,129,30.9,52.4,627.0,9.8,9.8,139.0,44.0,4,10
2026-04-22 11:00:00,36.4,21,6.5,989.4,0,0.0,128,29.9,55.8,466.0,5.9,11.0,169.0,51.0,4,11
2026-04-22 12:00:00,38.1,20,7.6,988.9,0,0.0,128,28.9,63.3,379.0,3.7,11.4,175.0,57.0,4,12
2026-04-22 13:00:00,39.4,18,9.6,988.2,0,0.0,128,26.3,63.1,320.0,2.4,11.3,169.0,63.0,4,13
2026-04-22 14:00:00,40.2,15,11.6,987.3,2,0.0,128,21.8,53.6,279.0,2.1,10.7,160.0,64.0,4,14
2026-04-22 15:00:00,40.5,13,13.0,986.5,9,0.0,128,19.2,47.1,245.0,2.5,9.3,152.0,58.0,4,15
2026-04-22 16:00:00,40.4,12,12.5,985.8,43,0.0,127,18.2,43.9,228.0,3.9,7.3,140.0,47.0,4,16
2026-04-22 17:00:00,40.2,12,12.0,985.2,28,0.0,127,15.9,30.0,245.0,6.6,6.0,130.0,28.0,4,17
2026-04-22 18:00:00,39.1,13,12.5,985.4,48,0.0,129,24.0,34.8,317.0,14.5,6.3,113.0,25.0,4,18
2026-04-22 19:00:00,37.2,16,12.6,985.9,2,0.0,126,34.0,43.9,422.0,25.3,6.8,89.0,21.0,4,19
2026-04-22 20:00:00,36.5,16,10.7,986.5,0,0.0,124,41.0,50.9,513.0,33.2,7.1,70.0,19.0,4,20
2026-04-22 21:00:00,35.4,18,10.0,987.1,0,0.0,122,44.7,55.9,583.0,35.2,7.3,61.0,19.0,4,21
2026-04-22 22:00:00,34.0,20,11.5,987.4,0,0.0,119,48.1,60.5,639.0,34.4,7.3,56.0,21.0,4,22
2026-04-22 23:00:00,32.3,24,11.2,987.4,0,0.0,117,45.6,57.4,657.0,33.6,7.4,51.0,23.0,4,23
2026-04-23 00:00:00,31.9,25,10.6,987.4,18,0.0,114,42.0,56.8,607.0,33.2,7.4,45.0,27.0,4,0
2026-04-23 01:00:00,30.3,28,10.8,987.8,38,0.0,110,43.8,61.0,518.0,32.9,7.4,38.0,32.0,4,1
2026-04-23 02:00:00,28.5,34,11.8,987.4,5,0.0,107,44.0,62.2,458.0,34.7,7.5,31.0,35.0,4,2
2026-04-23 03:00:00,28.2,38,14.2,987.6,1,0.0,103,47.1,66.6,449.0,41.8,7.7,20.0,35.0,4,3
2026-04-23 04:00:00,27.9,44,12.4,987.8,93,0.0,100,54.9,73.6,468.0,51.1,8.1,8.0,34.0,4,4
2026-04-23 05:00:00,28.6,47,11.9,987.7,6,0.0,98,75.2,91.3,510.0,64.2,8.5,0.0,28.0,4,5
2026-04-23 06:00:00,27.8,49,9.3,988.4,17,0.0,102,75.0,90.8,605.0,54.7,8.4,12.0,23.0,4,6
2026-04-23 07:00:00,28.2,49,6.1,989.1,49,0.0,106,67.5,78.0,724.0,41.2,8.2,30.0,17.0,4,7
2026-04-23 08:00:00,29.8,46,7.9,990.1,41,0.0,110,52.3,59.6,770.0,29.0,8.4,56.0,14.0,4,8
2026-04-23 09:00:00,32.2,40,9.1,990.6,2,0.0,112,38.6,47.0,677.0,19.2,9.1,96.0,16.0,4,9
2026-04-23 10:00:00,34.5,34,7.5,990.8,26,0.0,112,34.2,44.9,512.0,10.7,10.2,144.0,21.0,4,10
2026-04-23 11:00:00,36.3,30,2.5,990.4,31,0.0,113,33.4,50.4,379.0,4.6,11.3,179.0,33.0,4,11
2026-04-23 12:00:00,38.2,26,5.7,990.1,0,0.0,113,33.9,58.3,319.0,2.1,12.7,191.0,57.0,4,12
2026-04-23 13:00:00,39.0,24,8.7,989.5,9,0.0,113,34.8,71.5,291.0,2.1,14.2,191.0,87.0,4,13
2026-04-23 14:00:00,38.9,22,3.7,989.2,53,0.0,114,34.2,89.9,279.0,2.9,14.8,185.0,110.0,4,14
2026-04-23 15:00:00,37.7,23,14.5,989.5,98,0.0,116,34.6,100.8,281.0,2.8,13.6,176.0,119.0,4,15
2026-04-23 16:00:00,35.2,28,10.4,989.7,98,0.0,126,34.8,108.7,299.0,3.4,11.5,162.0,119.0,4,16
2026-04-23 17:00:00,37.5,19,18.4,988.1,100,0.0,148,32.6,71.0,316.0,11.7,11.3,141.0,76.0,4,17
2026-04-23 18:00:00,33.5,30,7.8,988.0,100,0.0,156,42.5,83.6,313.0,24.8,12.8,119.0,83.0,4,18
2026-04-23 19:00:00,33.5,30,5.1,988.0,13,0.0,152,57.9,102.7,310.0,42.2,14.8,89.0,91.0,4,19
2026-04-23 20:00:00,32.7,31,11.0,988.7,38,0.0,133,67.8,114.8,345.0,51.1,15.4,67.0,91.0,4,20
2026-04-23 21:00:00,31.0,36,10.8,989.1,73,0.0,128,51.9,87.8,467.0,42.8,13.4,63.0,75.0,4,21
2026-04-23 22:00:00,30.3,40,11.0,989.1,40,0.0,129,32.1,52.3,628.0,26.0,10.0,68.0,51.0,4,22
2026-04-23 23:00:00,32.7,33,9.8,989.4,100,0.0,127,25.1,42.6,719.0,13.3,7.1,71.0,33.0,4,23
2026-04-24 00:00:00,32.2,35,9.9,989.0,100,0.0,125,22.7,39.1,674.0,10.2,5.3,69.0,28.0,4,0
2026-04-24 01:00:00,33.0,31,4.8,988.1,98,0.0,123,21.7,37.7,561.0,11.3,3.9,66.0,30.0,4,1
2026-04-24 02:00:00,32.1,33,6.1,987.5,5,0.0,120,21.8,39.1,470.0,12.6,3.0,62.0,32.0,4,2
2026-04-24 03:00:00,31.6,34,6.5,987.9,16,0.0,118,22.4,41.3,433.0,13.2,2.5,58.0,33.0,4,3
2026-04-24 04:00:00,29.8,38,5.1,988.3,24,0.0,116,23.2,43.2,419.0,14.1,2.4,53.0,35.0,4,4
2026-04-24 05:00:00,28.0,51,8.1,988.8,45,0.0,112,31.7,50.3,429.0,26.2,7.9,33.0,34.0,4,5
2026-04-24 06:00:00,28.1,51,7.9,989.2,11,0.0,108,32.0,50.9,486.0,23.9,7.0,37.0,34.0,4,6
2026-04-24 07:00:00,28.6,50,5.4,990.3,37,0.0,103,35.4,51.6,566.0,20.5,5.8,43.0,35.0,4,7
2026-04-24 08:00:00,30.0,46,3.4,990.9,19,0.0,100,33.4,55.4,603.0,16.8,4.9,57.0,40.0,4,8
2026-04-24 09:00:00,32.3,40,5.9,991.2,0,0.0,98,32.6,63.1,555.0,12.4,4.4,87.0,53.0,4,9
2026-04-24 10:00:00,34.9,33,6.0,991.3,14,0.0,98,32.9,71.7,462.0,7.7,4.2,124.0,70.0,4,10
2026-04-24 11:00:00,37.1,26,3.2,991.0,78,0.0,98,31.1,76.8,381.0,4.2,4.5,152.0,86.0,4,11
2026-04-24 12:00:00,39.0,22,2.5,990.6,65,0.0,98,29.5,80.6,329.0,2.6,5.6,163.0,97.0,4,12
2026-04-24 13:00:00,40.1,20,5.4,989.7,98,0.0,97,29.4,85.7,288.0,2.3,7.3,165.0,107.0,4,13
2026-04-24 14:00:00,40.1,17,10.5,988.9,98,0.0,97,30.7,93.1,260.0,2.4,8.4,161.0,121.0,4,14
2026-04-24 15:00:00,38.8,19,16.2,989.0,100,0.0,97,33.6,108.0,240.0,2.3,8.5,149.0,151.0,4,15
2026-04-24 16:00:00,38.5,18,19.4,989.1,100,0.0,97,34.0,113.9,233.0,2.8,8.1,131.0,185.0,4,16
2026-04-24 17:00:00,35.2,29,19.7,987.8,100,0.0,107,33.2,94.1,261.0,12.4,9.9,108.0,118.0,4,17
2026-04-24 18:00:00,33.6,33,6.5,987.9,99,0.0,112,37.1,82.2,354.0,13.8,14.8,107.0,106.0,4,18
2026-04-24 19:00:00,33.1,36,5.4,988.3,94,0.0,108,41.1,77.5,483.0,16.0,21.6,106.0,90.0,4,19
2026-04-24 20:00:00,32.2,39,7.1,989.0,98,0.0,98,42.1,82.9,580.0,18.7,26.1,101.0,79.0,4,20
2026-04-24 21:00:00,31.5,41,10.8,989.5,98,0.0,93,43.9,84.8,617.0,21.8,26.3,92.0,78.0,4,21
2026-04-24 22:00:00,31.5,37,13.3,989.7,79,0.0,92,49.8,93.1,623.0,25.6,24.2,80.0,83.0,4,22
2026-04-24 23:00:00,35.0,23,5.4,990.0,96,0.0,94,58.6,103.4,611.0,30.6,22.2,68.0,86.0,4,23
2026-04-25 00:00:00,32.8,34,8.3,989.7,98,0.0,96,63.8,108.5,582.0,38.0,21.0,55.0,85.0,4,0
2026-04-25 01:00:00,31.6,39,9.9,989.3,30,0.0,99,70.1,114.8,536.0,46.6,19.9,41.0,84.0,4,1
2026-04-25 02:00:00,30.4,41,10.4,989.2,21,0.0,104,76.4,119.7,491.0,54.0,18.6,29.0,82.0,4,2
2026-04-25 03:00:00,29.5,45,8.5,989.2,15,0.0,110,80.8,122.5,447.0,60.6,16.6,16.0,82.0,4,3
2026-04-25 04:00:00,29.1,46,6.8,989.7,1,0.0,116,83.8,125.7,405.0,65.9,14.4,4.0,81.0,4,4
2026-04-25 05:00:00,27.0,53,10.9,990.4,1,0.0,122,59.5,90.8,385.0,33.0,10.2,39.0,60.0,4,5
2026-04-25 06:00:00,26.3,56,11.2,991.0,3,0.0,125,60.1,90.8,409.0,31.0,10.3,44.0,59.0,4,6
2026-04-25 07:00:00,26.7,56,10.1,992.0,1,0.0,128,61.2,86.1,454.0,28.1,10.5,53.0,58.0,4,7
2026-04-25 08:00:00,28.4,51,9.2,992.4,0,0.0,131,56.0,89.6,474.0,23.9,10.7,70.0,65.0,4,8
2026-04-25 09:00:00,30.8,45,7.3,992.9,0,0.0,133,50.3,103.4,442.0,17.4,10.8,104.0,86.0,4,9
2026-04-25 10:00:00,33.2,40,7.3,993.1,0,0.0,135,46.8,110.4,386.0,9.7,10.8,146.0,114.0,4,10
2026-04-25 11:00:00,34.5,36,9.5,993.4,13,0.0,137,43.2,114.8,338.0,4.1,11.1,176.0,138.0,4,11
2026-04-25 12:00:00,36.1,32,8.7,993.0,65,0.0,138,41.2,118.3,310.0,2.1,11.9,183.0,152.0,4,12
2026-04-25 13:00:00,37.5,28,9.3,992.1,64,0.0,139,40.6,120.6,292.0,2.1,13.0,179.0,162.0,4,13
2026-04-25 14:00:00,37.9,27,9.0,991.0,91,0.0,140,41.3,126.7,284.0,2.8,13.8,172.0,169.0,4,14
2026-04-25 15:00:00,38.2,25,11.5,990.5,99,0.0,141,42.7,127.6,276.0,3.0,14.2,169.0,175.0,4,15
2026-04-25 16:00:00,37.2,28,10.6,990.4,80,0.0,142,43.2,132.7,278.0,3.8,14.3,164.0,178.0,4,16
2026-04-25 17:00:00,38.4,23,1.0,989.4,49,0.0,143,31.5,77.8,328.0,4.6,12.3,171.0,91.0,4,17
2026-04-25 18:00:00,37.4,25,4.2,989.2,23,0.0,154,38.9,84.3,447.0,21.0,13.1,142.0,89.0,4,18
2026-04-25 19:00:00,35.8,31,3.8,989.5,3,0.0,154,59.1,102.7,613.0,43.1,14.2,102.0,85.0,4,19
2026-04-25 20:00:00,34.0,37,10.9,989.9,2,0.0,145,79.9,120.1,795.0,56.7,14.5,74.0,79.0,4,20
2026-04-25 21:00:00,33.1,38,9.5,990.6,2,0.0,149,89.9,122.5,1032.0,53.3,13.2,69.0,68.0,4,21
2026-04-25 22:00:00,31.7,42,2.6,991.0,0,0.0,151,78.9,105.9,1285.0,41.4,11.2,76.0,54.0,4,22
2026-04-25 23:00:00,31.8,45,4.1,990.7,20,0.0,152,62.9,85.9,1411.0,31.6,9.6,80.0,45.0,4,23
2026-04-26 00:00:00,30.9,47,8.5,990.0,5,0.0,152,52.9,74.7,1312.0,27.4,9.0,77.0,45.0,4,0
2026-04-26 01:00:00,30.4,45,9.5,989.5,88,0.0,152,49.7,73.1,1086.0,25.4,8.9,72.0,49.0,4,1
2026-04-26 02:00:00,29.6,45,11.0,989.1,30,0.0,151,51.0,78.2,883.0,25.8,8.8,64.0,52.0,4,2
2026-04-26 03:00:00,29.0,47,8.8,989.1,72,0.0,150,56.3,86.4,744.0,31.0,8.4,50.0,53.0,4,3
2026-04-26 04:00:00,28.2,50,7.0,989.2,100,0.0,149,64.7,95.9,627.0,38.7,8.0,34.0,54.0,4,4
2026-04-26 05:00:00,27.4,55,10.3,989.3,1,0.0,147,68.5,105.0,561.0,47.4,8.5,23.0,70.0,4,5
2026-04-26 06:00:00,27.3,55,8.5,989.5,12,0.0,148,72.2,109.7,587.0,41.9,8.6,33.0,65.0,4,6
2026-04-26 07:00:00,28.2,53,5.1,990.3,86,0.0,149,70.3,96.2,664.0,33.9,8.7,48.0,58.0,4,7
2026-04-26 08:00:00,30.4,47,3.0,990.6,23,0.0,150,57.3,86.8,695.0,25.9,8.6,69.0,57.0,4,8
2026-04-26 09:00:00,33.4,39,3.0,991.1,2,0.0,150,46.9,85.0,627.0,17.7,8.0,102.0,64.0,4,9
2026-04-26 10:00:00,36.0,32,2.3,990.9,0,0.0,150,41.9,82.0,513.0,9.4,7.1,140.0,77.0,4,10
2026-04-26 11:00:00,37.8,26,0.6,990.4,0,0.0,149,36.1,81.0,418.0,3.4,6.6,167.0,89.0,4,11
2026-04-26 12:00:00,39.4,23,3.2,989.8,1,0.0,149,31.9,83.4,368.0,1.3,6.7,172.0,102.0,4,12
2026-04-26 13:00:00,40.4,20,6.9,988.9,2,0.0,148,31.1,88.2,338.0,1.6,7.1,165.0,116.0,4,13
2026-04-26 14:00:00,40.9,17,11.0,987.5,8,0.0,147,30.7,92.2,316.0,2.2,7.6,159.0,123.0,4,14
2026-04-26 15:00:00,40.8,17,10.8,986.5,13,0.0,145,29.6,88.9,278.0,2.1,8.1,160.0,122.0,4,15
2026-04-26 16:00:00,40.4,18,9.9,986.0,88,0.0,144,28.8,84.1,248.0,2.4,8.6,161.0,114.0,4,16
2026-04-26 17:00:00,40.2,16,6.0,985.2,100,0.0,143,23.3,72.9,285.0,3.8,8.3,159.0,99.0,4,17
2026-04-26 18:00:00,39.1,18,6.8,985.6,87,0.0,142,32.0,69.4,452.0,8.7,7.8,142.0,87.0,4,18
2026-04-26 19:00:00,37.6,20,3.8,986.1,16,0.0,141,38.2,69.2,686.0,15.6,7.1,118.0,70.0,4,19
2026-04-26 20:00:00,36.9,21,6.3,986.5,16,0.0,139,40.6,70.8,861.0,22.3,6.8,97.0,59.0,4,20
2026-04-26 21:00:00,35.9,22,7.7,986.7,13,0.0,135,44.7,73.6,922.0,27.8,7.1,82.0,59.0,4,21
2026-04-26 22:00:00,34.8,26,8.7,986.3,78,0.0,130,52.3,83.8,924.0,33.1,7.8,68.0,66.0,4,22
2026-04-26 23:00:00,34.3,27,10.1,986.2,35,0.0,127,65.0,102.2,900.0,38.2,8.2,56.0,69.0,4,23
2026-04-27 00:00:00,34.1,26,7.4,985.8,2,0.0,128,71.0,109.2,839.0,43.5,8.0,44.0,66.0,4,0
2026-04-27 01:00:00,32.2,30,5.5,985.5,7,0.0,129,70.1,101.5,752.0,48.8,7.6,32.0,61.0,4,1
2026-04-27 02:00:00,31.0,33,5.1,985.2,9,0.0,132,68.9,99.9,704.0,53.2,7.5,22.0,56.0,4,2
2026-04-27 03:00:00,29.8,38,5.7,985.2,66,0.0,133,72.2,105.0,732.0,57.3,7.9,13.0,54.0,4,3
2026-04-27 04:00:00,29.0,42,4.5,984.7,29,0.0,135,74.5,105.2,798.0,60.7,8.5,5.0,52.0,4,4
2026-04-27 05:00:00,29.4,42,7.1,984.6,54,0.0,136,61.0,97.3,858.0,50.6,13.3,17.0,66.0,4,5
2026-04-27 06:00:00,29.3,42,7.5,984.8,86,0.0,135,62.9,92.2,916.0,45.8,12.3,25.0,56.0,4,6
2026-04-27 07:00:00,30.3,39,7.5,985.5,88,0.0,134,66.8,87.8,967.0,38.8,11.0,37.0,43.0,4,7
2026-04-27 08:00:00,32.4,35,4.4,986.2,100,0.0,134,59.8,80.3,948.0,31.1,9.7,56.0,38.0,4,8
2026-04-27 09:00:00,34.6,30,2.8,986.5,100,0.0,134,47.7,77.3,801.0,22.1,8.6,90.0,47.0,4,9
2026-04-27 10:00:00,36.7,26,3.2,986.4,95,0.0,134,39.1,74.0,583.0,12.4,7.6,131.0,64.0,4,10
2026-04-27 11:00:00,37.7,25,1.4,986.0,98,0.0,134,33.1,73.3,402.0,5.2,7.0,159.0,80.0,4,11
2026-04-27 12:00:00,38.8,23,4.4,985.8,91,0.0,134,29.9,77.3,292.0,2.3,7.4,164.0,94.0,4,12
2026-04-27 13:00:00,40.2,21,6.3,985.4,96,0.0,133,29.3,82.0,219.0,2.1,8.1,157.0,106.0,4,13
2026-04-27 14:00:00,38.2,26,4.5,984.8,65,0.4,133,28.4,85.0,188.0,2.5,8.2,146.0,112.0,4,14
2026-04-27 15:00:00,39.7,19,11.5,984.1,35,0.0,133,26.4,81.3,216.0,2.9,6.7,135.0,106.0,4,15
2026-04-27 16:00:00,37.7,24,14.9,983.9,10,0.0,133,26.0,77.1,287.0,4.0,4.4,121.0,94.0,4,16
2026-04-27 17:00:00,39.2,19,12.4,982.6,99,0.0,132,16.4,44.6,352.0,3.7,1.8,107.0,55.0,4,17
2026-04-27 18:00:00,37.4,23,9.9,982.8,100,0.0,132,22.8,47.8,398.0,12.9,3.2,89.0,56.0,4,18
2026-04-27 19:00:00,36.0,26,9.4,983.2,92,0.0,131,34.9,65.7,438.0,25.5,5.1,63.0,57.0,4,19
2026-04-27 20:00:00,35.3,28,7.8,983.3,75,0.0,130,42.3,72.4,470.0,34.4,6.7,44.0,57.0,4,20
2026-04-27 21:00:00,35.1,28,5.8,983.9,100,0.0,131,49.6,75.2,491.0,35.5,7.6,38.0,55.0,4,21
2026-04-27 22:00:00,34.2,29,4.4,984.2,63,0.0,131,49.2,72.9,503.0,32.9,8.1,39.0,52.0,4,22
2026-04-27 23:00:00,33.1,33,11.8,984.5,98,0.0,131,44.2,71.5,511.0,31.3,8.5,39.0,51.0,4,23
2026-04-28 00:00:00,32.4,34,16.8,984.9,100,0.0,129,42.4,73.1,515.0,33.1,8.7,35.0,55.0,4,0
2026-04-28 01:00:00,32.1,32,29.7,985.5,100,0.0,126,44.2,78.2,514.0,36.0,8.7,29.0,61.0,4,1
2026-04-28 02:00:00,31.1,35,21.2,985.0,100,0.0,123,46.7,82.0,511.0,37.5,8.7,25.0,66.0,4,2
2026-04-28 03:00:00,29.8,42,13.9,983.8,100,0.0,121,45.9,80.8,502.0,36.8,8.9,22.0,68.0,4,3
2026-04-28 04:00:00,29.1,45,10.1,983.7,79,0.0,118,43.3,78.9,491.0,34.8,9.2,20.0,68.0,4,4
2026-04-28 05:00:00,28.2,50,6.7,984.3,98,0.0,115,31.9,91.5,491.0,14.0,10.8,57.0,112.0,4,5
2026-04-28 06:00:00,27.3,53,9.8,985.3,27,0.0,112,33.4,86.1,521.0,14.2,10.7,56.0,107.0,4,6
2026-04-28 07:00:00,28.2,51,7.5,986.4,95,0.0,109,36.3,76.4,563.0,14.4,10.4,57.0,101.0,4,7
2026-04-28 08:00:00,29.8,46,3.4,986.3,99,0.0,105,36.6,90.6,571.0,13.5,9.8,64.0,102.0,4,8
2026-04-28 09:00:00,31.9,38,4.9,986.7,2,0.0,103,37.1,97.3,516.0,10.3,8.6,86.0,113.0,4,9
2026-04-28 10:00:00,33.9,34,2.9,987.2,0,0.0,102,37.0,107.1,428.0,6.1,7.0,116.0,131.0,4,10
2026-04-28 11:00:00,34.5,32,8.1,987.1,38,0.0,102,37.6,116.6,351.0,2.9,5.6,137.0,151.0,4,11
2026-04-28 12:00:00,36.0,30,8.6,986.4,43,0.0,102,38.4,132.2,299.0,1.9,4.6,141.0,178.0,4,12
2026-04-28 13:00:00,36.4,31,10.1,985.8,20,0.0,103,38.1,146.7,257.0,2.1,3.8,137.0,208.0,4,13
2026-04-28 14:00:00,34.3,34,17.0,985.7,80,0.5,104,36.7,151.8,231.0,2.5,3.2,133.0,225.0,4,14
2026-04-28 15:00:00,35.4,26,7.2,984.1,7,0.0,105,36.6,149.0,223.0,1.9,2.8,134.0,219.0,4,15
2026-04-28 16:00:00,36.4,24,5.4,984.0,5,0.0,106,36.2,137.8,230.0,1.6,2.5,135.0,199.0,4,16
2026-04-28 17:00:00,37.2,20,2.2,982.5,9,0.0,107,24.7,75.9,247.0,5.2,3.9,116.0,98.0,4,17
2026-04-28 18:00:00,37.1,20,3.9,982.7,11,0.0,108,31.0,79.4,273.0,8.9,4.1,105.0,92.0,4,18
2026-04-28 19:00:00,35.8,22,9.1,983.0,13,0.0,109,40.7,85.4,310.0,14.0,4.4,90.0,83.0,4,19
2026-04-28 20:00:00,33.8,27,10.3,983.6,8,0.0,109,37.1,75.4,352.0,17.4,4.7,78.0,72.0,4,20
2026-04-28 21:00:00,32.8,29,8.9,984.3,2,0.0,109,32.8,60.3,410.0,17.5,5.0,73.0,58.0,4,21
2026-04-28 22:00:00,31.3,33,14.4,985.7,58,0.0,107,32.9,52.7,474.0,15.8,5.3,71.0,42.0,4,22
2026-04-28 23:00:00,30.9,34,16.0,985.6,20,0.0,105,32.8,48.3,510.0,14.5,5.6,69.0,30.0,4,23
2026-04-29 00:00:00,28.9,42,19.8,985.4,27,0.0,104,30.7,44.6,498.0,14.1,5.7,67.0,26.0,4,0
2026-04-29 01:00:00,27.6,47,15.2,985.7,12,0.0,103,29.6,43.7,458.0,14.0,5.8,65.0,27.0,4,1
2026-04-29 02:00:00,26.5,51,11.3,986.0,0,0.0,101,28.5,42.7,420.0,14.2,5.9,62.0,27.0,4,2
2026-04-29 03:00:00,25.2,58,13.5,986.4,0,0.0,100,28.4,42.0,388.0,15.1,6.1,56.0,24.0,4,3
2026-04-29 04:00:00,24.5,62,13.3,986.5,0,0.0,98,28.9,40.2,358.0,16.3,6.4,50.0,22.0,4,4
2026-04-29 05:00:00,23.6,75,11.3,986.4,0,0.0,97,28.6,59.5,343.0,14.7,5.6,67.0,58.0,4,5
2026-04-29 06:00:00,23.5,75,10.1,986.7,0,0.0,97,26.8,49.7,358.0,13.5,6.2,72.0,51.0,4,6
2026-04-29 07:00:00,24.2,73,8.2,987.3,0,0.0,96,27.6,44.0,389.0,11.9,7.0,79.0,43.0,4,7
2026-04-29 08:00:00,25.9,66,8.7,987.9,0,0.0,96,27.0,50.1,401.0,9.8,7.2,89.0,44.0,4,8
2026-04-29 09:00:00,28.1,56,9.0,988.4,0,0.0,95,26.7,63.3,374.0,7.0,6.1,104.0,60.0,4,9
2026-04-29 10:00:00,30.3,48,8.1,988.6,0,0.0,94,26.7,78.7,329.0,3.9,4.5,121.0,85.0,4,10
2026-04-29 11:00:00,31.7,41,6.7,988.7,0,0.0,93,25.6,82.2,294.0,1.7,3.2,133.0,108.0,4,11
2026-04-29 12:00:00,33.3,36,4.7,987.8,2,0.0,92,26.5,92.9,281.0,0.9,2.9,137.0,127.0,4,12
2026-04-29 13:00:00,34.6,32,3.1,986.7,2,0.0,91,27.5,101.7,279.0,1.1,2.9,136.0,144.0,4,13
2026-04-29 14:00:00,35.5,28,3.4,985.7,23,0.0,90,28.1,107.1,280.0,1.4,3.1,134.0,153.0,4,14
2026-04-29 15:00:00,35.9,26,3.6,984.7,18,0.0,90,28.3,108.0,273.0,0.6,3.2,136.0,150.0,4,15
2026-04-29 16:00:00,36.1,26,5.2,984.3,19,0.0,89,26.8,100.1,270.0,0.0,3.4,137.0,140.0,4,16
2026-04-29 17:00:00,36.5,22,5.2,983.9,34,0.0,88,16.9,54.6,300.0,3.3,5.2,151.0,74.0,4,17
2026-04-29 18:00:00,35.3,25,4.4,983.9,6,0.0,97,22.3,51.6,402.0,10.3,5.1,130.0,64.0,4,18
2026-04-29 19:00:00,34.0,28,2.2,984.5,2,0.0,99,33.2,58.2,538.0,19.8,4.9,100.0,51.0,4,19
2026-04-29 20:00:00,33.0,31,9.9,984.9,0,0.0,92,38.4,60.8,622.0,26.1,4.8,79.0,41.0,4,20
2026-04-29 21:00:00,32.2,33,10.6,985.4,8,0.0,87,37.1,59.0,606.0,26.0,4.8,74.0,38.0,4,21
2026-04-29 22:00:00,31.3,35,11.2,985.5,41,0.0,87,36.4,58.0,538.0,22.7,4.8,76.0,39.0,4,22
2026-04-29 23:00:00,30.9,38,11.7,985.3,88,0.0,87,35.7,57.0,484.0,19.9,4.9,79.0,39.0,4,23
2026-04-30 00:00:00,30.7,39,10.0,985.3,58,0.0,87,32.8,54.6,468.0,19.0,4.9,79.0,39.0,4,0
2026-04-30 01:00:00,30.3,39,9.5,985.2,24,0.0,88,30.6,51.6,465.0,18.7,5.0,79.0,38.0,4,1
2026-04-30 02:00:00,29.3,41,11.1,984.7,0,0.0,88,28.5,48.0,462.0,18.9,5.1,77.0,36.0,4,2
2026-04-30 03:00:00,28.3,43,11.6,984.8,0,0.0,88,27.6,45.8,445.0,20.0,5.4,72.0,32.0,4,3
2026-04-30 04:00:00,27.5,45,10.8,985.0,0,0.0,88,28.1,43.0,427.0,21.6,5.8,65.0,26.0,4,4
2026-04-30 05:00:00,27.4,46,8.6,984.8,0,0.0,88,37.7,65.2,434.0,33.3,6.3,48.0,49.0,4,5
2026-04-30 06:00:00,27.0,47,9.3,985.3,0,0.0,88,43.2,70.3,501.0,30.4,6.9,56.0,45.0,4,6
2026-04-30 07:00:00,27.7,45,5.3,986.6,0,0.0,90,48.9,66.4,591.0,26.2,7.7,67.0,39.0,4,7
2026-04-30 08:00:00,29.5,41,5.8,987.0,0,0.0,91,35.7,55.6,624.0,21.3,8.0,84.0,36.0,4,8
2026-04-30 09:00:00,32.0,35,7.4,987.3,0,0.0,92,28.8,45.3,540.0,15.0,7.2,111.0,38.0,4,9
2026-04-30 10:00:00,34.6,30,7.9,987.4,0,0.0,92,24.6,39.8,397.0,7.9,6.0,144.0,42.0,4,10
2026-04-30 11:00:00,35.8,25,5.0,987.2,0,0.0,92,20.9,46.7,291.0,2.8,5.1,168.0,50.0,4,11
2026-04-30 12:00:00,37.1,23,3.8,986.6,2,0.0,92,21.0,56.0,264.0,1.1,5.1,176.0,64.0,4,12
2026-04-30 13:00:00,38.2,19,4.4,985.8,23,0.0,91,22.8,67.1,272.0,1.3,5.6,175.0,82.0,4,13
2026-04-30 14:00:00,38.6,17,6.3,984.9,18,0.0,91,23.6,71.5,281.0,1.8,6.0,172.0,94.0,4,14
2026-04-30 15:00:00,38.5,18,8.8,984.6,8,0.0,100,23.4,71.2,269.0,1.9,6.3,172.0,97.0,4,15
2026-04-30 16:00:00,38.1,18,6.9,984.2,11,0.0,122,23.0,69.6,257.0,2.3,6.5,170.0,93.0,4,16
2026-04-30 17:00:00,39.1,12,7.1,983.0,2,0.0,140,20.1,50.6,273.0,3.7,7.8,182.0,61.0,4,17
2026-04-30 18:00:00,38.4,13,8.1,982.9,1,0.0,154,27.0,49.4,349.0,9.3,7.5,160.0,52.0,4,18
2026-04-30 19:00:00,36.8,14,7.4,983.6,0,0.0,157,34.7,51.9,453.0,16.8,7.0,129.0,41.0,4,19
2026-04-30 20:00:00,34.8,17,11.3,984.2,0,0.0,151,35.6,51.6,516.0,21.6,6.7,106.0,31.0,4,20
2026-04-30 21:00:00,33.4,21,9.3,985.4,0,0.0,136,33.6,48.8,500.0,20.9,6.6,98.0,26.0,4,21
2026-04-30 22:00:00,31.8,25,11.8,985.9,0,0.0,119,31.5,44.5,445.0,17.4,6.6,97.0,23.0,4,22
2026-04-30 23:00:00,31.0,29,14.2,985.8,0,0.0,103,29.6,40.4,397.0,14.9,6.6,95.0,21.0,4,23
2026-05-01 00:00:00,31.0,30,14.0,985.8,0,0.0,89,27.6,37.4,373.0,14.4,6.6,89.0,20.0,5,0
2026-05-01 01:00:00,30.3,32,13.0,985.4,0,0.0,89,27.0,37.6,358.0,14.8,6.7,81.0,21.0,5,1
2026-05-01 02:00:00,29.6,33,11.1,985.1,0,0.0,88,27.4,38.4,352.0,16.3,6.8,73.0,21.0,5,2
2026-05-01 03:00:00,29.0,35,9.5,985.5,1,0.0,88,28.3,37.3,353.0,19.8,6.9,62.0,19.0,5,3
2026-05-01 04:00:00,28.5,36,8.2,985.5,0,0.0,88,30.0,38.1,364.0,24.3,7.0,50.0,16.0,5,4
2026-05-01 05:00:00,28.2,40,6.9,985.5,0,0.0,89,40.0,151.3,394.0,15.1,6.8,75.0,213.0,5,5
2026-05-01 06:00:00,27.3,43,7.6,986.2,0,0.0,89,45.6,155.5,472.0,14.9,7.6,78.0,297.0,5,6
2026-05-01 07:00:00,27.8,43,6.1,987.0,0,0.0,89,56.5,193.7,569.0,14.5,8.8,82.0,412.0,5,7
2026-05-01 08:00:00,30.0,38,5.8,987.5,0,0.0,89,70.1,326.9,612.0,13.2,9.5,94.0,493.0,5,8
2026-05-01 09:00:00,32.4,32,5.9,987.8,1,0.0,92,78.9,392.1,550.0,10.2,9.6,120.0,517.0,5,9
2026-05-01 10:00:00,35.1,27,5.1,987.6,16,0.0,96,78.9,383.7,434.0,6.2,9.4,154.0,507.0,5,10
2026-05-01 11:00:00,36.7,22,6.7,987.9,0,0.0,101,64.0,302.7,341.0,3.2,8.8,176.0,465.0,5,11
2026-05-01 12:00:00,37.8,20,5.0,987.6,1,0.0,105,40.4,166.7,301.0,1.9,7.7,178.0,372.0,5,12
2026-05-01 13:00:00,38.7,19,4.5,986.5,19,0.0,107,34.2,124.8,285.0,1.5,6.3,169.0,247.0,5,13
2026-05-01 14:00:00,39.3,18,5.0,985.6,23,0.0,108,32.2,110.4,281.0,1.5,5.2,161.0,153.0,5,14
2026-05-01 15:00:00,39.3,17,5.9,984.5,26,0.0,109,30.9,102.4,274.0,1.6,4.8,159.0,121.0,5,15
2026-05-01 16:00:00,39.3,16,4.6,983.3,9,0.0,124,29.6,95.9,279.0,2.0,4.8,157.0,121.0,5,16
2026-05-01 17:00:00,39.7,14,2.9,983.2,9,0.0,138,21.6,64.5,328.0,3.1,4.9,164.0,84.0,5,17
2026-05-01 18:00:00,39.4,14,1.5,983.1,14,0.0,147,25.3,55.5,472.0,6.8,5.0,149.0,74.0,5,18
2026-05-01 19:00:00,37.3,16,3.6,983.5,3,0.0,146,30.0,54.6,659.0,12.0,5.2,128.0,59.0,5,19
2026-05-01 20:00:00,35.6,19,6.1,984.0,1,0.0,136,31.7,57.6,769.0,15.6,5.4,112.0,49.0,5,20
2026-05-01 21:00:00,34.2,24,11.3,984.7,0,0.0,122,33.2,61.5,729.0,16.1,5.5,107.0,47.0,5,21
2026-05-01 22:00:00,32.9,28,12.8,984.8,0,0.0,110,34.7,63.1,612.0,15.1,5.5,107.0,50.0,5,22
2026-05-01 23:00:00,32.4,29,12.2,984.7,2,0.0,110,34.5,62.4,514.0,14.4,5.5,106.0,52.0,5,23
2026-05-02 00:00:00,32.2,29,10.9,984.4,0,0.0,110,32.5,60.3,469.0,14.1,5.4,103.0,53.0,5,0
2026-05-02 01:00:00,31.0,31,12.0,984.4,0,0.0,111,32.0,60.3,443.0,14.1,5.2,99.0,54.0,5,1
2026-05-02 02:00:00,30.2,32,10.5,984.2,0,0.0,112,33.5,63.3,437.0,16.0,5.2,93.0,56.0,5,2
2026-05-02 03:00:00,29.9,33,9.5,984.0,0,0.0,112,37.6,71.5,457.0,21.9,5.6,82.0,59.0,5,3
2026-05-02 04:00:00,29.5,33,8.9,984.0,0,0.0,113,42.4,78.7,496.0,29.7,6.1,70.0,63.0,5,4
2026-05-02 05:00:00,28.7,37,7.9,984.3,0,0.0,114,25.8,49.8,537.0,14.5,4.5,93.0,45.0,5,5
2026-05-02 06:00:00,28.5,37,8.5,984.4,0,0.0,113,29.5,57.3,590.0,15.3,4.6,92.0,49.0,5,6
2026-05-02 07:00:00,29.3,36,6.9,984.9,0,0.0,111,35.9,62.2,644.0,16.3,4.7,92.0,54.0,5,7
2026-05-02 08:00:00,31.6,31,4.7,985.4,0,0.0,109,34.1,66.6,650.0,15.7,5.4,99.0,60.0,5,8
2026-05-02 09:00:00,34.2,27,4.7,985.8,0,0.0,105,33.8,80.1,567.0,12.0,7.3,122.0,64.0,5,9
2026-05-02 10:00:00,36.9,23,6.6,985.8,0,0.0,101,31.4,78.0,437.0,6.7,9.7,152.0,68.0,5,10
2026-05-02 11:00:00,38.1,21,11.4,986.0,0,0.0,97,29.3,70.5,334.0,2.8,11.1,173.0,82.0,5,11
2026-05-02 12:00:00,39.4,18,8.7,985.4,4,0.0,94,29.9,83.4,290.0,1.4,10.8,176.0,115.0,5,12
2026-05-02 13:00:00,40.5,16,4.6,984.4,34,0.0,93,34.9,115.9,273.0,1.3,9.6,169.0,159.0,5,13
2026-05-02 14:00:00,41.0,14,5.0,983.3,20,0.0,95,36.3,133.2,260.0,1.7,8.3,161.0,191.0,5,14
2026-05-02 15:00:00,41.4,12,6.7,982.0,10,0.0,110,34.8,138.3,231.0,1.6,7.2,155.0,206.0,5,15
2026-05-02 16:00:00,41.5,10,9.3,981.2,15,0.0,123,33.2,141.6,206.0,1.9,6.1,147.0,211.0,5,16
2026-05-02 17:00:00,41.1,10,14.5,980.3,24,0.0,133,26.3,92.2,216.0,4.1,9.0,179.0,132.0,5,17
2026-05-02 18:00:00,40.0,11,14.7,980.1,5,0.0,146,35.0,83.1,290.0,9.8,8.4,158.0,111.0,5,18
2026-05-02 19:00:00,38.6,11,13.2,980.2,2,0.0,147,43.9,81.0,399.0,17.5,7.7,129.0,82.0,5,19
2026-05-02 20:00:00,37.4,13,12.6,980.5,2,0.0,138,42.3,72.2,495.0,22.6,7.1,107.0,59.0,5,20
2026-05-02 21:00:00,36.6,14,8.0,981.4,0,0.0,123,39.2,65.7,568.0,22.2,6.9,100.0,50.0,5,21
2026-05-02 22:00:00,35.7,16,6.0,981.8,0,0.0,108,39.3,64.0,627.0,19.3,7.0,100.0,48.0,5,22
2026-05-02 23:00:00,35.2,18,2.8,981.4,7,0.0,98,40.2,64.0,653.0,17.6,7.0,98.0,47.0,5,23
2026-05-03 00:00:00,32.8,20,7.4,981.4,0,0.0,99,38.4,60.8,628.0,19.5,6.9,90.0,47.0,5,0
2026-05-03 01:00:00,31.5,24,7.7,981.5,0,0.0,99,38.3,63.8,570.0,22.8,6.9,80.0,48.0,5,1
2026-05-03 02:00:00,30.1,26,7.9,981.4,0,0.0,99,41.4,65.7,517.0,24.4,6.8,73.0,47.0,5,2
2026-05-03 03:00:00,27.1,37,14.3,981.8,0,0.0,100,38.1,55.5,474.0,22.8,6.7,70.0,43.0,5,3
2026-05-03 04:00:00,26.9,36,11.0,981.7,0,0.0,100,34.6,51.5,436.0,19.5,6.6,70.0,36.0,5,4
2026-05-03 05:00:00,25.5,50,12.8,983.1,0,0.0,100,28.8,47.8,419.0,10.6,7.3,93.0,37.0,5,5
2026-05-03 06:00:00,25.2,48,12.9,983.9,0,0.0,100,25.7,34.1,446.0,10.4,7.2,96.0,26.0,5,6
2026-05-03 07:00:00,26.0,45,13.0,985.0,0,0.0,99,23.2,27.3,495.0,10.1,7.1,100.0,11.0,5,7
2026-05-03 08:00:00,27.7,42,13.9,985.9,0,0.0,98,20.7,23.6,519.0,9.3,7.4,111.0,6.0,5,8
2026-05-03 09:00:00,30.1,38,10.4,986.3,0,0.0,97,19.7,22.1,493.0,7.4,8.7,134.0,15.0,5,9
2026-05-03 10:00:00,32.5,33,8.3,986.3,0,0.0,96,23.7,33.5,442.0,5.0,10.4,164.0,33.0,5,10
2026-05-03 11:00:00,32.0,35,7.7,987.1,0,0.0,96,28.9,58.9,394.0,3.2,11.7,187.0,59.0,5,11
2026-05-03 12:00:00,33.7,32,9.3,987.1,1,0.0,96,32.9,85.0,352.0,2.3,12.3,197.0,100.0,5,12
2026-05-03 13:00:00,34.9,30,10.1,986.6,54,0.0,97,38.3,112.7,312.0,1.9,12.5,199.0,149.0,5,13
2026-05-03 14:00:00,35.7,28,10.2,985.7,70,0.0,119,42.1,136.4,292.0,2.0,12.3,197.0,184.0,5,14
2026-05-03 15:00:00,35.8,28,9.9,984.9,38,0.0,141,41.8,143.4,296.0,1.1,11.2,192.0,194.0,5,15
2026-05-03 16:00:00,36.2,25,8.7,984.3,2,0.0,158,37.8,135.0,320.0,0.8,9.7,183.0,190.0,5,16
2026-05-03 17:00:00,36.5,21,7.7,983.8,2,0.0,169,34.9,109.0,364.0,3.3,9.4,187.0,145.0,5,17
2026-05-03 18:00:00,36.0,21,9.0,983.6,2,0.0,178,36.9,97.3,450.0,9.2,9.5,166.0,132.0,5,18
2026-05-03 19:00:00,34.7,24,10.6,983.8,0,0.0,178,48.1,100.6,558.0,17.2,9.6,137.0,114.0,5,19
2026-05-03 20:00:00,33.5,26,9.0,984.4,0,0.0,170,52.0,105.5,622.0,21.9,9.7,117.0,104.0,5,20
2026-05-03 21:00:00,32.5,26,9.3,985.4,0,0.0,157,50.2,106.2,604.0,20.2,9.7,115.0,104.0,5,21
2026-05-03 22:00:00,31.3,26,12.9,986.2,3,0.0,142,50.8,110.8,543.0,15.3,9.7,122.0,111.0,5,22
2026-05-03 23:00:00,30.1,32,7.7,985.5,2,0.0,126,53.1,122.0,495.0,11.3,9.9,127.0,131.0,5,23
2026-05-04 00:00:00,29.1,36,10.8,985.3,0,0.0,112,52.0,124.3,485.0,9.6,10.4,127.0,171.0,5,0
2026-05-04 01:00:00,28.4,41,10.7,985.0,0,0.0,104,51.5,141.6,488.0,8.7,11.1,126.0,224.0,5,1
2026-05-04 02:00:00,27.6,46,9.8,984.8,0,0.0,106,56.2,195.6,489.0,8.9,11.5,121.0,266.0,5,2
2026-05-04 03:00:00,27.1,45,11.2,985.2,0,0.0,107,64.5,257.0,474.0,10.7,11.3,109.0,293.0,5,3
2026-05-04 04:00:00,26.8,43,8.8,985.4,0,0.0,110,68.7,271.9,456.0,13.5,10.9,93.0,311.0,5,4
2026-05-04 05:00:00,26.2,46,9.8,985.0,0,0.0,114,42.6,117.1,463.0,8.1,7.2,103.0,140.0,5,5
2026-05-04 06:00:00,26.9,42,11.0,985.7,0,0.0,115,67.3,231.4,528.0,8.8,8.3,106.0,174.0,5,6
2026-05-04 07:00:00,28.1,37,6.0,986.6,0,0.0,119,67.5,189.1,618.0,9.7,9.8,110.0,221.0,5,7
2026-05-04 08:00:00,30.2,29,10.1,987.8,0,0.0,124,66.4,198.4,654.0,9.7,10.8,119.0,252.0,5,8
2026-05-04 09:00:00,32.2,27,9.4,988.4,0,0.0,129,68.7,211.9,587.0,7.9,11.0,138.0,247.0,5,9
2026-05-04 10:00:00,34.1,27,8.5,988.8,0,0.0,134,70.5,233.8,466.0,5.2,10.8,161.0,227.0,5,10
2026-05-04 11:00:00,34.2,30,4.6,988.7,1,0.0,139,55.9,174.6,369.0,3.1,10.4,178.0,226.0,5,11
2026-05-04 12:00:00,36.0,24,4.1,988.2,5,0.0,142,50.6,172.8,324.0,2.2,9.9,182.0,266.0,5,12
2026-05-04 13:00:00,37.4,19,3.7,987.2,23,0.0,143,57.3,224.0,303.0,1.9,9.2,179.0,325.0,5,13
2026-05-04 14:00:00,38.4,17,6.7,986.2,59,0.0,145,63.3,254.3,293.0,2.0,8.6,176.0,369.0,5,14
2026-05-04 15:00:00,33.1,28,24.2,987.0,46,0.0,148,68.7,280.3,294.0,2.4,8.3,176.0,388.0,5,15
2026-05-04 16:00:00,35.4,22,12.6,986.6,20,0.0,150,68.7,271.9,307.0,3.1,8.1,176.0,392.0,5,16
2026-05-04 17:00:00,36.1,17,12.6,985.4,24,0.0,155,55.2,225.8,318.0,6.3,12.9,182.0,333.0,5,17
2026-05-04 18:00:00,35.6,18,11.9,986.1,16,0.0,162,54.0,164.4,320.0,8.1,11.9,170.0,270.0,5,18
2026-05-04 19:00:00,34.3,20,15.0,986.8,4,0.0,164,57.4,132.7,321.0,10.6,10.5,152.0,183.0,5,19
2026-05-04 20:00:00,31.5,27,16.5,987.2,0,0.0,160,62.4,126.2,327.0,12.2,9.4,137.0,120.0,5,20
2026-05-04 21:00:00,30.4,28,16.1,988.0,0,0.0,153,64.7,124.8,347.0,12.1,8.7,128.0,103.0,5,21
2026-05-04 22:00:00,29.2,33,15.0,989.5,0,0.0,153,63.1,121.1,373.0,11.1,8.2,121.0,110.0,5,22
2026-05-04 23:00:00,25.9,47,20.6,990.2,0,0.0,154,61.0,125.7,391.0,10.6,8.0,114.0,121.0,5,23
2026-05-05 00:00:00,24.9,47,18.2,990.8,6,0.0,154,59.6,132.7,394.0,11.1,8.1,107.0,132.0,5,0
2026-05-05 01:00:00,24.3,49,13.7,990.8,5,0.0,154,59.6,139.2,391.0,12.0,8.6,101.0,148.0,5,1
2026-05-05 02:00:00,24.0,49,9.0,991.3,1,0.0,154,59.8,145.3,388.0,12.7,8.9,95.0,160.0,5,2
2026-05-05 03:00:00,23.7,49,5.6,991.3,0,0.0,154,59.4,148.5,385.0,12.9,9.0,89.0,158.0,5,3
2026-05-05 04:00:00,23.2,51,8.5,992.0,0,0.0,154,57.4,146.2,384.0,12.8,9.1,83.0,152.0,5,4
2026-05-05 05:00:00,22.8,58,11.9,992.6,0,0.0,154,60.3,148.1,398.0,17.6,8.5,78.0,162.0,5,5
2026-05-05 06:00:00,22.5,59,11.0,993.2,0,0.0,154,58.4,130.4,449.0,16.1,9.2,84.0,159.0,5,6
2026-05-05 07:00:00,23.4,57,9.7,994.0,0,0.0,154,55.9,104.8,516.0,13.9,10.1,93.0,154.0,5,7
2026-05-05 08:00:00,25.5,52,9.8,994.7,0,0.0,154,53.7,135.5,544.0,11.4,10.5,106.0,152.0,5,8
2026-05-05 09:00:00,27.9,46,9.9,995.0,0,0.0,153,53.2,177.0,496.0,8.2,10.0,127.0,156.0,5,9
2026-05-05 10:00:00,30.1,40,9.2,995.4,0,0.0,153,46.8,155.5,409.0,4.6,8.9,151.0,162.0,5,10
2026-05-05 11:00:00,31.1,36,9.6,996.0,0,0.0,152,40.0,128.1,343.0,2.0,7.8,168.0,165.0,5,11
2026-05-05 12:00:00,32.4,32,9.8,995.6,0,0.0,152,35.7,116.9,322.0,1.1,6.6,172.0,161.0,5,12
2026-05-05 13:00:00,33.2,29,9.4,994.8,0,0.0,151,33.2,112.2,322.0,1.2,5.4,169.0,155.0,5,13
2026-05-05 14:00:00,33.9,28,9.1,993.7,8,0.0,151,31.7,109.0,327.0,1.5,4.4,165.0,148.0,5,14
2026-05-05 15:00:00,34.1,27,9.4,992.9,6,0.0,149,30.7,105.5,323.0,0.8,3.9,165.0,143.0,5,15
2026-05-05 16:00:00,34.0,27,10.3,992.2,2,0.0,145,30.2,102.4,324.0,0.3,3.7,164.0,139.0,5,16
2026-05-05 17:00:00,34.1,26,9.6,991.8,1,0.0,141,28.4,99.0,353.0,2.7,3.6,161.0,134.0,5,17
2026-05-05 18:00:00,33.4,28,9.4,991.7,0,0.0,146,30.9,91.7,431.0,10.3,4.2,142.0,127.0,5,18
2026-05-05 19:00:00,32.0,30,7.4,992.1,1,0.0,144,41.8,99.0,538.0,20.9,5.0,115.0,119.0,5,19
2026-05-05 20:00:00,31.0,33,6.9,992.5,0,0.0,134,55.8,116.9,637.0,30.7,5.9,91.0,115.0,5,20
2026-05-05 21:00:00,30.2,35,6.3,992.8,0,0.0,133,67.3,133.6,727.0,38.2,6.9,75.0,121.0,5,21
2026-05-05 22:00:00,29.4,38,6.5,993.1,0,0.0,134,79.6,150.9,808.0,44.7,8.0,63.0,131.0,5,22
2026-05-05 23:00:00,28.6,42,7.8,992.9,0,0.0,135,88.7,164.4,845.0,50.6,8.8,52.0,141.0,5,23
2026-05-06 00:00:00,28.1,45,7.7,992.6,0,0.0,138,91.5,171.4,800.0,55.4,8.9,43.0,147.0,5,0
2026-05-06 01:00:00,27.7,45,7.6,992.0,0,0.0,141,92.9,175.6,710.0,59.6,8.7,35.0,151.0,5,1
2026-05-06 02:00:00,27.0,47,8.1,991.3,0,0.0,145,96.2,180.7,651.0,64.1,8.6,28.0,156.0,5,2
2026-05-06 03:00:00,26.0,50,7.4,991.2,0,0.0,149,100.6,187.7,659.0,71.8,8.9,16.0,163.0,5,3
2026-05-06 04:00:00,25.4,52,7.5,991.0,0,0.0,151,105.7,195.6,697.0,79.8,9.2,3.0,170.0,5,4
2026-05-06 05:00:00,26.3,48,9.2,990.4,0,0.0,152,61.7,130.9,728.0,34.1,6.4,59.0,125.0,5,5
2026-05-06 06:00:00,26.0,50,8.0,990.9,0,0.0,152,62.9,127.1,752.0,31.4,6.7,66.0,116.0,5,6
2026-05-06 07:00:00,26.7,48,6.1,991.6,0,0.0,152,60.3,108.3,769.0,27.4,7.1,76.0,105.0,5,7
2026-05-06 08:00:00,29.0,42,6.0,992.0,0,0.0,153,57.9,112.7,737.0,22.5,7.4,92.0,100.0,5,8
2026-05-06 09:00:00,31.7,35,7.7,992.0,0,0.0,153,52.3,123.9,609.0,15.6,7.4,119.0,109.0,5,9
2026-05-06 10:00:00,33.9,27,11.0,991.8,0,0.0,153,42.0,117.3,432.0,7.8,7.2,153.0,125.0,5,10
2026-05-06 11:00:00,34.8,25,8.4,991.6,0,0.0,153,37.6,109.4,304.0,2.2,7.0,177.0,137.0,5,11
2026-05-06 12:00:00,36.0,23,7.3,990.7,0,0.0,152,36.9,110.4,273.0,0.5,7.0,185.0,142.0,5,12
2026-05-06 13:00:00,36.8,22,7.2,989.9,0,0.0,153,37.0,112.0,290.0,1.0,6.9,183.0,145.0,5,13
2026-05-06 14:00:00,37.5,20,7.6,988.9,0,0.0,153,36.9,112.2,308.0,1.7,7.0,181.0,145.0,5,14
2026-05-06 15:00:00,37.9,16,5.6,987.6,0,0.0,153,36.7,111.8,305.0,1.5,7.2,183.0,145.0,5,15
2026-05-06 16:00:00,38.0,17,6.3,986.9,0,0.0,153,36.2,109.7,303.0,1.7,7.5,184.0,143.0,5,16
2026-05-06 17:00:00,37.3,17,10.3,986.8,2,0.0,155,31.1,85.9,317.0,4.1,15.7,208.0,108.0,5,17
2026-05-06 18:00:00,36.4,18,10.9,986.4,0,0.0,169,37.7,80.3,361.0,11.3,14.4,180.0,94.0,5,18
2026-05-06 19:00:00,35.4,19,11.8,986.7,0,0.0,174,47.6,82.0,421.0,21.2,12.5,142.0,74.0,5,19
2026-05-06 20:00:00,33.5,27,12.6,986.7,0,0.0,168,53.3,83.6,478.0,27.7,10.9,113.0,59.0,5,20
2026-05-06 21:00:00,32.0,32,9.4,987.3,0,0.0,157,53.4,82.7,531.0,27.4,9.8,105.0,54.0,5,21
2026-05-06 22:00:00,30.7,35,9.4,987.6,0,0.0,153,51.3,80.3,580.0,23.7,8.9,107.0,54.0,5,22
2026-05-06 23:00:00,30.3,37,12.1,987.4,0,0.0,152,49.1,77.8,602.0,21.2,8.1,107.0,55.0,5,23
2026-05-07 00:00:00,30.0,37,12.4,987.0,0,0.0,151,47.5,75.7,576.0,22.2,7.5,99.0,56.0,5,0
2026-05-07 01:00:00,29.5,37,13.5,986.4,0,0.0,149,48.7,78.2,523.0,24.4,7.0,89.0,58.0,5,1
2026-05-07 02:00:00,28.7,39,11.8,986.2,0,0.0,145,50.1,80.3,487.0,25.7,6.7,82.0,58.0,5,2
2026-05-07 03:00:00,27.9,42,11.0,986.4,0,0.0,140,48.4,76.6,485.0,25.3,6.5,80.0,56.0,5,3
2026-05-07 04:00:00,27.6,42,10.0,986.6,0,0.0,134,45.4,71.2,500.0,24.0,6.4,82.0,51.0,5,4
2026-05-07 05:00:00,27.7,45,9.5,986.4,0,0.0,128,36.4,57.5,518.0,19.3,6.5,92.0,40.0,5,5
2026-05-07 06:00:00,27.5,45,10.2,986.8,0,0.0,125,41.0,61.2,549.0,18.6,6.6,95.0,34.0,5,6
2026-05-07 07:00:00,28.3,43,8.5,987.8,0,0.0,123,40.4,54.9,584.0,17.5,6.7,101.0,28.0,5,7
2026-05-07 08:00:00,29.9,39,9.4,988.6,0,0.0,121,36.4,51.0,582.0,15.4,6.8,112.0,28.0,5,8
2026-05-07 09:00:00,32.4,33,9.6,989.0,0,0.0,119,33.8,54.4,507.0,11.3,6.9,136.0,43.0,5,9
2026-05-07 10:00:00,34.8,26,13.1,989.1,0,0.0,117,31.5,66.8,394.0,6.1,6.9,166.0,65.0,5,10
2026-05-07 11:00:00,35.9,23,11.5,989.3,0,0.0,116,28.9,70.1,308.0,2.3,6.9,186.0,81.0,5,11
2026-05-07 12:00:00,37.3,20,9.4,989.2,0,0.0,115,27.3,69.4,275.0,1.0,6.7,189.0,85.0,5,12
2026-05-07 13:00:00,38.1,18,8.3,988.8,0,0.0,114,26.0,67.8,268.0,1.1,6.5,182.0,84.0,5,13
2026-05-07 14:00:00,38.7,17,8.5,988.0,4,0.0,115,25.4,66.8,269.0,1.5,6.4,176.0,82.0,5,14
2026-05-07 15:00:00,38.9,17,8.2,987.5,7,0.0,132,25.2,66.8,269.0,1.4,6.5,174.0,82.0,5,15
2026-05-07 16:00:00,38.7,17,8.8,987.2,23,0.0,147,25.2,66.1,276.0,1.6,6.7,172.0,80.0,5,16
2026-05-07 17:00:00,38.7,16,9.2,987.0,11,0.0,158,21.3,46.1,300.0,3.5,6.3,185.0,49.0,5,17
2026-05-07 18:00:00,37.9,17,10.8,987.1,5,0.0,165,26.0,44.1,355.0,8.8,6.6,165.0,46.0,5,18
2026-05-07 19:00:00,36.2,20,10.3,987.4,2,0.0,165,33.4,51.6,427.0,16.1,6.9,138.0,42.0,5,19
2026-05-07 20:00:00,34.5,24,10.9,988.0,0,0.0,158,41.1,61.9,478.0,21.6,7.2,117.0,40.0,5,20
2026-05-07 21:00:00,33.3,25,10.7,988.6,0,0.0,145,44.8,68.9,492.0,23.4,7.3,107.0,41.0,5,21
2026-05-07 22:00:00,32.2,27,10.4,989.2,0,0.0,129,47.4,74.7,486.0,23.4,7.2,103.0,45.0,5,22
2026-05-07 23:00:00,31.4,32,10.3,988.7,0,0.0,113,49.1,76.4,474.0,22.8,7.2,100.0,52.0,5,23
2026-05-08 00:00:00,31.1,32,11.4,988.8,0,0.0,103,48.4,72.2,458.0,21.9,7.3,95.0,46.0,5,0
2026-05-08 01:00:00,30.4,33,11.8,988.7,0,0.0,103,47.1,69.6,436.0,20.4,7.4,91.0,43.0,5,1
2026-05-08 02:00:00,29.3,35,12.4,988.6,0,0.0,103,49.1,99.7,421.0,18.9,7.6,88.0,95.0,5,2
2026-05-08 03:00:00,28.5,37,11.1,988.9,0,0.0,103,63.6,210.5,417.0,17.4,7.9,87.0,256.0,5,3
2026-05-08 04:00:00,27.8,40,10.4,989.1,0,0.0,104,81.5,344.6,420.0,15.9,8.3,87.0,471.0,5,4
2026-05-08 05:00:00,28.1,52,5.5,989.2,0,0.0,108,97.8,401.4,432.0,15.4,8.6,87.0,577.0,5,5
2026-05-08 06:00:00,27.6,54,6.5,989.9,0,0.0,115,104.8,394.9,467.0,14.9,8.9,90.0,534.0,5,6
2026-05-08 07:00:00,28.2,53,5.3,990.6,0,0.0,121,108.3,352.0,511.0,14.2,9.2,95.0,476.0,5,7
2026-05-08 08:00:00,29.7,48,5.6,991.3,0,0.0,128,108.0,338.1,523.0,12.6,9.4,107.0,441.0,5,8
2026-05-08 09:00:00,31.9,42,5.1,991.6,0,0.0,136,95.9,267.3,471.0,9.5,9.4,133.0,461.0,5,9
2026-05-08 10:00:00,34.7,33,6.0,991.8,0,0.0,142,82.4,233.8,386.0,5.5,9.3,165.0,505.0,5,10
2026-05-08 11:00:00,36.4,26,6.9,991.6,0,0.0,148,77.8,339.9,321.0,2.6,8.8,188.0,510.0,5,11
2026-05-08 12:00:00,37.7,22,8.1,991.2,0,0.0,151,65.0,286.8,299.0,1.4,7.7,193.0,437.0,5,12
2026-05-08 13:00:00,38.5,20,9.3,990.8,8,0.0,152,53.0,210.5,297.0,1.3,6.3,188.0,325.0,5,13
2026-05-08 14:00:00,38.9,20,9.5,989.9,5,0.0,153,45.8,167.6,300.0,1.4,5.2,183.0,238.0,5,14
2026-05-08 15:00:00,39.1,19,9.5,989.3,13,0.0,153,42.6,148.1,301.0,1.2,4.6,181.0,203.0,5,15
2026-05-08 16:00:00,39.0,19,8.8,988.7,10,0.0,154,41.9,140.6,307.0,1.3,4.4,179.0,192.0,5,16
2026-05-08 17:00:00,38.7,18,7.3,988.8,2,0.0,162,44.2,153.7,324.0,3.3,5.5,185.0,213.0,5,17
2026-05-08 18:00:00,38.4,18,10.9,988.9,8,0.0,171,48.4,122.9,360.0,6.5,5.6,170.0,188.0,5,18
2026-05-08 19:00:00,36.8,21,13.2,989.0,0,0.0,171,53.3,119.2,406.0,10.9,5.8,148.0,153.0,5,19
2026-05-08 20:00:00,35.2,25,13.7,989.5,0,0.0,165,55.5,122.5,447.0,14.0,5.9,131.0,128.0,5,20
2026-05-08 21:00:00,34.0,27,11.5,990.1,0,0.0,157,57.9,127.6,478.0,14.3,6.0,124.0,121.0,5,21
2026-05-08 22:00:00,32.9,29,10.7,990.5,0,0.0,157,60.3,128.5,503.0,13.3,6.0,122.0,123.0,5,22
2026-05-08 23:00:00,32.1,32,11.6,990.3,0,0.0,157,61.9,129.5,518.0,13.2,5.9,117.0,127.0,5,23
2026-05-09 00:00:00,31.4,34,11.8,990.0,0,0.0,158,61.7,129.9,517.0,15.0,5.7,106.0,132.0,5,0
2026-05-09 01:00:00,30.9,36,12.1,990.0,0,0.0,158,63.1,135.0,506.0,17.8,5.4,94.0,139.0,5,1
2026-05-09 02:00:00,30.5,37,11.4,989.7,0,0.0,159,66.1,145.3,501.0,21.0,5.3,82.0,148.0,5,2
2026-05-09 03:00:00,29.9,38,9.7,989.8,0,0.0,159,69.8,158.3,506.0,25.5,5.3,71.0,162.0,5,3
2026-05-09 04:00:00,29.2,40,9.2,990.0,0,0.0,159,72.9,169.5,516.0,30.4,5.5,62.0,179.0,5,4
2026-05-09 05:00:00,29.3,44,4.8,990.2,0,0.0,159,63.3,138.3,535.0,19.1,4.4,79.0,140.0,5,5
2026-05-09 06:00:00,29.2,44,2.9,990.7,0,0.0,158,68.0,155.5,580.0,19.6,4.8,81.0,150.0,5,6
2026-05-09 07:00:00,30.1,42,3.3,991.4,0,0.0,157,72.4,143.9,634.0,20.0,5.5,85.0,168.0,5,7
2026-05-09 08:00:00,32.2,37,4.5,992.0,0,0.0,156,71.5,178.8,644.0,18.7,6.1,96.0,203.0,5,8
2026-05-09 09:00:00,34.6,32,4.5,992.2,0,0.0,155,74.5,270.1,569.0,13.8,6.8,121.0,278.0,5,9
2026-05-09 10:00:00,37.0,27,5.9,991.9,0,0.0,154,76.1,330.6,450.0,7.2,7.4,152.0,372.0,5,10
2026-05-09 11:00:00,38.4,23,7.2,991.8,0,0.0,154,66.8,284.1,360.0,2.3,7.9,175.0,424.0,5,11
2026-05-09 12:00:00,39.7,21,7.6,991.2,0,0.0,154,60.3,240.3,332.0,0.8,8.1,181.0,400.0,5,12
2026-05-09 13:00:00,40.6,20,8.1,990.5,0,0.0,154,56.1,212.3,332.0,1.0,8.1,178.0,335.0,5,13
2026-05-09 14:00:00,41.1,19,8.6,989.4,5,0.0,154,53.2,196.0,336.0,1.5,8.0,174.0,280.0,5,14
2026-05-09 15:00:00,41.5,18,8.3,988.6,1,0.0,154,50.8,183.0,325.0,1.4,7.7,172.0,255.0,5,15
2026-05-09 16:00:00,41.2,18,8.2,987.9,11,0.0,154,49.1,172.8,318.0,1.6,7.3,168.0,239.0,5,16
2026-05-09 17:00:00,40.9,18,7.6,987.8,7,0.0,154,46.9,163.4,345.0,3.5,8.5,173.0,228.0,5,17
2026-05-09 18:00:00,40.2,19,8.9,987.7,2,0.0,156,51.8,137.8,440.0,9.6,8.4,154.0,206.0,5,18
2026-05-09 19:00:00,37.9,22,12.3,987.9,0,0.0,157,60.5,141.1,570.0,17.8,8.3,128.0,177.0,5,19
2026-05-09 20:00:00,36.8,24,11.6,988.1,0,0.0,155,67.1,149.0,661.0,23.4,8.2,109.0,156.0,5,20
2026-05-09 21:00:00,35.6,25,13.6,988.8,0,0.0,155,70.1,154.6,680.0,23.7,8.1,105.0,154.0,5,21
2026-05-09 22:00:00,34.6,25,12.5,989.0,0,0.0,155,71.2,157.4,661.0,21.3,8.1,108.0,160.0,5,22
2026-05-09 23:00:00,33.5,28,11.0,989.0,1,0.0,156,71.7,159.3,630.0,19.2,7.9,110.0,165.0,5,23
2026-05-10 00:00:00,32.7,31,11.0,988.8,4,0.0,156,70.8,160.2,590.0,18.6,7.5,108.0,162.0,5,0
2026-05-10 01:00:00,32.1,33,12.2,988.5,19,0.0,156,70.5,158.8,539.0,18.2,6.9,104.0,158.0,5,1
2026-05-10 02:00:00,31.4,34,11.5,988.1,0,0.0,157,69.6,154.6,498.0,17.7,6.7,101.0,159.0,5,2
2026-05-10 03:00:00,30.9,35,11.4,988.2,0,0.0,157,67.8,148.1,474.0,16.7,7.0,97.0,169.0,5,3
2026-05-10 04:00:00,30.4,37,11.8,988.5,0,0.0,157,67.1,151.8,461.0,15.6,7.7,92.0,184.0,5,4
2026-05-10 05:00:00,30.5,41,12.4,988.8,0,0.0,156,66.6,163.4,457.0,14.2,8.3,93.0,182.0,5,5
2026-05-10 06:00:00,30.4,42,12.2,989.1,0,0.0,157,69.2,187.2,476.0,13.7,9.8,97.0,217.0,5,6
2026-05-10 07:00:00,31.5,40,9.2,989.6,7,0.0,157,72.6,205.4,505.0,12.8,11.7,103.0,265.0,5,7
2026-05-10 08:00:00,33.5,36,9.0,990.4,58,0.0,157,75.7,233.3,507.0,11.3,12.8,114.0,304.0,5,8
2026-05-10 09:00:00,36.0,32,8.8,990.4,84,0.0,157,77.8,272.9,454.0,8.4,12.2,136.0,331.0,5,9
2026-05-10 10:00:00,38.6,26,10.7,990.2,91,0.0,157,75.9,280.3,374.0,4.8,10.7,163.0,348.0,5,10
2026-05-10 11:00:00,40.1,22,10.5,990.0,93,0.0,157,67.5,242.1,312.0,2.1,9.4,181.0,343.0,5,11
2026-05-10 12:00:00,41.4,19,8.5,989.4,30,0.0,157,54.5,186.7,286.0,1.1,8.7,180.0,300.0,5,12
2026-05-10 13:00:00,42.4,17,8.1,988.6,95,0.0,157,44.7,148.1,278.0,1.0,8.1,170.0,234.0,5,13
2026-05-10 14:00:00,43.0,16,8.1,987.2,91,0.0,156,40.2,131.3,275.0,1.4,7.6,160.0,180.0,5,14
2026-05-10 15:00:00,43.3,15,9.9,986.2,70,0.0,156,37.0,120.1,264.0,1.6,7.1,156.0,153.0,5,15
2026-05-10 16:00:00,43.1,15,8.5,985.5,20,0.0,155,34.3,109.2,258.0,2.2,6.7,153.0,137.0,5,16
2026-05-10 17:00:00,42.9,15,9.1,984.5,5,0.0,155,31.9,94.5,287.0,4.5,6.5,145.0,125.0,5,17
2026-05-10 18:00:00,42.6,15,8.4,984.6,12,0.0,155,37.5,83.8,384.0,10.3,6.5,127.0,113.0,5,18
2026-05-10 19:00:00,41.0,17,6.8,985.1,10,0.0,154,46.2,92.0,515.0,17.8,6.7,105.0,104.0,5,19
2026-05-10 20:00:00,39.2,20,9.2,985.2,9,0.0,154,53.0,103.6,609.0,22.4,7.0,91.0,99.0,5,20
2026-05-10 21:00:00,38.7,20,9.0,985.7,2,0.0,153,57.2,115.5,634.0,21.5,7.3,92.0,98.0,5,21
2026-05-10 22:00:00,37.1,23,7.8,986.3,2,0.0,153,57.2,114.3,623.0,17.8,7.7,102.0,101.0,5,22
2026-05-10 23:00:00,35.7,27,9.4,986.4,16,0.0,153,56.2,110.1,601.0,14.6,8.0,109.0,105.0,5,23
2026-05-11 00:00:00,33.7,34,17.7,987.4,19,0.0,152,53.9,101.7,569.0,12.7,8.3,111.0,110.0,5,0
2026-05-11 01:00:00,32.8,39,15.3,987.2,47,0.0,152,53.7,102.2,526.0,11.3,8.5,110.0,116.0,5,1
2026-05-11 02:00:00,30.8,47,18.1,987.1,9,0.0,151,54.9,119.7,497.0,11.6,8.7,106.0,126.0,5,2
2026-05-11 03:00:00,29.6,50,17.8,988.7,10,0.0,151,61.5,169.0,495.0,15.1,9.0,94.0,146.0,5,3
2026-05-11 04:00:00,29.0,52,14.0,989.0,1,0.0,150,70.5,223.5,506.0,20.1,9.3,77.0,169.0,5,4
2026-05-11 05:00:00,28.2,62,14.6,989.4,0,0.0,151,55.1,55.1,514.0,6.3,10.6,138.0,0.0,5,5
2026-05-11 06:00:00,27.8,64,13.6,990.2,0,0.0,150,60.1,89.2,512.0,7.5,11.3,133.0,66.0,5,6
2026-05-11 07:00:00,28.5,62,12.1,990.6,0,0.0,150,68.2,138.3,506.0,9.0,12.3,127.0,158.0,5,7
2026-05-11 08:00:00,30.3,55,10.0,990.8,0,0.0,149,78.0,199.8,497.0,9.4,12.9,130.0,232.0,5,8
2026-05-11 09:00:00,32.6,45,7.1,991.0,0,0.0,149,84.8,237.0,486.0,7.7,13.0,149.0,270.0,5,9
2026-05-11 10:00:00,34.7,39,6.4,990.9,0,0.0,150,86.4,244.0,472.0,5.0,12.7,176.0,291.0,5,10
2026-05-11 11:00:00,35.6,37,10.1,991.0,0,0.0,150,86.1,244.9,457.0,2.9,12.3,197.0,306.0,5,11
2026-05-11 12:00:00,37.5,33,10.8,990.4,1,0.0,151,84.8,243.1,440.0,2.0,11.7,204.0,318.0,5,12
2026-05-11 13:00:00,38.9,30,8.8,989.6,7,0.0,152,83.6,244.9,422.0,1.8,10.9,205.0,324.0,5,13
2026-05-11 14:00:00,40.0,27,8.3,988.3,8,0.0,153,82.0,248.7,408.0,1.8,10.2,204.0,327.0,5,14
2026-05-11 15:00:00,40.3,26,10.0,987.4,23,0.0,159,80.3,248.7,391.0,1.6,9.8,204.0,330.0,5,15
2026-05-11 16:00:00,40.4,25,10.9,986.5,7,0.0,172,78.9,244.9,378.0,1.7,9.4,201.0,329.0,5,16
2026-05-11 17:00:00,40.3,23,12.8,985.8,9,0.0,183,58.7,223.1,392.0,4.1,6.4,178.0,323.0,5,17
2026-05-11 18:00:00,38.7,27,13.7,986.0,3,0.0,188,56.1,163.9,460.0,6.9,6.6,163.0,260.0,5,18
2026-05-11 19:00:00,36.5,33,12.9,986.8,28,0.0,186,55.3,125.3,554.0,10.9,6.8,143.0,174.0,5,19
2026-05-11 20:00:00,34.7,39,16.8,987.3,91,0.0,177,57.9,115.7,616.0,14.2,7.1,125.0,113.0,5,20
2026-05-11 21:00:00,33.6,42,15.3,988.2,53,0.0,164,60.5,115.5,611.0,15.9,7.4,113.0,99.0,5,21
2026-05-11 22:00:00,32.7,45,15.1,988.6,50,0.0,159,66.1,124.8,573.0,16.9,7.6,102.0,111.0,5,22
2026-05-11 23:00:00,32.0,49,13.4,988.2,80,0.0,159,72.2,138.3,546.0,18.2,7.9,93.0,128.0,5,23
2026-05-12 00:00:00,31.1,51,13.9,988.1,100,0.0,159,76.1,154.6,550.0,20.0,8.2,84.0,149.0,5,0
2026-05-12 01:00:00,30.6,52,14.0,987.9,41,0.0,160,80.6,173.7,565.0,22.0,8.4,76.0,176.0,5,1
2026-05-12 02:00:00,30.3,53,12.6,987.6,7,0.0,161,86.1,190.0,568.0,24.2,8.7,68.0,199.0,5,2
2026-05-12 03:00:00,29.8,55,11.8,987.4,2,0.0,162,90.6,196.5,540.0,27.2,8.9,59.0,211.0,5,3
2026-05-12 04:00:00,29.3,57,10.9,987.4,68,0.0,163,94.5,207.2,500.0,30.3,9.2,50.0,219.0,5,4
2026-05-12 05:00:00,28.9,61,8.1,987.7,0,0.0,163,80.3,139.2,485.0,18.4,11.3,75.0,113.0,5,5
2026-05-12 06:00:00,28.4,62,9.2,988.2,0,0.0,164,82.0,135.5,523.0,17.1,11.4,82.0,108.0,5,6
2026-05-12 07:00:00,29.1,58,9.0,988.7,7,0.0,165,79.6,122.0,586.0,15.1,11.7,94.0,102.0,5,7
2026-05-12 08:00:00,30.8,52,9.4,989.2,0,0.0,165,74.0,132.7,622.0,12.7,12.0,111.0,114.0,5,8
2026-05-12 09:00:00,32.7,48,7.6,989.4,1,0.0,165,70.5,154.1,604.0,9.5,12.5,140.0,159.0,5,9
2026-05-12 10:00:00,34.6,42,7.0,989.1,0,0.0,165,69.8,180.7,559.0,6.0,13.2,176.0,222.0,5,10
2026-05-12 11:00:00,36.1,38,8.0,989.3,1,0.0,164,71.0,208.6,515.0,3.3,13.6,201.0,268.0,5,11
2026-05-12 12:00:00,37.3,35,8.9,988.5,19,0.0,164,71.5,217.9,480.0,2.1,13.7,209.0,283.0,5,12
2026-05-12 13:00:00,38.3,33,9.0,987.5,4,0.0,163,67.3,209.5,447.0,1.9,13.5,207.0,282.0,5,13
2026-05-12 14:00:00,39.0,30,8.2,986.3,13,0.0,163,65.4,206.8,421.0,2.0,13.2,203.0,280.0,5,14
2026-05-12 15:00:00,39.3,27,7.6,985.3,7,0.0,162,64.5,206.8,402.0,2.1,12.5,200.0,286.0,5,15
2026-05-12 16:00:00,39.1,28,9.3,984.6,3,0.0,168,64.3,206.3,391.0,2.6,11.7,195.0,291.0,5,16
2026-05-12 17:00:00,39.6,26,4.9,983.9,8,0.0,182,64.5,205.8,398.0,3.9,10.9,185.0,279.0,5,17
2026-05-12 18:00:00,38.7,28,6.7,984.0,6,0.0,189,64.7,170.4,437.0,6.7,10.2,167.0,235.0,5,18
2026-05-12 19:00:00,37.1,32,9.1,984.6,2,0.0,187,65.0,148.5,494.0,10.4,9.5,145.0,173.0,5,19
2026-05-12 20:00:00,35.8,36,9.7,985.4,13,0.0,178,63.3,128.5,531.0,12.8,9.4,129.0,128.0,5,20
2026-05-12 21:00:00,34.9,38,10.4,986.0,5,0.0,166,62.9,115.0,530.0,13.0,10.2,124.0,107.0,5,21
2026-05-12 22:00:00,34.2,40,11.2,986.1,1,0.0,162,65.2,116.4,510.0,12.0,11.5,125.0,102.0,5,22
2026-05-12 23:00:00,34.0,43,10.8,985.7,19,0.0,162,68.2,129.0,485.0,11.0,12.7,126.0,118.0,5,23
2026-05-13 00:00:00,33.0,45,9.5,985.7,1,0.0,162,72.2,161.1,457.0,10.5,13.6,126.0,176.0,5,0
2026-05-13 01:00:00,32.4,46,9.6,985.5,0,0.0,162,82.0,220.7,425.0,10.1,14.2,126.0,255.0,5,1
2026-05-13 02:00:00,31.8,46,9.4,985.2,0,0.0,162,85.0,238.4,402.0,9.7,14.5,125.0,295.0,5,2
2026-05-13 03:00:00,31.3,46,8.0,985.1,0,0.0,162,78.0,210.0,388.0,9.4,14.1,121.0,259.0,5,3
2026-05-13 04:00:00,30.8,46,7.1,985.3,0,0.0,162,64.0,163.9,382.0,9.2,13.2,116.0,185.0,5,4
2026-05-13 05:00:00,30.5,51,8.8,985.3,0,0.0,161,57.7,75.2,400.0,24.8,8.1,50.0,33.0,5,5
2026-05-13 06:00:00,29.8,53,7.4,986.1,0,0.0,160,56.7,72.4,468.0,23.1,8.8,55.0,21.0,5,6
2026-05-13 07:00:00,30.5,51,5.0,986.7,0,0.0,159,56.3,68.0,558.0,20.6,9.7,65.0,8.0,5,7
2026-05-13 08:00:00,32.3,46,4.8,987.5,0,0.0,159,56.2,68.7,603.0,17.5,10.5,83.0,24.0,5,8
2026-05-13 09:00:00,34.7,39,5.2,987.6,0,0.0,158,61.9,109.2,559.0,13.1,11.1,121.0,95.0,5,9
2026-05-13 10:00:00,37.1,31,5.4,987.7,1,0.0,158,81.0,182.5,469.0,8.0,11.7,168.0,194.0,5,10
2026-05-13 11:00:00,39.0,24,6.4,987.5,31,0.0,158,91.7,231.9,399.0,4.2,11.7,200.0,270.0,5,11
2026-05-13 12:00:00,39.7,23,7.0,986.5,24,0.0,159,91.5,245.9,376.0,2.5,10.7,203.0,302.0,5,12
2026-05-13 13:00:00,40.3,22,8.1,985.5,41,0.0,159,85.0,236.1,372.0,2.0,9.3,190.0,310.0,5,13
2026-05-13 14:00:00,40.5,21,8.6,984.4,26,0.0,160,79.4,238.4,374.0,2.1,8.6,179.0,313.0,5,14
2026-05-13 15:00:00,40.8,20,8.0,983.4,39,0.0,160,78.2,243.1,377.0,2.2,9.4,177.0,317.0,5,15
2026-05-13 16:00:00,40.6,19,7.5,983.2,75,0.0,161,76.4,243.1,385.0,2.9,10.9,176.0,316.0,5,16
2026-05-13 17:00:00,41.4,17,6.8,981.9,73,0.0,163,61.0,209.5,398.0,4.4,10.5,164.0,296.0,5,17
2026-05-13 18:00:00,39.8,20,10.6,982.3,66,0.0,170,70.5,156.9,417.0,26.6,11.7,126.0,264.0,5,18
2026-05-13 19:00:00,38.5,21,7.9,982.2,58,0.0,163,94.3,187.7,441.0,56.9,13.4,73.0,218.0,5,19
2026-05-13 20:00:00,37.8,22,5.8,983.0,88,0.0,162,115.3,206.8,462.0,76.8,14.3,35.0,177.0,5,20
2026-05-13 21:00:00,37.1,29,0.4,983.6,84,0.0,164,128.5,214.2,478.0,77.6,13.9,24.0,143.0,5,21
2026-05-13 22:00:00,36.2,26,1.5,984.0,70,0.0,166,124.3,193.2,492.0,68.1,12.8,27.0,113.0,5,22
2026-05-13 23:00:00,35.9,31,2.0,983.6,68,0.0,167,101.5,152.3,503.0,56.5,11.6,35.0,93.0,5,23
2026-05-14 00:00:00,34.7,34,5.5,983.3,72,0.0,168,80.1,123.9,511.0,43.2,10.4,50.0,89.0,5,0
2026-05-14 01:00:00,33.1,39,10.4,982.7,28,0.0,169,71.7,119.2,516.0,27.7,9.2,69.0,95.0,5,1
2026-05-14 02:00:00,31.6,43,11.3,982.3,0,0.0,168,68.9,117.6,518.0,16.8,8.4,82.0,94.0,5,2
2026-05-14 03:00:00,30.6,44,11.3,982.3,0,0.0,168,66.6,104.5,507.0,14.4,8.2,79.0,74.0,5,3
2026-05-14 04:00:00,29.8,45,3.5,983.1,0,0.0,167,61.9,85.7,494.0,16.7,8.4,69.0,47.0,5,4
2026-05-14 05:00:00,30.5,49,4.0,983.0,0,0.0,167,83.8,158.3,512.0,26.7,8.3,65.0,141.0,5,5
2026-05-14 06:00:00,29.5,58,0.2,983.7,0,0.0,168,91.7,171.4,601.0,25.2,8.7,68.0,147.0,5,6
2026-05-14 07:00:00,30.0,55,1.5,984.4,0,0.0,169,95.5,146.7,721.0,23.0,9.3,74.0,156.0,5,7
2026-05-14 08:00:00,31.6,50,2.7,984.8,0,0.0,170,87.3,171.4,788.0,19.9,10.1,88.0,160.0,5,8
2026-05-14 09:00:00,33.7,43,4.3,985.3,0,0.0,171,83.1,175.6,753.0,15.0,11.2,118.0,156.0,5,9
2026-05-14 10:00:00,35.8,37,4.6,985.6,0,0.0,172,79.2,166.2,665.0,9.1,12.5,157.0,147.0,5,10
2026-05-14 11:00:00,37.9,32,2.8,985.4,15,0.0,172,71.7,147.1,584.0,4.7,13.7,186.0,142.0,5,11
2026-05-14 12:00:00,39.1,30,6.3,984.9,16,0.0,171,63.1,129.5,528.0,2.8,14.7,196.0,144.0,5,12
2026-05-14 13:00:00,39.8,27,9.1,984.2,13,0.0,170,58.3,124.3,480.0,2.4,15.7,197.0,149.0,5,13
2026-05-14 14:00:00,40.5,24,9.5,983.3,36,0.0,170,59.4,139.2,448.0,2.4,16.3,195.0,156.0,5,14
2026-05-14 15:00:00,40.6,23,9.3,982.7,16,0.0,169,60.8,149.0,430.0,2.6,16.5,195.0,169.0,5,15
2026-05-14 16:00:00,39.1,24,4.2,983.0,22,0.0,169,63.8,159.3,429.0,3.3,16.4,194.0,185.0,5,16
2026-05-14 17:00:00,39.4,22,10.8,982.4,1,0.1,168,56.9,160.2,459.0,5.5,17.4,175.0,201.0,5,17
2026-05-14 18:00:00,37.7,26,13.5,983.0,5,0.0,176,62.9,129.0,551.0,6.5,15.4,164.0,162.0,5,18
2026-05-14 19:00:00,36.1,31,12.3,983.5,9,0.0,177,61.9,113.4,674.0,8.0,12.6,148.0,108.0,5,19
2026-05-14 20:00:00,34.2,33,16.7,984.1,6,0.0,171,56.0,92.4,750.0,9.4,10.4,134.0,70.0,5,20
2026-05-14 21:00:00,32.2,37,14.3,984.4,50,0.0,165,56.0,92.0,735.0,10.6,9.5,125.0,66.0,5,21
2026-05-14 22:00:00,30.8,41,13.9,985.3,33,0.0,163,59.3,101.3,671.0,11.7,9.1,118.0,78.0,5,22
2026-05-14 23:00:00,30.6,41,15.0,985.7,3,0.0,161,59.8,102.9,612.0,12.4,8.7,111.0,84.0,5,23
2026-05-15 00:00:00,29.3,44,9.7,985.6,8,0.0,160,60.1,92.9,568.0,12.7,8.0,102.0,71.0,5,0
2026-05-15 01:00:00,28.7,45,6.3,985.4,17,0.0,159,58.0,80.3,527.0,12.7,7.2,92.0,52.0,5,1
2026-05-15 02:00:00,28.2,47,5.8,985.4,14,0.0,159,55.1,75.4,507.0,12.3,6.5,86.0,39.0,5,2
2026-05-15 03:00:00,27.3,50,7.4,985.8,30,0.0,158,52.3,74.7,516.0,11.2,5.8,86.0,37.0,5,3
2026-05-15 04:00:00,27.1,52,4.0,985.8,16,0.0,158,51.2,74.7,546.0,9.7,5.2,89.0,41.0,5,4
2026-05-15 05:00:00,24.9,69,8.5,986.9,13,0.0,158,48.9,79.4,590.0,10.0,5.7,85.0,58.0,5,5
2026-05-15 06:00:00,24.4,73,9.6,987.8,10,0.0,157,48.5,77.3,666.0,10.6,5.9,86.0,60.0,5,6
2026-05-15 07:00:00,26.0,66,4.6,988.4,69,0.0,155,49.5,81.3,756.0,11.3,6.2,88.0,64.0,5,7
2026-05-15 08:00:00,25.8,71,7.8,988.7,100,0.7,154,49.0,88.0,795.0,10.9,6.3,95.0,75.0,5,8
2026-05-15 09:00:00,25.5,76,4.9,989.0,99,0.0,153,46.7,95.0,741.0,8.5,6.1,112.0,98.0,5,9
2026-05-15 10:00:00,27.1,60,5.6,990.3,99,0.0,152,46.1,107.6,635.0,5.0,5.7,134.0,127.0,5,10
2026-05-15 11:00:00,30.1,47,6.1,988.9,90,0.0,151,49.1,129.0,537.0,2.4,5.4,150.0,152.0,5,11
2026-05-15 12:00:00,32.7,39,5.0,987.7,17,0.0,150,51.9,143.4,460.0,1.5,5.4,156.0,167.0,5,12
2026-05-15 13:00:00,34.6,34,4.5,987.5,44,0.0,149,53.0,147.6,392.0,1.5,5.5,158.0,178.0,5,13
2026-05-15 14:00:00,35.5,32,5.1,986.5,48,0.0,148,53.0,148.1,353.0,1.7,5.6,157.0,184.0,5,14
2026-05-15 15:00:00,35.9,31,4.2,985.6,39,0.0,148,52.5,146.7,368.0,1.1,5.4,158.0,189.0,5,15
2026-05-15 16:00:00,36.0,30,0.9,985.2,24,0.0,147,52.3,145.8,414.0,0.8,5.2,156.0,189.0,5,16
2026-05-15 17:00:00,37.3,28,0.4,984.5,45,0.0,146,33.5,91.5,438.0,3.2,5.5,143.0,111.0,5,17
2026-05-15 18:00:00,36.3,30,9.2,984.6,52,0.0,143,37.7,81.3,401.0,13.6,6.3,120.0,96.0,5,18
2026-05-15 19:00:00,26.7,59,23.4,986.7,60,0.3,141,52.3,93.6,342.0,27.8,7.3,88.0,76.0,5,19
2026-05-15 20:00:00,27.4,60,15.8,986.2,40,0.2,140,57.4,89.2,332.0,36.6,8.0,65.0,58.0,5,20
2026-05-15 21:00:00,27.7,56,14.0,986.7,8,0.0,140,51.1,78.2,427.0,34.8,8.1,61.0,46.0,5,21
2026-05-15 22:00:00,27.7,56,10.0,987.1,23,0.0,139,45.3,65.7,570.0,27.8,7.8,65.0,38.0,5,22
2026-05-15 23:00:00,28.1,56,8.1,986.6,95,0.0,138,40.5,56.7,665.0,22.4,7.4,67.0,31.0,5,23
2026-05-16 00:00:00,27.5,59,4.9,986.1,1,0.0,136,38.1,53.3,662.0,21.9,6.7,60.0,26.0,5,0
2026-05-16 01:00:00,26.4,63,11.0,986.9,0,0.0,133,37.5,50.8,610.0,23.1,5.9,50.0,22.0,5,1
2026-05-16 02:00:00,25.7,65,6.1,986.5,0,0.0,131,34.9,46.2,557.0,23.1,5.2,44.0,21.0,5,2
2026-05-16 03:00:00,25.3,67,6.5,986.6,0,0.0,129,31.2,43.1,506.0,20.3,4.7,45.0,22.0,5,3
2026-05-16 04:00:00,25.2,67,7.8,986.4,0,0.0,127,28.9,43.3,454.0,16.4,4.3,50.0,26.0,5,4
2026-05-16 05:00:00,25.4,67,5.6,986.6,0,0.0,125,34.1,56.8,438.0,17.1,4.8,53.0,42.0,5,5
2026-05-16 06:00:00,25.4,66,5.0,987.1,0,0.0,123,36.1,59.8,499.0,15.8,5.1,59.0,55.0,5,6
2026-05-16 07:00:00,26.8,60,3.9,987.7,0,0.0,122,37.0,67.8,598.0,14.0,5.4,67.0,72.0,5,7
2026-05-16 08:00:00,29.3,51,2.6,988.5,0,0.0,121,37.0,82.2,649.0,11.7,5.5,80.0,85.0,5,8
2026-05-16 09:00:00,32.1,41,5.6,988.9,0,0.0,119,36.1,88.7,607.0,8.6,5.0,101.0,87.0,5,9
2026-05-16 10:00:00,34.3,34,7.3,988.9,0,0.0,118,33.4,80.8,518.0,5.1,4.2,127.0,84.0,5,10
2026-05-16 11:00:00,36.0,30,7.8,989.2,0,0.0,117,33.8,78.7,440.0,2.5,3.9,146.0,83.0,5,11
2026-05-16 12:00:00,37.2,27,8.7,988.5,5,0.0,115,36.1,84.8,391.0,1.5,4.6,154.0,87.0,5,12
2026-05-16 13:00:00,38.3,25,10.7,987.9,16,0.0,114,37.7,91.0,353.0,1.4,5.7,155.0,94.0,5,13
2026-05-16 14:00:00,39.1,23,12.3,986.8,16,0.0,112,36.1,88.7,324.0,1.6,6.5,153.0,100.0,5,14
2026-05-16 15:00:00,39.6,21,11.5,985.9,33,0.0,110,34.8,89.9,291.0,0.5,6.5,151.0,108.0,5,15
2026-05-16 16:00:00,39.7,21,11.2,985.2,13,0.0,108,34.2,92.4,266.0,0.0,6.1,147.0,116.0,5,16
2026-05-16 17:00:00,39.9,20,11.5,984.8,7,0.0,108,21.4,64.0,288.0,3.0,6.0,132.0,83.0,5,17
2026-05-16 18:00:00,38.9,22,11.2,984.7,14,0.0,114,24.9,53.3,381.0,12.3,6.3,110.0,73.0,5,18
2026-05-16 19:00:00,37.8,25,8.3,984.9,5,0.0,111,35.0,62.9,520.0,25.0,6.8,79.0,59.0,5,19
2026-05-16 20:00:00,36.2,28,8.9,985.4,1,0.0,102,44.5,70.1,665.0,34.1,7.0,56.0,48.0,5,20
2026-05-16 21:00:00,35.2,29,6.4,986.2,0,0.0,101,48.0,70.1,825.0,35.3,6.8,47.0,42.0,5,21
2026-05-16 22:00:00,34.6,29,4.7,986.6,0,0.0,100,47.8,68.2,990.0,32.8,6.4,46.0,38.0,5,22
2026-05-16 23:00:00,34.7,29,4.5,986.3,0,0.0,101,44.7,64.0,1094.0,32.3,6.1,43.0,36.0,5,23
2026-05-17 00:00:00,33.3,32,2.5,986.3,0,0.0,101,39.6,58.4,1092.0,36.6,6.1,37.0,35.0,5,0
2026-05-17 01:00:00,31.9,37,1.8,986.0,0,0.0,101,40.6,59.5,1029.0,43.0,6.3,29.0,35.0,5,1
2026-05-17 02:00:00,30.9,41,2.4,985.9,0,0.0,102,52.3,71.5,972.0,48.8,6.5,22.0,35.0,5,2
2026-05-17 03:00:00,30.2,42,5.2,985.7,0,0.0,103,67.1,84.3,934.0,54.6,6.7,12.0,34.0,5,3
2026-05-17 04:00:00,29.7,44,5.6,985.7,0,0.0,107,76.1,92.7,902.0,59.9,7.0,2.0,32.0,5,4
2026-05-17 05:00:00,30.5,45,1.0,986.1,0,0.0,112,91.3,107.6,902.0,55.1,7.8,3.0,28.0,5,5
2026-05-17 06:00:00,29.5,47,3.1,986.7,0,0.0,118,93.6,108.7,980.0,50.2,8.1,12.0,26.0,5,6
2026-05-17 07:00:00,30.2,46,3.1,987.3,0,0.0,124,83.8,95.7,1090.0,43.0,8.7,25.0,25.0,5,7
2026-05-17 08:00:00,32.0,43,5.6,987.9,0,0.0,129,72.2,89.4,1124.0,34.9,9.7,50.0,27.0,5,8
2026-05-17 09:00:00,34.0,39,4.6,988.3,0,0.0,133,64.5,85.7,1015.0,25.1,11.8,97.0,36.0,5,9
2026-05-17 10:00:00,36.4,33,2.6,988.2,0,0.0,136,55.2,82.4,830.0,14.4,14.3,155.0,48.0,5,10
2026-05-17 11:00:00,38.0,29,3.3,988.8,0,0.0,138,48.0,81.7,661.0,6.4,16.2,195.0,62.0,5,11
2026-05-17 12:00:00,39.5,25,5.9,988.1,0,0.0,139,41.3,87.3,534.0,2.9,16.7,202.0,76.0,5,12
2026-05-17 13:00:00,40.2,24,7.2,987.3,2,0.0,140,38.8,89.2,423.0,2.1,16.4,192.0,91.0,5,13
2026-05-17 14:00:00,40.5,25,7.5,986.4,9,0.0,140,37.7,92.4,348.0,2.0,16.3,182.0,106.0,5,14
2026-05-17 15:00:00,40.6,25,7.7,985.7,9,0.0,140,38.0,99.0,309.0,0.4,16.7,180.0,122.0,5,15
2026-05-17 16:00:00,40.5,26,6.4,984.9,14,0.0,140,38.5,106.2,306.0,0.0,17.1,178.0,138.0,5,16
2026-05-17 17:00:00,40.8,24,4.2,984.4,12,0.0,158,33.4,99.2,355.0,3.6,17.2,167.0,127.0,5,17
2026-05-17 18:00:00,40.3,25,2.1,984.2,11,0.0,169,36.7,81.7,504.0,13.9,16.9,140.0,120.0,5,18
2026-05-17 19:00:00,39.0,28,6.7,983.9,4,0.0,166,53.3,105.7,704.0,28.1,16.5,102.0,109.0,5,19
2026-05-17 20:00:00,36.9,35,10.0,984.0,1,0.0,152,68.5,120.1,832.0,38.9,15.7,71.0,98.0,5,20
2026-05-17 21:00:00,35.6,38,8.4,984.5,0,0.0,148,78.7,126.7,827.0,43.9,14.4,52.0,88.0,5,21
2026-05-17 22:00:00,35.0,37,7.7,984.8,0,0.0,150,84.3,128.1,749.0,45.5,12.7,39.0,77.0,5,22
2026-05-17 23:00:00,35.8,29,10.9,984.2,0,0.0,151,73.6,109.2,650.0,43.9,11.1,33.0,66.0,5,23
2026-05-18 00:00:00,35.1,28,11.0,983.7,2,0.0,152,52.6,76.4,528.0,37.3,9.6,35.0,52.0,5,0
2026-05-18 01:00:00,34.5,28,11.4,983.2,20,0.0,153,36.7,52.9,385.0,27.4,8.2,43.0,37.0,5,1
2026-05-18 02:00:00,33.7,29,12.9,982.6,0,0.0,153,27.0,42.3,279.0,19.5,7.4,50.0,28.0,5,2
2026-05-18 03:00:00,33.0,29,12.9,982.4,13,0.0,152,22.1,39.7,231.0,15.9,7.8,54.0,27.0,5,3
2026-05-18 04:00:00,32.4,29,12.4,982.8,0,0.0,150,20.3,39.2,220.0,14.3,8.8,58.0,31.0,5,4
2026-05-18 05:00:00,32.0,30,12.0,983.0,4,0.0,146,24.9,40.6,239.0,22.1,8.4,40.0,30.0,5,5
2026-05-18 06:00:00,31.3,31,12.3,983.2,8,0.0,139,21.0,39.5,310.0,19.8,8.7,45.0,34.0,5,6
2026-05-18 07:00:00,32.1,31,9.3,984.0,13,0.0,131,24.6,43.8,412.0,16.6,9.3,53.0,39.0,5,7
2026-05-18 08:00:00,34.0,29,7.1,984.6,0,0.0,125,26.8,49.9,472.0,13.2,9.8,67.0,44.0,5,8
2026-05-18 09:00:00,36.5,26,8.3,985.1,0,0.0,120,28.5,54.1,452.0,9.7,10.7,93.0,46.0,5,9
2026-05-18 10:00:00,38.9,21,9.4,985.1,0,0.0,117,29.0,55.6,390.0,6.2,11.6,125.0,47.0,5,10
2026-05-18 11:00:00,41.2,19,11.7,985.1,0,0.0,114,28.3,57.4,328.0,3.5,11.6,146.0,54.0,5,11
2026-05-18 12:00:00,43.0,14,16.2,984.4,0,0.0,112,27.1,65.0,275.0,2.1,9.9,146.0,74.0,5,12
2026-05-18 13:00:00,44.0,11,18.6,983.9,0,0.0,110,24.4,72.6,222.0,1.6,7.2,135.0,100.0,5,13
2026-05-18 14:00:00,44.3,11,18.0,983.4,0,0.0,109,23.4,81.0,189.0,1.6,5.1,126.0,115.0,5,14
2026-05-18 15:00:00,44.1,11,17.1,983.0,0,0.0,107,22.8,82.9,182.0,1.6,4.2,124.0,111.0,5,15
2026-05-18 16:00:00,43.6,12,16.5,982.5,0,0.0,106,21.9,77.1,194.0,2.1,3.9,123.0,96.0,5,16
2026-05-18 17:00:00,43.4,11,15.9,982.0,0,0.0,104,16.2,51.2,221.0,4.1,4.1,118.0,70.0,5,17
2026-05-18 18:00:00,41.6,14,14.5,981.8,0,0.0,102,17.8,37.5,273.0,8.1,4.4,106.0,55.0,5,18
2026-05-18 19:00:00,39.3,17,15.5,981.4,0,0.0,100,21.6,34.0,339.0,13.6,4.9,89.0,34.0,5,19
2026-05-18 20:00:00,37.7,18,13.6,981.5,0,0.0,98,23.7,33.1,388.0,17.5,5.2,76.0,17.0,5,20
2026-05-18 21:00:00,36.8,18,14.0,982.0,0,0.0,94,23.8,31.1,405.0,18.5,5.2,70.0,9.0,5,21
2026-05-18 22:00:00,35.9,19,14.3,982.5,0,0.0,90,23.3,27.8,404.0,18.1,5.1,68.0,5.0,5,22
2026-05-18 23:00:00,35.9,19,15.4,982.2,0,0.0,85,21.9,24.6,392.0,17.2,4.8,67.0,4.0,5,23
2026-05-19 00:00:00,34.8,20,15.2,982.0,0,0.0,81,19.3,22.0,370.0,16.2,4.3,65.0,8.0,5,0
2026-05-19 01:00:00,33.6,23,15.8,981.8,0,0.0,78,18.0,24.9,337.0,14.8,3.7,63.0,15.0,5,1
2026-05-19 02:00:00,32.8,26,16.6,981.7,0,0.0,77,17.4,28.5,304.0,13.5,3.4,62.0,21.0,5,2
2026-05-19 03:00:00,32.4,26,17.5,981.9,0,0.0,76,15.9,25.0,267.0,12.3,3.6,63.0,22.0,5,3
2026-05-19 04:00:00,31.7,26,16.5,982.0,0,0.0,76,15.1,24.0,229.0,11.0,4.0,64.0,22.0,5,4
2026-05-19 05:00:00,31.6,29,17.3,982.0,0,0.0,75,15.4,26.1,215.0,10.2,4.6,67.0,19.0,5,5
2026-05-19 06:00:00,30.7,33,17.2,982.7,0,0.0,74,17.8,32.1,247.0,9.8,5.0,66.0,21.0,5,6
2026-05-19 07:00:00,31.3,35,14.3,983.3,0,0.0,74,21.9,33.1,302.0,9.2,5.5,65.0,24.0,5,7
2026-05-19 08:00:00,32.9,34,14.3,984.2,0,0.0,74,24.2,43.4,339.0,8.2,6.2,69.0,34.0,5,8
2026-05-19 09:00:00,34.6,32,11.8,984.9,0,0.0,74,27.1,51.9,332.0,6.4,7.0,84.0,54.0,5,9
2026-05-19 10:00:00,36.2,31,10.8,985.4,0,0.0,74,30.9,69.4,306.0,4.2,7.8,104.0,80.0,5,10
2026-05-19 11:00:00,38.2,28,10.2,985.3,0,0.0,74,34.7,89.9,294.0,2.5,8.6,121.0,103.0,5,11
2026-05-19 12:00:00,39.6,26,9.7,985.0,0,0.0,74,37.6,105.5,312.0,1.8,9.3,130.0,121.0,5,12
2026-05-19 13:00:00,40.7,23,8.6,984.3,5,0.0,75,38.9,112.0,344.0,1.8,9.9,136.0,135.0,5,13
2026-05-19 14:00:00,41.4,22,7.3,983.5,3,0.0,76,39.5,112.9,371.0,1.9,10.2,139.0,141.0,5,14
2026-05-19 15:00:00,41.8,21,6.7,983.1,13,0.0,78,39.0,109.2,371.0,0.4,9.9,143.0,136.0,5,15
2026-05-19 16:00:00,41.7,20,7.6,982.7,9,0.0,79,37.4,101.7,366.0,0.0,9.2,145.0,122.0,5,16
2026-05-19 17:00:00,41.9,19,6.8,982.2,3,0.0,80,25.9,73.6,409.0,3.5,9.9,140.0,91.0,5,17
2026-05-19 18:00:00,40.7,21,6.3,982.1,5,0.0,92,30.2,59.1,548.0,16.9,10.1,114.0,77.0,5,18
2026-05-19 19:00:00,38.9,26,8.2,982.3,2,0.0,94,45.9,73.8,734.0,35.8,10.5,78.0,58.0,5,19
2026-05-19 20:00:00,37.7,30,9.1,982.7,0,0.0,85,65.2,89.9,873.0,52.3,11.2,47.0,44.0,5,20
2026-05-19 21:00:00,36.4,33,8.1,983.1,0,0.0,87,84.1,104.8,928.0,64.3,12.4,27.0,38.0,5,21
2026-05-19 22:00:00,35.8,32,7.1,983.5,0,0.0,92,101.0,120.1,936.0,73.9,13.8,13.0,37.0,5,22
2026-05-19 23:00:00,35.4,29,9.5,983.3,0,0.0,98,110.6,132.2,915.0,79.9,14.9,3.0,38.0,5,23
2026-05-20 00:00:00,34.1,32,8.8,983.2,0,0.0,106,109.4,134.6,835.0,80.6,15.3,0.0,43.0,5,0
2026-05-20 01:00:00,33.2,35,7.3,982.7,0,0.0,116,107.1,135.5,726.0,77.7,15.3,0.0,52.0,5,1
2026-05-20 02:00:00,32.6,36,6.0,982.2,0,0.0,125,109.0,140.6,701.0,74.6,15.1,1.0,57.0,5,2
2026-05-20 03:00:00,32.0,38,5.7,982.1,0,0.0,135,114.8,148.1,866.0,73.6,14.9,0.0,56.0,5,3
2026-05-20 04:00:00,31.5,39,5.5,982.3,0,0.0,145,122.0,154.1,1115.0,72.4,14.6,0.0,53.0,5,4
2026-05-20 05:00:00,31.3,43,11.1,982.1,0,0.0,152,68.9,84.8,1240.0,55.7,8.5,4.0,27.0,5,5
2026-05-20 06:00:00,31.3,43,12.6,982.5,0,0.0,153,54.4,70.8,1122.0,43.4,7.2,19.0,22.0,5,6
2026-05-20 07:00:00,33.0,41,10.6,983.3,0,0.0,154,45.3,57.6,879.0,26.3,5.5,41.0,16.0,5,7
2026-05-20 08:00:00,34.9,41,12.1,983.9,0,0.0,155,35.9,49.2,661.0,12.9,4.8,63.0,23.0,5,8
2026-05-20 09:00:00,36.8,38,12.2,984.2,0,0.0,155,34.1,60.8,516.0,6.8,6.4,87.0,52.0,5,9
2026-05-20 10:00:00,38.8,35,11.8,984.3,0,0.0,156,39.6,89.4,396.0,4.3,9.0,111.0,94.0,5,10
2026-05-20 11:00:00,40.5,29,12.3,984.7,0,0.0,156,44.2,111.8,305.0,2.8,10.5,127.0,129.0,5,11
2026-05-20 12:00:00,41.7,24,13.4,984.2,15,0.0,156,45.6,127.1,248.0,1.6,9.8,129.0,154.0,5,12
2026-05-20 13:00:00,42.5,22,13.0,983.3,21,0.0,156,43.8,133.2,219.0,1.4,8.1,123.0,172.0,5,13
2026-05-20 14:00:00,42.9,20,12.9,982.6,21,0.0,157,41.0,131.3,205.0,1.6,6.5,117.0,179.0,5,14
2026-05-20 15:00:00,43.0,18,12.8,982.0,44,0.0,157,36.8,120.1,184.0,0.0,5.3,116.0,168.0,5,15
2026-05-20 16:00:00,42.8,17,11.2,981.5,42,0.0,157,32.6,106.6,177.0,0.0,4.3,115.0,146.0,5,16
2026-05-20 17:00:00,42.8,15,12.0,980.9,11,0.0,156,20.8,64.3,232.0,3.8,4.1,107.0,86.0,5,17
2026-05-20 18:00:00,41.8,17,8.4,981.0,14,0.0,156,29.4,57.4,422.0,22.5,5.8,83.0,78.0,5,18
2026-05-20 19:00:00,40.3,19,4.9,981.0,9,0.0,156,46.7,75.0,675.0,47.9,8.2,51.0,68.0,5,19
2026-05-20 20:00:00,38.9,23,5.3,981.4,5,0.0,156,68.5,99.9,823.0,63.5,10.9,30.0,60.0,5,20
2026-05-20 21:00:00,37.7,30,2.2,982.2,2,0.0,156,81.7,115.7,765.0,60.2,14.5,31.0,58.0,5,21
2026-05-20 22:00:00,37.4,26,3.8,982.8,1,0.0,156,69.2,99.9,603.0,47.2,18.2,44.0,58.0,5,22
2026-05-20 23:00:00,37.3,28,4.1,982.3,0,0.0,155,56.1,87.8,476.0,35.1,19.8,55.0,57.0,5,23
2026-05-21 00:00:00,35.8,32,3.4,982.3,15,0.0,154,47.1,77.5,444.0,27.2,17.3,61.0,54.0,5,0
2026-05-21 01:00:00,32.2,39,20.5,983.5,27,0.0,152,41.2,68.5,446.0,20.4,12.6,65.0,51.0,5,1
2026-05-21 02:00:00,29.7,47,18.9,984.1,18,0.0,150,37.0,63.1,439.0,15.8,8.7,66.0,47.0,5,2
2026-05-21 03:00:00,28.8,49,16.9,984.5,5,0.0,142,36.7,63.1,401.0,15.0,6.6,60.0,42.0,5,3
2026-05-21 04:00:00,28.7,47,16.4,985.1,24,0.0,134,36.9,56.1,354.0,16.4,5.1,50.0,36.0,5,4
2026-05-21 05:00:00,29.2,51,14.8,985.3,0,0.0,125,20.7,26.3,323.0,9.3,4.7,74.0,9.0,5,5
2026-05-21 06:00:00,29.1,51,15.3,985.8,0,0.0,120,19.6,28.1,328.0,8.8,5.3,80.0,15.0,5,6
2026-05-21 07:00:00,30.0,47,12.2,986.3,0,0.0,117,21.7,31.5,349.0,8.1,6.1,90.0,24.0,5,7
2026-05-21 08:00:00,31.3,43,14.2,987.4,0,0.0,114,24.0,41.8,355.0,7.1,6.6,101.0,33.0,5,8
2026-05-21 09:00:00,32.8,40,13.0,987.8,0,0.0,113,26.7,51.7,327.0,5.4,6.5,116.0,41.0,5,9
2026-05-21 10:00:00,35.0,34,10.5,987.8,0,0.0,112,28.1,56.5,284.0,3.5,6.0,134.0,48.0,5,10
2026-05-21 11:00:00,37.7,26,11.2,988.1,0,0.0,111,27.8,56.9,251.0,2.0,5.6,147.0,54.0,5,11
2026-05-21 12:00:00,38.9,23,11.3,987.5,0,0.0,109,27.6,58.0,239.0,1.5,5.4,152.0,57.0,5,12
2026-05-21 13:00:00,39.8,21,10.6,986.8,7,0.0,107,27.7,58.8,239.0,1.4,5.3,152.0,58.0,5,13
2026-05-21 14:00:00,40.3,20,9.7,985.8,11,0.0,106,28.1,59.4,242.0,1.6,5.2,152.0,59.0,5,14
2026-05-21 15:00:00,40.4,20,8.8,985.0,18,0.0,104,28.8,60.8,247.0,0.9,5.0,155.0,63.0,5,15
2026-05-21 16:00:00,40.3,21,8.1,984.6,20,0.0,103,29.9,63.1,257.0,0.4,4.8,158.0,67.0,5,16
2026-05-21 17:00:00,40.1,22,8.1,983.9,18,0.0,115,24.2,65.9,273.0,2.7,4.4,147.0,81.0,5,17
2026-05-21 18:00:00,39.4,23,5.8,984.3,7,0.0,121,29.0,61.9,301.0,11.2,5.5,126.0,68.0,5,18
2026-05-21 19:00:00,38.0,25,7.2,984.8,8,0.0,119,40.6,65.4,336.0,22.5,6.9,97.0,51.0,5,19
2026-05-21 20:00:00,36.3,30,11.3,985.7,8,0.0,109,41.6,61.2,360.0,28.4,7.6,78.0,36.0,5,20
2026-05-21 21:00:00,34.9,34,16.2,986.7,9,0.0,100,36.1,52.3,368.0,23.3,6.8,80.0,28.0,5,21
2026-05-21 22:00:00,33.2,37,22.1,987.3,1,0.0,96,23.9,34.5,365.0,12.8,5.4,91.0,22.0,5,22
2026-05-21 23:00:00,30.0,46,20.0,988.1,1,0.0,93,20.6,30.5,356.0,5.3,4.3,98.0,19.0,5,23
2026-05-22 00:00:00,29.1,47,16.0,987.6,2,0.0,90,21.6,32.9,335.0,4.7,4.3,94.0,18.0,5,0
2026-05-22 01:00:00,29.4,45,14.7,987.3,0,0.0,88,22.8,34.9,308.0,7.1,4.7,86.0,19.0,5,1
2026-05-22 02:00:00,28.8,48,12.4,987.5,0,0.0,87,23.7,35.0,289.0,9.2,4.9,79.0,21.0,5,2
2026-05-22 03:00:00,27.8,52,10.3,987.8,0,0.0,86,24.8,36.4,283.0,9.9,4.7,74.0,23.0,5,3
2026-05-22 04:00:00,27.1,56,8.3,988.4,0,0.0,85,26.1,40.3,286.0,10.2,4.3,70.0,26.0,5,4
2026-05-22 05:00:00,28.5,56,7.3,988.0,2,0.0,84,24.9,40.5,304.0,10.4,4.7,69.0,29.0,5,5
2026-05-22 06:00:00,28.2,57,5.4,988.7,0,0.0,84,25.6,41.9,352.0,9.8,5.0,72.0,37.0,5,6
2026-05-22 07:00:00,29.2,53,3.4,989.7,0,0.0,85,27.9,50.2,414.0,8.9,5.4,77.0,48.0,5,7
2026-05-22 08:00:00,30.8,48,3.7,990.6,0,0.0,85,30.9,63.1,453.0,7.7,5.5,86.0,60.0,5,8
2026-05-22 09:00:00,33.0,42,1.8,990.7,0,0.0,86,34.6,79.4,448.0,5.9,5.2,102.0,73.0,5,9
2026-05-22 10:00:00,35.4,34,1.2,990.8,2,0.0,86,35.4,85.0,418.0,3.8,4.6,121.0,86.0,5,10
2026-05-22 11:00:00,37.1,29,2.9,990.7,9,0.0,87,33.9,83.8,385.0,2.2,4.2,136.0,94.0,5,11
2026-05-22 12:00:00,38.6,26,2.7,990.0,9,0.0,87,32.7,80.6,350.0,1.5,3.9,143.0,92.0,5,12
2026-05-22 13:00:00,39.7,24,4.4,989.2,7,0.0,88,32.1,76.8,311.0,1.4,3.8,145.0,85.0,5,13
2026-05-22 14:00:00,40.0,23,5.8,988.1,21,0.0,88,31.7,74.5,286.0,1.5,3.8,146.0,80.0,5,14
2026-05-22 15:00:00,40.0,24,7.8,987.6,9,0.0,88,31.9,75.7,275.0,0.3,4.0,149.0,83.0,5,15
2026-05-22 16:00:00,39.8,24,7.7,987.1,5,0.0,89,32.9,78.5,277.0,0.0,4.4,150.0,89.0,5,16
2026-05-22 17:00:00,39.7,23,6.7,986.6,7,0.0,99,28.6,80.3,307.0,2.9,5.6,143.0,99.0,5,17
2026-05-22 18:00:00,39.1,24,7.8,986.4,2,0.0,108,33.4,74.0,373.0,14.2,6.1,116.0,86.0,5,18
2026-05-22 19:00:00,37.8,27,9.2,986.4,2,0.0,106,50.1,81.3,466.0,29.8,6.7,78.0,68.0,5,19
2026-05-22 20:00:00,36.5,31,8.3,986.8,2,0.0,94,62.9,92.4,572.0,42.3,7.3,48.0,55.0,5,20
2026-05-22 21:00:00,35.7,33,7.9,987.3,0,0.0,92,67.8,95.2,714.0,48.2,7.7,35.0,50.0,5,21
2026-05-22 22:00:00,34.9,35,7.5,987.4,0,0.0,94,73.6,99.7,868.0,51.0,7.9,29.0,49.0,5,22
2026-05-22 23:00:00,35.6,35,5.3,986.9,0,0.0,98,82.7,109.7,955.0,53.5,8.1,24.0,49.0,5,23
2026-05-23 00:00:00,33.9,40,8.7,986.8,0,0.0,104,89.9,119.0,918.0,57.9,8.2,16.0,50.0,5,0
2026-05-23 01:00:00,33.0,41,9.8,986.6,0,0.0,111,92.7,123.9,813.0,62.1,8.2,8.0,52.0,5,1
2026-05-23 02:00:00,32.5,40,6.4,986.5,0,0.0,119,89.4,118.5,724.0,62.4,8.2,5.0,53.0,5,2
2026-05-23 03:00:00,32.0,40,8.6,986.5,0,0.0,125,77.1,102.9,680.0,56.2,8.3,10.0,53.0,5,3
2026-05-23 04:00:00,30.8,44,9.3,986.6,0,0.0,131,66.6,91.7,651.0,46.2,8.5,19.0,53.0,5,4
2026-05-23 05:00:00,30.8,48,7.3,986.4,0,0.0,135,68.0,92.9,634.0,49.0,7.0,18.0,44.0,5,5
2026-05-23 06:00:00,29.6,52,7.9,987.0,0,0.0,140,73.8,100.8,643.0,43.6,8.0,28.0,50.0,5,6
2026-05-23 07:00:00,29.8,53,6.6,987.5,0,0.0,145,75.4,99.9,663.0,35.9,9.3,43.0,59.0,5,7
2026-05-23 08:00:00,31.5,51,9.7,988.5,0,0.0,150,65.9,103.8,644.0,27.9,10.7,66.0,67.0,5,8
2026-05-23 09:00:00,34.3,42,10.3,989.2,0,0.0,151,61.0,101.3,546.0,19.6,12.2,107.0,71.0,5,9
2026-05-23 10:00:00,36.8,35,10.3,989.3,0,0.0,152,55.9,95.2,410.0,11.2,13.7,158.0,74.0,5,10
2026-05-23 11:00:00,38.7,29,7.7,989.3,0,0.0,152,50.2,94.1,305.0,4.9,14.2,191.0,80.0,5,11
2026-05-23 12:00:00,39.8,26,8.9,989.0,0,0.0,153,47.3,106.6,265.0,2.3,13.0,194.0,94.0,5,12
2026-05-23 13:00:00,40.7,23,10.4,988.4,3,0.0,153,42.6,110.4,256.0,1.8,10.7,180.0,110.0,5,13
2026-05-23 14:00:00,41.2,21,9.8,987.7,21,0.0,154,35.2,96.9,255.0,1.9,9.0,167.0,119.0,5,14
2026-05-23 15:00:00,41.9,17,6.7,986.8,2,0.0,154,29.9,82.9,247.0,1.0,8.4,164.0,114.0,5,15
2026-05-23 16:00:00,41.9,15,4.2,986.0,0,0.0,154,27.4,75.0,245.0,0.5,8.2,163.0,101.0,5,16
2026-05-23 17:00:00,42.2,14,8.6,985.6,1,0.0,153,21.2,51.7,270.0,3.3,6.9,155.0,58.0,5,17
2026-05-23 18:00:00,40.9,16,9.5,985.8,6,0.0,156,27.2,48.8,335.0,11.1,6.6,132.0,49.0,5,18
2026-05-23 19:00:00,39.1,19,6.9,985.8,4,0.0,153,40.7,59.3,427.0,21.8,6.2,99.0,37.0,5,19
2026-05-23 20:00:00,37.6,21,6.7,985.7,5,0.0,153,42.7,58.7,516.0,28.7,5.8,76.0,28.0,5,20
2026-05-23 21:00:00,36.4,24,8.3,986.4,9,0.0,152,40.0,55.1,611.0,28.0,5.6,71.0,25.0,5,21
2026-05-23 22:00:00,35.4,28,8.2,986.5,4,0.0,151,38.9,53.1,704.0,23.5,5.4,74.0,24.0,5,22
2026-05-23 23:00:00,35.9,30,10.1,985.6,10,0.0,150,37.6,51.3,747.0,20.3,5.2,75.0,24.0,5,23
2026-05-24 00:00:00,34.2,33,10.6,984.8,34,0.0,146,35.4,49.1,696.0,19.7,4.9,70.0,24.0,5,0
2026-05-24 01:00:00,34.2,32,7.3,984.9,36,0.0,141,34.3,47.4,594.0,20.4,4.7,64.0,24.0,5,1
2026-05-24 02:00:00,32.8,33,6.2,985.0,1,0.0,135,34.8,48.9,527.0,23.2,4.6,56.0,25.0,5,2
2026-05-24 03:00:00,32.2,33,9.8,984.5,0,0.0,129,37.7,56.0,533.0,30.9,4.9,45.0,28.0,5,3
2026-05-24 04:00:00,31.8,35,4.1,984.3,0,0.0,125,42.4,63.3,573.0,40.7,5.4,32.0,33.0,5,4
2026-05-24 05:00:00,31.8,40,5.3,984.3,0,0.0,122,28.2,44.5,619.0,16.1,3.9,65.0,30.0,5,5
2026-05-24 06:00:00,30.7,43,3.1,985.1,0,0.0,118,28.1,43.5,681.0,14.9,3.9,62.0,36.0,5,6
2026-05-24 07:00:00,31.3,42,1.6,985.3,0,0.0,113,31.5,49.9,748.0,13.2,4.1,60.0,43.0,5,7
2026-05-24 08:00:00,33.0,39,3.7,985.9,0,0.0,109,36.9,64.0,762.0,11.3,5.6,68.0,51.0,5,8
2026-05-24 09:00:00,34.7,37,8.2,986.4,0,0.0,106,43.5,83.4,675.0,9.3,9.7,95.0,58.0,5,9
2026-05-24 10:00:00,36.2,35,10.0,986.6,0,0.0,104,47.0,89.4,535.0,7.1,15.1,133.0,64.0,5,10
2026-05-24 11:00:00,38.0,32,11.2,986.7,0,0.0,103,45.1,83.4,422.0,5.3,18.8,165.0,70.0,5,11
2026-05-24 12:00:00,39.4,29,11.7,986.4,0,0.0,102,39.9,72.4,368.0,3.9,19.3,186.0,76.0,5,12
2026-05-24 13:00:00,40.8,25,10.2,985.7,0,0.0,102,38.6,74.7,341.0,2.9,18.0,201.0,82.0,5,13
2026-05-24 14:00:00,41.7,21,9.9,984.7,0,0.0,101,38.2,82.2,325.0,2.3,16.5,210.0,88.0,5,14
2026-05-24 15:00:00,42.2,19,7.8,984.4,0,0.0,104,39.5,90.8,315.0,1.8,15.1,211.0,96.0,5,15
2026-05-24 16:00:00,42.3,19,7.6,983.8,0,0.0,136,40.6,95.0,316.0,1.6,13.4,206.0,104.0,5,16
2026-05-24 17:00:00,42.7,18,2.4,983.4,0,0.0,162,27.3,77.3,332.0,2.6,5.8,164.0,98.0,5,17
2026-05-24 18:00:00,41.5,20,3.5,983.6,2,0.0,173,30.9,64.5,370.0,7.3,6.0,145.0,82.0,5,18
2026-05-24 19:00:00,39.6,24,9.4,984.0,2,0.0,175,38.4,65.2,424.0,14.0,6.4,119.0,61.0,5,19
2026-05-24 20:00:00,38.3,26,10.3,984.5,0,0.0,167,43.2,67.5,475.0,20.6,6.8,96.0,46.0,5,20
2026-05-24 21:00:00,37.5,28,10.6,984.6,0,0.0,153,46.8,71.7,523.0,27.0,7.5,80.0,45.0,5,21
2026-05-24 22:00:00,36.9,29,8.1,985.1,0,0.0,128,55.9,82.4,569.0,33.4,8.4,66.0,50.0,5,22
2026-05-24 23:00:00,36.7,29,7.1,985.2,0,0.0,107,67.8,96.4,601.0,38.2,8.8,54.0,52.0,5,23
2026-05-25 00:00:00,35.0,33,6.4,985.0,0,0.0,110,74.5,103.1,617.0,41.0,8.4,42.0,45.0,5,0
2026-05-25 01:00:00,33.0,36,5.9,984.7,0,0.0,114,70.3,90.1,620.0,42.2,7.7,32.0,34.0,5,1
2026-05-25 02:00:00,32.0,37,4.2,984.5,0,0.0,118,61.7,77.5,607.0,41.3,7.1,26.0,27.0,5,2
2026-05-25 03:00:00,31.8,37,5.5,984.5,0,0.0,121,56.9,73.6,559.0,37.4,6.9,26.0,26.0,5,3
2026-05-25 04:00:00,31.2,37,6.3,984.6,0,0.0,123,53.1,70.8,495.0,31.5,7.0,30.0,28.0,5,4
2026-05-25 05:00:00,31.7,33,7.7,984.4,0,0.0,124,51.0,66.4,470.0,28.1,7.0,34.0,26.0,5,5
2026-05-25 06:00:00,30.8,35,7.5,985.1,0,0.0,127,48.2,61.9,531.0,25.2,7.7,45.0,26.0,5,6
2026-05-25 07:00:00,31.3,37,6.9,986.1,0,0.0,129,47.8,60.1,631.0,21.0,8.8,62.0,26.0,5,7
2026-05-25 08:00:00,33.1,34,5.9,986.7,0,0.0,130,44.6,65.4,684.0,16.6,9.5,85.0,36.0,5,8
2026-05-25 09:00:00,35.6,29,3.8,986.9,0,0.0,131,44.2,78.2,644.0,11.9,9.8,119.0,65.0,5,9
2026-05-25 10:00:00,38.0,25,3.6,987.0,0,0.0,131,45.5,101.7,556.0,7.0,9.8,159.0,103.0,5,10
2026-05-25 11:00:00,39.8,21,3.7,987.2,0,0.0,131,44.8,110.8,475.0,3.4,9.5,186.0,125.0,5,11
2026-05-25 12:00:00,41.5,18,2.2,986.7,0,0.0,131,40.0,101.7,418.0,1.8,8.6,189.0,117.0,5,12
2026-05-25 13:00:00,42.7,14,1.9,985.9,0,0.0,131,33.6,84.1,368.0,1.5,7.4,179.0,94.0,5,13
2026-05-25 14:00:00,43.1,12,6.3,985.1,2,0.0,131,27.2,65.4,324.0,1.6,6.5,170.0,73.0,5,14
2026-05-25 15:00:00,43.3,11,6.9,984.6,1,0.0,129,23.0,53.8,269.0,1.1,6.3,170.0,63.0,5,15
2026-05-25 16:00:00,43.3,9,6.6,983.9,0,0.0,134,21.0,48.0,221.0,0.9,6.4,170.0,55.0,5,16
2026-05-25 17:00:00,42.9,8,8.2,983.7,0,0.0,151,16.6,34.7,233.0,3.2,7.2,160.0,36.0,5,17
2026-05-25 18:00:00,41.9,9,8.9,983.7,0,0.0,158,25.3,37.8,356.0,12.6,7.3,135.0,31.0,5,18
2026-05-25 19:00:00,41.1,11,7.9,983.9,0,0.0,154,41.3,53.0,539.0,25.5,7.3,100.0,25.0,5,19
2026-05-25 20:00:00,39.3,13,5.6,984.4,0,0.0,137,50.5,62.6,679.0,35.1,7.4,73.0,21.0,5,20
2026-05-25 21:00:00,37.5,18,4.7,984.9,0,0.0,125,51.1,63.1,736.0,37.5,7.5,64.0,21.0,5,21
2026-05-25 22:00:00,36.3,20,3.8,985.4,0,0.0,125,53.2,65.2,750.0,36.6,7.5,64.0,23.0,5,22
2026-05-25 23:00:00,35.6,27,9.2,984.9,0,0.0,125,59.5,73.1,735.0,36.5,7.5,62.0,24.0,5,23
2026-05-26 00:00:00,35.2,28,9.1,984.4,0,0.0,124,63.3,78.0,671.0,39.5,7.4,53.0,23.0,5,0
2026-05-26 01:00:00,33.9,29,9.2,984.0,0,0.0,123,65.4,78.7,577.0,43.3,7.2,42.0,21.0,5,1
2026-05-26 02:00:00,32.9,29,9.7,983.8,0,0.0,123,61.2,73.6,529.0,45.4,6.9,35.0,20.0,5,2
2026-05-26 03:00:00,31.8,30,10.3,983.9,0,0.0,123,54.8,65.7,571.0,44.6,6.5,32.0,19.0,5,3
2026-05-26 04:00:00,31.0,31,2.5,984.5,0,0.0,122,50.4,61.5,657.0,42.0,6.1,33.0,19.0,5,4
2026-05-26 05:00:00,31.3,30,4.3,984.8,0,0.0,122,56.5,71.5,730.0,41.4,6.3,38.0,25.0,5,5
2026-05-26 06:00:00,30.4,33,9.0,985.3,0,0.0,123,55.1,72.4,781.0,36.2,6.4,49.0,29.0,5,6
2026-05-26 07:00:00,31.2,33,4.6,986.0,0,0.0,123,58.4,73.3,818.0,28.8,6.6,65.0,36.0,5,7
2026-05-26 08:00:00,33.1,29,2.7,986.8,0,0.0,124,46.0,71.0,803.0,21.6,6.6,85.0,44.0,5,8
2026-05-26 09:00:00,35.6,26,5.4,987.3,0,0.0,125,39.9,74.0,696.0,14.9,6.2,115.0,54.0,5,9
2026-05-26 10:00:00,38.4,21,5.2,987.2,0,0.0,124,38.6,77.3,536.0,8.3,5.5,149.0,66.0,5,10
2026-05-26 11:00:00,40.5,17,4.3,987.5,0,0.0,123,36.6,78.2,407.0,3.6,5.0,173.0,76.0,5,11
2026-05-26 12:00:00,42.3,15,5.4,987.5,0,0.0,123,32.8,78.0,342.0,1.7,4.7,178.0,84.0,5,12
2026-05-26 13:00:00,43.3,13,7.2,986.8,0,0.0,122,29.8,78.0,308.0,1.6,4.4,172.0,90.0,5,13
2026-05-26 14:00:00,43.8,11,10.6,986.0,0,0.0,121,27.6,74.5,285.0,1.9,4.4,166.0,91.0,5,14
2026-05-26 15:00:00,43.7,11,14.9,985.4,5,0.0,121,25.3,66.6,257.0,1.2,4.7,165.0,84.0,5,15
2026-05-26 16:00:00,43.4,9,14.5,985.5,2,0.0,122,22.8,57.6,241.0,0.9,5.2,164.0,71.0,5,16
2026-05-26 17:00:00,43.2,11,19.0,984.2,0,0.0,139,13.9,33.5,268.0,3.0,2.8,140.0,38.0,5,17
2026-05-26 18:00:00,41.2,13,14.2,984.0,0,0.0,145,20.3,33.1,376.0,11.7,3.5,119.0,33.0,5,18
2026-05-26 19:00:00,39.6,17,10.8,984.5,0,0.0,138,31.2,43.2,529.0,23.7,4.4,90.0,27.0,5,19
2026-05-26 20:00:00,37.9,22,7.0,985.3,0,0.0,120,45.1,57.9,645.0,33.2,5.3,67.0,23.0,5,20
2026-05-26 21:00:00,37.1,23,6.0,986.4,0,0.0,119,54.4,67.3,681.0,37.1,6.0,57.0,22.0,5,21
2026-05-26 22:00:00,36.4,23,9.4,986.8,0,0.0,120,58.2,71.2,681.0,38.4,6.5,54.0,24.0,5,22
2026-05-26 23:00:00,36.2,25,10.2,986.4,0,0.0,120,61.7,75.7,699.0,40.2,6.9,51.0,25.0,5,23
2026-05-27 00:00:00,35.2,26,7.8,986.3,0,0.0,121,64.7,78.9,774.0,43.2,7.0,47.0,26.0,5,0
2026-05-27 01:00:00,34.6,27,10.3,985.7,0,0.0,121,66.4,81.3,867.0,46.7,7.0,43.0,26.0,5,1
2026-05-27 02:00:00,33.8,28,9.2,985.0,0,0.0,121,67.5,83.1,916.0,51.2,7.0,37.0,27.0,5,2
2026-05-27 03:00:00,33.2,29,10.7,984.6,0,0.0,121,68.2,84.3,887.0,59.7,7.4,25.0,28.0,5,3
2026-05-27 04:00:00,32.8,29,8.8,984.7,0,0.0,123,72.4,88.7,814.0,69.2,7.8,11.0,28.0,5,4
2026-05-27 05:00:00,32.9,25,11.3,984.9,0,0.0,125,55.5,68.2,740.0,44.3,6.0,32.0,21.0,5,5
2026-05-27 06:00:00,32.1,26,12.9,985.6,0,0.0,125,46.2,57.7,675.0,36.6,5.5,43.0,19.0,5,6
2026-05-27 07:00:00,33.2,26,11.7,986.0,0,0.0,124,37.1,48.7,609.0,25.8,4.9,59.0,16.0,5,7
2026-05-27 08:00:00,35.1,24,10.6,986.2,0,0.0,122,30.9,40.6,554.0,16.7,5.3,80.0,16.0,5,8
2026-05-27 09:00:00,37.2,21,8.5,987.0,0,0.0,120,23.5,31.3,518.0,11.1,7.5,108.0,19.0,5,9
2026-05-27 10:00:00,38.5,20,9.2,986.9,0,0.0,119,24.3,36.9,494.0,7.3,10.6,141.0,24.0,5,10
2026-05-27 11:00:00,40.5,19,9.0,986.9,0,0.0,117,26.7,44.0,463.0,4.6,13.4,172.0,31.0,5,11
2026-05-27 12:00:00,41.8,17,9.8,986.5,0,0.0,116,28.7,46.8,414.0,3.3,15.6,200.0,40.0,5,12
2026-05-27 13:00:00,42.9,15,9.9,985.9,0,0.0,116,31.8,53.6,360.0,3.2,17.4,225.0,50.0,5,13
2026-05-27 14:00:00,43.5,15,7.4,985.1,0,0.0,116,32.4,61.0,322.0,3.4,18.3,240.0,58.0,5,14
2026-05-27 15:00:00,44.0,15,5.4,984.2,1,0.0,127,31.4,64.7,282.0,2.9,17.8,241.0,65.0,5,15
2026-05-27 16:00:00,44.3,13,4.6,983.8,7,0.0,162,30.3,65.4,258.0,2.7,16.5,232.0,70.0,5,16
2026-05-27 17:00:00,45.2,9,3.7,983.0,5,0.0,186,17.1,39.1,326.0,4.2,10.2,176.0,45.0,5,17
2026-05-27 18:00:00,44.3,9,1.9,983.5,14,0.0,197,25.2,41.2,577.0,12.1,10.1,153.0,40.0,5,18
2026-05-27 19:00:00,42.0,13,3.1,983.7,7,0.0,199,39.9,54.9,919.0,23.0,9.9,122.0,34.0,5,19
2026-05-27 20:00:00,40.7,16,2.5,984.3,27,0.0,191,45.6,61.5,1158.0,31.2,9.8,97.0,30.0,5,20
2026-05-27 21:00:00,40.2,16,3.6,984.6,9,0.0,174,46.3,62.9,1203.0,33.8,9.8,85.0,30.0,5,21
2026-05-27 22:00:00,38.4,18,8.5,984.9,2,0.0,152,49.1,67.1,1145.0,33.7,9.8,79.0,33.0,5,22
2026-05-27 23:00:00,37.2,22,8.6,984.2,5,0.0,119,55.9,74.7,1057.0,33.7,9.6,73.0,34.0,5,23
2026-05-28 00:00:00,35.5,28,9.2,983.8,1,0.0,117,61.2,79.9,931.0,34.8,9.2,63.0,31.0,5,0
2026-05-28 01:00:00,34.6,29,13.1,983.6,1,0.0,117,61.5,76.6,775.0,36.0,8.5,53.0,27.0,5,1
2026-05-28 02:00:00,34.6,26,14.3,982.8,0,0.0,116,55.5,70.1,691.0,36.6,8.0,45.0,24.0,5,2
2026-05-28 03:00:00,34.9,27,12.0,982.6,0,0.0,115,51.8,66.8,756.0,36.8,7.4,38.0,24.0,5,3
2026-05-28 04:00:00,33.4,33,1.4,982.8,0,0.0,113,48.9,64.0,893.0,36.4,6.9,33.0,24.0,5,4
2026-05-28 05:00:00,33.3,39,11.8,981.9,0,0.0,111,48.3,68.7,971.0,32.7,7.0,38.0,36.0,5,5
2026-05-28 06:00:00,32.6,41,9.8,982.3,0,0.0,110,48.5,66.8,926.0,31.0,7.9,47.0,32.0,5,6
2026-05-28 07:00:00,33.2,40,7.9,983.4,0,0.0,110,52.4,66.6,824.0,28.4,9.3,61.0,27.0,5,7
2026-05-28 08:00:00,33.9,38,9.4,984.0,0,0.0,112,53.4,68.7,726.0,24.5,11.1,86.0,24.0,5,8
2026-05-28 09:00:00,35.2,37,11.4,984.4,0,0.0,114,49.8,65.4,653.0,18.3,14.0,133.0,27.0,5,9
2026-05-28 10:00:00,37.6,32,10.8,984.6,0,0.0,117,43.5,59.3,585.0,10.8,17.3,191.0,32.0,5,10
2026-05-28 11:00:00,40.4,27,11.7,984.7,0,0.0,119,38.8,58.0,529.0,5.1,18.7,228.0,38.0,5,11
2026-05-28 12:00:00,41.8,24,11.5,984.4,0,0.0,120,34.2,58.0,491.0,2.7,16.6,228.0,45.0,5,12
2026-05-28 13:00:00,43.1,21,13.3,983.8,5,0.0,121,31.3,56.6,465.0,2.1,12.6,208.0,53.0,5,13
2026-05-28 14:00:00,43.7,16,16.5,983.5,16,0.0,121,29.1,58.3,437.0,2.0,9.2,189.0,58.0,5,14
2026-05-28 15:00:00,43.3,15,15.9,983.2,4,0.0,148,28.6,60.1,396.0,1.5,7.4,177.0,59.0,5,15
2026-05-28 16:00:00,43.1,13,14.3,982.7,0,0.0,167,26.7,57.3,354.0,1.5,6.3,166.0,57.0,5,16
2026-05-28 17:00:00,43.9,12,11.8,981.9,2,0.0,180,14.6,36.7,331.0,3.0,4.9,138.0,44.0,5,17
2026-05-28 18:00:00,43.0,12,8.7,982.2,2,0.0,181,20.4,34.6,338.0,12.5,5.6,118.0,38.0,5,18
2026-05-28 19:00:00,41.6,14,3.1,982.6,0,0.0,169,32.7,46.7,365.0,25.3,6.6,90.0,31.0,5,19
2026-05-28 20:00:00,39.7,15,5.6,983.1,0,0.0,146,43.9,57.4,400.0,33.6,7.5,72.0,24.0,5,20
2026-05-28 21:00:00,38.1,19,9.4,983.9,0,0.0,118,45.5,57.7,452.0,32.8,8.2,74.0,20.0,5,21
2026-05-28 22:00:00,37.1,22,11.9,984.4,0,0.0,118,43.2,53.0,513.0,27.4,8.9,85.0,18.0,5,22
2026-05-28 23:00:00,36.5,25,12.1,984.0,0,0.0,117,39.0,47.5,541.0,23.1,9.2,91.0,16.0,5,23
2026-05-29 00:00:00,35.3,27,12.0,983.7,0,0.0,116,35.3,44.0,508.0,22.0,8.9,86.0,5.0,5,0
2026-05-29 01:00:00,34.7,27,11.5,983.4,0,0.0,113,33.9,42.5,442.0,22.0,8.3,75.0,0.0,5,1
2026-05-29 02:00:00,33.9,25,11.3,983.4,0,0.0,110,34.6,42.3,396.0,22.9,7.9,66.0,14.0,5,2
2026-05-29 03:00:00,32.6,26,11.7,983.3,0,0.0,108,42.7,78.2,382.0,25.7,8.0,58.0,87.0,5,3
2026-05-29 04:00:00,31.4,30,9.7,983.4,0,0.0,107,55.6,148.5,387.0,29.4,8.2,51.0,189.0,5,4
2026-05-29 05:00:00,31.1,40,3.1,983.1,0,0.0,108,56.7,102.0,421.0,35.2,7.9,32.0,84.0,5,5
2026-05-29 06:00:00,31.0,41,1.8,983.3,0,0.0,109,61.2,131.3,521.0,29.5,8.1,43.0,125.0,5,6
2026-05-29 07:00:00,32.5,38,4.6,983.5,0,0.0,110,66.8,157.9,651.0,21.5,8.3,60.0,182.0,5,7
2026-05-29 08:00:00,35.2,33,4.3,984.1,0,0.0,111,70.5,191.9,713.0,14.5,8.3,80.0,235.0,5,8
2026-05-29 09:00:00,37.6,28,5.6,984.5,0,0.0,113,70.1,183.9,646.0,9.4,7.8,106.0,281.0,5,9
2026-05-29 10:00:00,39.9,25,7.6,984.3,0,0.0,115,66.4,177.0,510.0,5.2,6.9,135.0,322.0,5,10
2026-05-29 11:00:00,41.6,20,7.7,984.8,4,0.0,118,63.6,236.6,392.0,2.3,6.1,155.0,344.0,5,11
2026-05-29 12:00:00,43.0,14,11.2,984.2,14,0.0,120,55.9,245.9,318.0,1.0,5.3,160.0,338.0,5,12
2026-05-29 13:00:00,43.5,11,12.5,983.7,41,0.0,123,46.2,204.9,261.0,1.0,4.4,157.0,313.0,5,13
2026-05-29 14:00:00,43.1,11,12.9,983.0,97,0.0,124,41.8,183.0,224.0,1.3,3.8,153.0,285.0,5,14
2026-05-29 15:00:00,42.4,11,12.1,982.6,24,0.0,125,38.8,167.2,211.0,1.5,3.4,153.0,259.0,5,15
2026-05-29 16:00:00,42.7,11,10.6,982.1,28,0.0,126,35.0,145.8,219.0,1.9,3.3,152.0,230.0,5,16
2026-05-29 17:00:00,42.6,12,15.7,981.3,25,0.0,127,18.6,55.2,237.0,3.1,3.9,159.0,72.0,5,17
2026-05-29 18:00:00,41.5,13,14.2,981.5,5,0.0,128,27.6,61.5,272.0,6.2,4.1,143.0,81.0,5,18
2026-05-29 19:00:00,39.6,15,13.1,981.9,0,0.0,129,35.7,80.6,319.0,10.5,4.4,122.0,93.0,5,19
2026-05-29 20:00:00,38.3,16,14.4,982.3,0,0.0,129,38.5,88.9,349.0,13.5,4.7,106.0,99.0,5,20
2026-05-29 21:00:00,37.3,16,13.1,982.9,0,0.0,128,36.0,83.4,351.0,13.9,5.0,102.0,79.0,5,21
2026-05-29 22:00:00,36.6,15,12.6,983.8,0,0.0,127,33.8,67.3,338.0,13.0,5.3,103.0,53.0,5,22
2026-05-29 23:00:00,36.4,20,17.5,983.4,0,0.0,126,34.0,68.0,318.0,12.1,5.8,104.0,66.0,5,23
2026-05-30 00:00:00,35.6,21,17.0,983.3,0,0.0,126,58.8,170.9,286.0,11.5,6.6,101.0,157.0,5,0
2026-05-30 01:00:00,34.8,21,19.9,983.4,0,0.0,128,74.7,228.6,247.0,10.9,7.6,96.0,288.0,5,1
2026-05-30 02:00:00,33.4,28,18.3,983.2,0,0.0,132,86.4,285.0,230.0,10.3,8.1,93.0,386.0,5,2
2026-05-30 03:00:00,32.7,33,16.2,983.1,0,0.0,138,98.0,326.0,251.0,9.9,7.7,91.0,424.0,5,3
2026-05-30 04:00:00,32.1,36,16.5,983.4,0,0.0,144,104.3,333.4,294.0,9.6,6.9,89.0,429.0,5,4
2026-05-30 05:00:00,31.1,38,4.1,983.9,0,0.0,149,96.2,291.5,335.0,10.0,5.0,84.0,380.0,5,5
2026-05-30 06:00:00,30.8,39,6.3,984.1,0,0.0,151,96.2,282.2,375.0,9.9,4.9,84.0,363.0,5,6
2026-05-30 07:00:00,32.1,37,6.8,984.9,0,0.0,152,92.4,257.0,412.0,9.7,4.7,85.0,339.0,5,7
2026-05-30 08:00:00,34.0,36,11.6,986.1,0,0.0,153,81.3,244.9,424.0,8.8,4.5,90.0,318.0,5,8
2026-05-30 09:00:00,32.1,38,28.2,987.9,35,0.0,153,69.2,210.0,389.0,6.7,4.2,103.0,304.0,5,9
2026-05-30 10:00:00,34.1,37,18.3,988.1,0,0.0,153,66.1,204.9,328.0,4.0,3.8,119.0,292.0,5,10
2026-05-30 11:00:00,37.2,29,21.7,987.1,0,0.0,153,66.1,208.6,279.0,2.0,3.5,131.0,279.0,5,11
2026-05-30 12:00:00,38.3,28,20.9,987.1,0,0.0,153,65.7,212.3,256.0,1.5,3.5,135.0,260.0,5,12
2026-05-30 13:00:00,37.9,29,18.9,986.7,66,0.0,153,65.0,215.6,245.0,1.8,3.6,134.0,240.0,5,13
2026-05-30 14:00:00,38.4,31,16.3,986.8,95,0.0,154,61.5,177.9,242.0,2.2,3.7,133.0,228.0,5,14
2026-05-30 15:00:00,35.1,35,9.7,987.6,99,0.0,154,61.5,178.8,248.0,1.9,3.6,133.0,237.0,5,15
2026-05-30 16:00:00,33.9,37,17.4,987.0,80,0.1,155,61.0,196.0,261.0,1.6,3.5,133.0,254.0,5,16
2026-05-30 17:00:00,36.6,34,13.7,986.0,4,0.0,156,84.1,271.0,278.0,2.6,4.0,141.0,369.0,5,17
2026-05-30 18:00:00,36.0,35,11.4,986.0,5,0.0,158,82.2,266.4,292.0,5.6,4.4,130.0,328.0,5,18
2026-05-30 19:00:00,35.5,33,14.9,986.9,0,0.0,159,79.4,216.5,309.0,9.8,5.0,115.0,270.0,5,19
2026-05-30 20:00:00,33.3,37,17.8,987.5,0,0.0,161,77.1,188.1,340.0,12.9,5.4,104.0,216.0,5,20
2026-05-30 21:00:00,32.3,41,14.6,988.2,0,0.0,162,70.5,157.4,396.0,13.8,5.5,100.0,172.0,5,21
2026-05-30 22:00:00,31.5,43,14.2,988.8,0,0.0,163,61.0,129.5,467.0,13.6,5.5,99.0,133.0,5,22
2026-05-30 23:00:00,31.3,43,14.3,988.3,0,0.0,164,52.6,106.9,533.0,13.2,5.6,99.0,104.0,5,23
2026-05-31 00:00:00,30.5,45,11.9,988.4,0,0.0,164,46.0,92.2,590.0,12.9,5.8,99.0,87.0,5,0
2026-05-31 01:00:00,29.9,46,10.8,988.1,0,0.0,164,41.0,83.1,642.0,12.5,6.0,99.0,80.0,5,1
2026-05-31 02:00:00,29.4,48,8.2,988.2,0,0.0,163,37.0,78.7,679.0,12.2,6.3,98.0,78.0,5,2
2026-05-31 03:00:00,28.8,49,8.4,988.0,0,0.0,161,34.6,78.7,701.0,12.4,6.8,96.0,78.0,5,3
2026-05-31 04:00:00,28.3,51,8.5,988.3,0,0.0,160,33.5,81.5,708.0,12.9,7.5,92.0,83.0,5,4
2026-05-31 05:00:00,28.4,50,8.0,988.6,0,0.0,157,55.3,164.8,688.0,14.5,8.2,84.0,208.0,5,5
2026-05-31 06:00:00,28.1,52,8.5,989.1,0,0.0,156,55.6,167.2,627.0,13.8,9.2,88.0,263.0,5,6
2026-05-31 07:00:00,29.0,51,8.1,989.6,0,0.0,155,58.2,190.0,540.0,12.6,10.6,94.0,337.0,5,7
2026-05-31 08:00:00,30.7,47,9.0,990.6,0,0.0,154,68.0,270.1,458.0,10.9,11.1,103.0,389.0,5,8
2026-05-31 09:00:00,32.5,42,9.7,991.1,0,0.0,154,71.7,291.5,387.0,8.0,10.1,119.0,397.0,5,9
2026-05-31 10:00:00,34.1,38,9.2,991.0,0,0.0,154,65.9,261.7,321.0,4.5,8.2,139.0,382.0,5,10
2026-05-31 11:00:00,34.9,35,8.1,991.5,2,0.0,154,62.4,249.6,272.0,1.9,6.6,152.0,364.0,5,11
2026-05-31 12:00:00,35.9,34,8.1,991.1,0,0.0,154,57.6,232.4,249.0,1.0,5.4,154.0,346.0,5,12
2026-05-31 13:00:00,36.7,32,8.3,990.4,0,0.0,153,53.9,217.0,244.0,1.0,4.5,151.0,325.0,5,13
2026-05-31 14:00:00,37.2,32,7.7,989.6,1,0.0,153,52.3,207.7,245.0,1.1,3.8,147.0,305.0,5,14
2026-05-31 15:00:00,37.5,31,7.9,988.9,2,0.0,153,51.8,203.5,249.0,0.9,3.5,147.0,294.0,5,15
2026-05-31 16:00:00,37.4,32,8.9,988.6,12,0.0,152,51.3,197.0,259.0,0.9,3.6,147.0,286.0,5,16
2026-05-31 17:00:00,36.9,32,11.9,988.8,8,0.0,152,47.7,175.6,274.0,1.8,3.9,141.0,251.0,5,17
2026-05-31 18:00:00,35.9,34,11.7,988.7,36,0.0,151,47.3,159.7,292.0,4.6,4.3,131.0,209.0,5,18
2026-05-31 19:00:00,35.2,36,9.9,988.8,14,0.0,150,48.3,114.6,314.0,8.4,4.8,118.0,150.0,5,19
2026-05-31 20:00:00,34.5,38,9.7,989.1,9,0.0,147,49.2,104.3,345.0,11.4,5.3,107.0,106.0,5,20
2026-05-31 21:00:00,33.9,39,7.3,989.6,1,0.0,144,49.2,99.2,394.0,12.8,5.6,103.0,89.0,5,21
2026-05-31 22:00:00,33.3,41,8.1,990.1,0,0.0,142,50.5,97.6,452.0,13.3,5.9,102.0,87.0,5,22
2026-05-31 23:00:00,33.2,42,7.5,990.1,0,0.0,141,52.3,98.3,492.0,13.9,6.1,100.0,86.0,5,23
2026-06-01 00:00:00,32.2,46,8.4,989.6,0,0.0,140,53.3,98.3,498.0,15.0,6.2,94.0,75.0,6,0
2026-06-01 01:00:00,31.5,48,9.0,989.4,0,0.0,141,54.9,99.9,486.0,16.1,6.3,87.0,67.0,6,1
2026-06-01 02:00:00,31.1,49,9.3,989.0,0,0.0,143,56.8,102.7,482.0,16.6,6.5,82.0,85.0,6,2
2026-06-01 03:00:00,30.7,49,9.5,988.7,0,0.0,145,59.1,113.6,497.0,16.0,6.7,80.0,139.0,6,3
2026-06-01 04:00:00,30.0,49,8.9,988.9,0,0.0,147,66.8,156.9,520.0,14.8,7.0,81.0,220.0,6,4
2026-06-01 05:00:00,30.1,48,8.9,989.0,2,0.0,150,72.6,195.1,538.0,15.7,7.7,79.0,234.0,6,5
2026-06-01 06:00:00,29.8,47,9.1,989.3,2,0.0,151,86.1,262.6,557.0,14.7,8.6,83.0,383.0,6,6
2026-06-01 07:00:00,30.7,44,8.6,990.0,1,0.0,152,107.6,380.0,571.0,13.2,9.8,89.0,585.0,6,7
2026-06-01 08:00:00,32.5,41,7.7,990.3,3,0.0,153,129.5,501.1,557.0,11.1,10.6,100.0,718.0,6,8
2026-06-01 09:00:00,34.9,36,8.4,990.7,7,0.0,155,136.4,551.3,489.0,8.0,10.6,121.0,718.0,6,9
2026-06-01 10:00:00,36.8,32,8.5,990.8,7,0.0,157,124.3,493.6,392.0,4.4,10.1,147.0,647.0,6,10
2026-06-01 11:00:00,37.8,30,6.6,990.6,6,0.0,159,104.1,396.7,318.0,1.8,9.5,163.0,575.0,6,11
2026-06-01 12:00:00,39.3,28,4.9,990.1,54,0.0,160,89.4,339.9,290.0,0.9,8.6,162.0,518.0,6,12
2026-06-01 13:00:00,39.9,26,4.0,989.6,45,0.1,161,82.2,311.1,286.0,1.0,7.5,152.0,459.0,6,13
2026-06-01 14:00:00,39.2,28,7.1,988.9,41,0.1,162,76.4,285.0,287.0,1.3,6.6,143.0,411.0,6,14
2026-06-01 15:00:00,39.3,28,10.5,988.1,11,0.0,162,74.7,272.9,285.0,1.2,6.1,140.0,385.0,6,15
2026-06-01 16:00:00,39.1,29,10.4,987.6,5,0.0,163,71.2,253.3,289.0,1.2,5.8,139.0,371.0,6,16
2026-06-01 17:00:00,39.6,27,5.5,986.8,6,0.0,164,61.2,208.2,308.0,2.4,6.0,137.0,289.0,6,17
2026-06-01 18:00:00,39.0,28,9.5,987.0,4,0.0,164,60.3,197.4,348.0,6.8,6.2,122.0,249.0,6,18
2026-06-01 19:00:00,37.2,32,14.6,987.6,4,0.0,164,63.3,149.9,402.0,12.8,6.5,102.0,193.0,6,19
2026-06-01 20:00:00,36.0,35,13.3,987.8,1,0.0,165,67.5,143.4,459.0,17.2,6.7,87.0,147.0,6,20
2026-06-01 21:00:00,35.2,37,12.1,988.5,0,0.0,165,68.9,140.6,529.0,18.5,6.9,82.0,122.0,6,21
2026-06-01 22:00:00,34.5,38,8.8,989.5,0,0.0,166,68.0,129.9,603.0,18.3,7.0,82.0,107.0,6,22
2026-06-01 23:00:00,34.4,39,7.3,989.6,0,0.0,167,63.6,111.3,640.0,17.9,7.1,82.0,90.0,6,23
2026-06-02 00:00:00,33.2,43,9.6,989.0,0,0.0,167,56.5,90.1,608.0,18.0,7.1,80.0,64.0,6,0
2026-06-02 01:00:00,32.4,44,10.4,988.7,11,0.0,167,50.8,71.9,538.0,18.0,7.0,77.0,37.0,6,1
2026-06-02 02:00:00,31.8,43,9.9,988.4,6,0.0,167,46.0,58.7,488.0,17.6,7.0,77.0,24.0,6,2
2026-06-02 03:00:00,31.4,43,9.0,988.7,0,0.0,167,40.0,48.7,484.0,16.6,7.3,80.0,18.0,6,3
2026-06-02 04:00:00,31.0,44,8.7,988.9,2,0.0,166,35.9,50.9,500.0,15.2,7.7,84.0,26.0,6,4
2026-06-02 05:00:00,31.4,46,9.2,988.8,0,0.0,165,44.2,86.8,509.0,20.1,7.7,67.0,82.0,6,5
2026-06-02 06:00:00,31.1,47,10.1,989.1,0,0.0,164,45.4,102.0,506.0,18.3,8.4,77.0,217.0,6,6
2026-06-02 07:00:00,32.2,43,8.7,989.7,0,0.0,163,53.6,167.2,497.0,15.7,9.3,92.0,401.0,6,7
2026-06-02 08:00:00,34.2,38,8.6,990.2,0,0.0,161,78.5,351.1,476.0,12.7,9.7,109.0,530.0,6,8
2026-06-02 09:00:00,36.4,32,10.2,990.5,0,0.0,160,102.4,480.6,431.0,8.9,9.2,129.0,550.0,6,9
2026-06-02 10:00:00,38.1,28,10.5,990.4,0,0.0,159,91.0,405.1,372.0,4.7,8.1,150.0,514.0,6,10
2026-06-02 11:00:00,39.2,25,7.5,990.6,0,0.0,158,79.2,320.4,330.0,1.7,7.3,164.0,475.0,6,11
2026-06-02 12:00:00,40.0,24,8.7,989.6,0,0.0,157,75.0,290.6,316.0,0.7,6.9,164.0,448.0,6,12
2026-06-02 13:00:00,40.5,24,9.8,988.7,1,0.0,157,72.4,278.5,318.0,0.9,6.6,157.0,418.0,6,13
2026-06-02 14:00:00,40.8,23,10.6,987.9,9,0.0,156,70.5,271.0,324.0,1.3,6.5,150.0,396.0,6,14
2026-06-02 15:00:00,40.0,24,12.6,987.2,6,0.0,156,69.8,266.4,328.0,0.6,6.3,149.0,392.0,6,15
2026-06-02 16:00:00,39.6,25,12.9,986.5,4,0.0,156,70.3,267.3,335.0,0.2,6.3,149.0,396.0,6,16
2026-06-02 17:00:00,40.2,23,11.8,985.9,63,0.0,156,59.4,224.0,353.0,2.9,6.0,143.0,326.0,6,17
2026-06-02 18:00:00,38.6,26,14.4,985.6,5,0.0,156,60.5,215.1,383.0,8.2,6.3,128.0,298.0,6,18
2026-06-02 19:00:00,37.6,28,8.8,985.7,0,0.0,156,69.4,185.3,423.0,15.5,6.7,107.0,260.0,6,19
2026-06-02 20:00:00,36.4,32,9.0,986.1,6,0.0,156,78.0,198.8,476.0,20.9,6.9,91.0,237.0,6,20
2026-06-02 21:00:00,35.5,35,9.4,987.1,0,0.0,156,83.6,218.4,552.0,22.6,6.9,85.0,247.0,6,21
2026-06-02 22:00:00,34.8,38,10.7,987.2,0,0.0,157,88.9,231.9,641.0,22.4,6.9,84.0,273.0,6,22
2026-06-02 23:00:00,34.7,37,8.1,987.2,76,0.0,158,90.3,238.0,708.0,21.9,6.6,83.0,287.0,6,23
2026-06-03 00:00:00,33.7,38,8.0,987.5,91,0.0,158,84.5,233.8,742.0,21.7,5.9,80.0,279.0,6,0
2026-06-03 01:00:00,33.3,37,11.1,986.9,95,0.0,159,79.6,221.7,755.0,21.1,5.1,78.0,261.0,6,1
2026-06-03 02:00:00,33.0,36,9.8,986.8,99,0.0,160,76.4,198.8,745.0,20.2,4.7,76.0,237.0,6,2
2026-06-03 03:00:00,32.5,36,10.1,986.6,91,0.0,161,66.8,154.1,699.0,18.8,5.2,75.0,201.0,6,3
2026-06-03 04:00:00,32.2,36,10.6,986.1,9,0.0,162,57.7,128.5,630.0,17.0,6.1,74.0,161.0,6,4
2026-06-03 05:00:00,31.0,43,8.3,986.3,33,0.0,162,58.8,137.4,577.0,18.0,4.8,71.0,151.0,6,5
2026-06-03 06:00:00,30.6,44,9.1,986.6,7,0.0,163,56.9,143.0,567.0,17.1,6.6,74.0,215.0,6,6
2026-06-03 07:00:00,32.0,41,7.6,987.0,13,0.0,163,60.8,175.6,572.0,15.8,9.0,80.0,303.0,6,7
2026-06-03 08:00:00,34.3,36,7.7,987.0,2,0.0,163,69.4,256.1,551.0,13.6,10.5,91.0,364.0,6,8
2026-06-03 09:00:00,36.7,31,9.4,987.2,0,0.0,163,74.7,303.6,473.0,9.8,10.3,113.0,376.0,6,9
2026-06-03 10:00:00,38.4,28,11.1,986.9,0,0.0,162,69.6,282.2,368.0,5.1,9.2,140.0,361.0,6,10
2026-06-03 11:00:00,39.2,26,9.8,987.5,0,0.0,162,61.7,231.9,288.0,1.7,8.2,158.0,336.0,6,11
2026-06-03 12:00:00,40.1,25,9.7,986.6,0,0.0,161,56.0,197.9,256.0,0.7,7.5,158.0,303.0,6,12
2026-06-03 13:00:00,40.9,24,9.9,985.7,1,0.0,161,51.8,177.0,249.0,0.9,6.8,149.0,259.0,6,13
2026-06-03 14:00:00,41.3,23,10.5,984.4,7,0.0,160,48.8,160.7,249.0,1.4,6.2,140.0,221.0,6,14
2026-06-03 15:00:00,41.3,23,10.5,983.4,7,0.0,159,46.2,146.2,249.0,0.3,5.7,137.0,193.0,6,15
2026-06-03 16:00:00,41.3,22,9.8,983.3,77,0.0,159,44.0,132.2,257.0,0.0,5.2,135.0,170.0,6,16
2026-06-03 17:00:00,40.7,20,10.1,982.8,12,0.0,158,38.6,120.6,277.0,2.6,5.5,133.0,162.0,6,17
2026-06-03 18:00:00,40.5,21,4.9,982.6,7,0.0,157,40.9,102.9,312.0,16.2,7.5,110.0,146.0,6,18
2026-06-03 19:00:00,39.4,24,8.3,982.2,16,0.0,157,58.9,114.8,359.0,35.1,10.2,77.0,124.0,6,19
2026-06-03 20:00:00,38.1,27,8.2,982.5,1,0.0,156,73.8,129.9,412.0,51.1,12.3,50.0,108.0,6,20
2026-06-03 21:00:00,37.5,28,2.7,982.8,0,0.0,156,92.2,150.9,481.0,63.2,13.5,31.0,103.0,6,21
2026-06-03 22:00:00,36.9,28,5.2,983.3,0,0.0,156,112.0,171.8,556.0,72.4,14.2,17.0,104.0,6,22
2026-06-03 23:00:00,36.4,30,9.4,983.6,80,0.0,157,108.0,163.9,601.0,73.0,13.7,13.0,106.0,6,23
2026-06-04 00:00:00,35.2,32,7.4,982.7,8,0.0,158,75.9,126.7,597.0,58.3,11.2,26.0,109.0,6,0
2026-06-04 01:00:00,34.0,36,8.1,982.3,41,0.0,157,58.9,117.3,563.0,34.9,7.5,50.0,114.0,6,1
2026-06-04 02:00:00,32.9,40,9.3,981.7,95,0.0,157,51.5,112.0,521.0,17.3,4.9,68.0,116.0,6,2
2026-06-04 03:00:00,32.3,41,9.0,981.5,0,0.0,156,48.1,106.9,464.0,12.0,4.4,72.0,112.0,6,3
2026-06-04 04:00:00,31.9,42,10.6,981.7,0,0.0,155,46.8,102.4,398.0,12.4,4.9,69.0,106.0,6,4
2026-06-04 05:00:00,31.7,45,10.1,982.3,0,0.0,155,42.3,87.1,366.0,16.4,3.8,48.0,85.0,6,5
2026-06-04 06:00:00,30.3,50,9.9,983.4,15,0.0,155,38.6,69.4,405.0,15.4,4.2,53.0,63.0,6,6
2026-06-04 07:00:00,28.3,58,12.5,983.0,5,0.1,154,38.1,55.1,477.0,13.9,4.9,60.0,34.0,6,7
2026-06-04 08:00:00,32.3,45,9.3,982.9,0,0.0,153,32.0,43.5,509.0,11.9,5.7,72.0,18.0,6,8
2026-06-04 09:00:00,34.5,40,11.8,983.3,0,0.0,152,31.4,47.1,455.0,8.8,7.1,96.0,27.0,6,9
2026-06-04 10:00:00,35.8,38,11.0,983.3,0,0.0,151,35.5,68.9,360.0,5.1,8.7,124.0,50.0,6,10
2026-06-04 11:00:00,38.3,31,9.0,983.5,0,0.0,150,34.5,73.8,288.0,2.3,9.2,142.0,70.0,6,11
2026-06-04 12:00:00,39.7,28,7.5,983.0,0,0.0,147,29.3,68.2,268.0,1.2,7.6,138.0,82.0,6,12
2026-06-04 13:00:00,41.0,24,3.8,982.4,20,0.0,144,27.1,70.5,272.0,1.0,4.8,124.0,91.0,6,13
2026-06-04 14:00:00,41.7,22,4.7,981.9,78,0.0,142,27.0,77.1,273.0,1.3,2.9,112.0,96.0,6,14
2026-06-04 15:00:00,39.5,25,10.5,981.9,96,0.0,140,28.1,85.0,259.0,1.6,2.6,110.0,98.0,6,15
2026-06-04 16:00:00,39.7,25,8.6,981.5,55,0.0,138,29.2,90.6,242.0,2.4,3.0,111.0,97.0,6,16
2026-06-04 17:00:00,39.7,23,16.6,980.5,21,0.0,136,37.0,92.7,242.0,4.7,8.5,136.0,103.0,6,17
2026-06-04 18:00:00,37.7,31,18.0,980.7,7,0.0,136,37.6,68.7,266.0,6.9,8.5,127.0,85.0,6,18
2026-06-04 19:00:00,35.2,36,18.5,982.1,7,0.0,136,39.3,62.4,305.0,10.1,8.4,114.0,59.0,6,19
2026-06-04 20:00:00,33.2,41,17.7,983.1,2,0.0,134,39.7,63.1,354.0,13.1,8.3,102.0,41.0,6,20
2026-06-04 21:00:00,32.0,43,13.9,983.7,0,0.0,130,41.1,63.1,423.0,15.8,8.1,90.0,37.0,6,21
2026-06-04 22:00:00,31.0,46,12.3,984.6,14,0.0,125,44.6,66.8,501.0,18.3,7.9,79.0,39.0,6,22
2026-06-04 23:00:00,30.0,49,10.2,984.3,3,0.0,118,48.9,72.2,550.0,20.2,7.8,70.0,41.0,6,23
2026-06-05 00:00:00,29.2,52,6.9,984.6,0,0.0,112,50.3,71.9,547.0,21.4,7.6,65.0,38.0,6,0
2026-06-05 01:00:00,28.9,53,5.6,984.6,0,0.0,109,51.0,70.5,515.0,22.0,7.5,62.0,35.0,6,1
2026-06-05 02:00:00,28.4,54,7.6,984.5,0,0.0,108,51.9,68.9,483.0,22.1,7.7,61.0,31.0,6,2
2026-06-05 03:00:00,27.9,57,6.7,984.8,0,0.0,108,54.7,70.1,452.0,21.6,8.6,60.0,27.0,6,3
2026-06-05 04:00:00,27.4,60,6.8,984.7,0,0.0,109,57.7,71.2,421.0,20.6,9.8,61.0,23.0,6,4
2026-06-05 05:00:00,27.3,58,5.8,984.6,0,0.0,110,70.1,126.7,412.0,24.1,10.1,66.0,108.0,6,5
2026-06-05 06:00:00,26.8,61,6.0,985.1,0,0.0,113,69.8,123.4,447.0,20.0,11.2,85.0,177.0,6,6
2026-06-05 07:00:00,27.8,57,6.0,985.6,0,0.0,116,74.5,162.1,504.0,14.2,12.6,111.0,273.0,6,7
2026-06-05 08:00:00,29.4,52,6.2,986.1,0,0.0,120,87.1,269.2,536.0,9.3,13.3,134.0,351.0,6,8
2026-06-05 09:00:00,31.4,46,6.1,986.3,0,0.0,126,91.0,294.3,518.0,6.2,12.5,150.0,392.0,6,9
2026-06-05 10:00:00,33.4,41,6.1,986.1,0,0.0,132,91.3,295.2,476.0,4.0,11.0,163.0,416.0,6,10
2026-06-05 11:00:00,34.9,35,5.2,986.5,0,0.0,138,93.1,316.6,440.0,2.4,9.4,170.0,437.0,6,11
2026-06-05 12:00:00,36.6,32,3.5,986.2,0,0.0,144,95.7,341.8,420.0,1.6,8.0,167.0,466.0,6,12
2026-06-05 13:00:00,37.7,29,2.7,985.4,4,0.0,150,95.9,356.7,407.0,1.4,6.7,158.0,492.0,6,13
2026-06-05 14:00:00,38.6,27,2.8,984.6,11,0.0,152,92.4,344.6,396.0,1.5,5.6,149.0,499.0,6,14
2026-06-05 15:00:00,38.9,27,6.7,983.7,5,0.0,154,86.1,317.6,383.0,1.2,5.0,144.0,477.0,6,15
2026-06-05 16:00:00,38.6,28,7.6,983.0,2,0.0,156,81.0,293.4,374.0,1.2,4.6,139.0,435.0,6,16
2026-06-05 17:00:00,38.8,29,8.4,982.5,2,0.0,157,70.5,257.0,382.0,2.7,5.5,145.0,368.0,6,17
2026-06-05 18:00:00,38.0,30,8.5,982.8,9,0.0,158,68.2,231.0,420.0,7.1,5.6,127.0,310.0,6,18
2026-06-05 19:00:00,37.1,31,8.6,983.3,5,0.0,159,69.8,168.6,476.0,13.1,5.8,102.0,228.0,6,19
2026-06-05 20:00:00,36.0,36,8.5,983.8,3,0.0,160,70.1,152.3,528.0,17.4,6.0,84.0,159.0,6,20
2026-06-05 21:00:00,35.1,41,6.9,984.3,3,0.0,161,66.1,132.2,576.0,18.0,6.2,80.0,116.0,6,21
2026-06-05 22:00:00,33.9,46,9.0,984.5,1,0.0,162,60.8,109.4,620.0,16.9,6.5,83.0,86.0,6,22
2026-06-05 23:00:00,34.2,47,9.2,984.5,1,0.0,162,54.8,89.4,638.0,16.1,6.7,85.0,63.0,6,23
2026-06-06 00:00:00,33.1,50,9.2,984.6,0,0.0,163,49.0,73.6,604.0,16.4,6.8,84.0,47.0,6,0
2026-06-06 01:00:00,32.4,50,9.8,984.5,0,0.0,163,48.0,68.2,543.0,17.0,6.7,81.0,39.0,6,1
2026-06-06 02:00:00,31.7,51,9.5,983.7,0,0.0,162,47.8,65.4,508.0,17.9,6.8,78.0,33.0,6,2
2026-06-06 03:00:00,30.9,53,8.5,983.6,0,0.0,162,48.5,64.0,525.0,19.5,7.0,71.0,28.0,6,3
2026-06-06 04:00:00,29.6,54,17.0,985.1,71,0.0,162,48.7,62.4,569.0,21.3,7.2,64.0,25.0,6,4
2026-06-06 05:00:00,31.2,51,8.4,984.3,0,0.1,162,47.3,57.9,614.0,18.8,7.1,70.0,20.0,6,5
2026-06-06 06:00:00,29.2,52,12.2,985.6,0,0.0,161,46.7,60.8,669.0,17.0,7.5,83.0,31.0,6,6
2026-06-06 07:00:00,30.3,48,1.9,985.4,0,0.0,160,46.7,66.6,725.0,14.3,7.9,102.0,47.0,6,7
2026-06-06 08:00:00,32.7,42,3.5,986.1,0,0.0,160,46.7,84.8,735.0,11.4,8.0,118.0,71.0,6,8
2026-06-06 09:00:00,35.4,36,2.7,986.5,0,0.0,158,51.1,110.1,659.0,8.1,7.3,130.0,109.0,6,9
2026-06-06 10:00:00,37.7,31,2.2,986.5,0,0.0,157,54.0,136.4,537.0,4.6,6.1,140.0,155.0,6,10
2026-06-06 11:00:00,38.6,28,1.7,986.9,0,0.0,156,53.9,150.4,441.0,2.0,5.1,145.0,186.0,6,11
2026-06-06 12:00:00,40.1,24,2.0,986.4,7,0.0,155,50.9,146.7,403.0,1.0,4.5,144.0,191.0,6,12
2026-06-06 13:00:00,41.0,23,2.6,985.3,9,0.0,154,47.0,137.4,391.0,1.0,4.2,139.0,182.0,6,13
2026-06-06 14:00:00,41.6,21,4.5,984.4,25,0.0,152,45.3,134.6,381.0,1.3,3.9,134.0,174.0,6,14
2026-06-06 15:00:00,41.7,20,5.9,983.8,13,0.0,151,44.2,134.1,357.0,1.1,3.7,134.0,177.0,6,15
2026-06-06 16:00:00,41.8,18,2.3,983.5,12,0.0,148,43.7,134.6,336.0,1.2,3.7,135.0,182.0,6,16
2026-06-06 17:00:00,41.9,17,6.3,982.5,2,0.0,145,41.0,120.6,337.0,2.8,4.4,134.0,156.0,6,17
2026-06-06 18:00:00,40.4,21,6.8,982.7,5,0.0,141,42.1,118.3,381.0,10.0,4.7,114.0,138.0,6,18
2026-06-06 19:00:00,38.7,26,10.4,983.4,2,0.0,139,49.7,103.6,447.0,19.7,5.2,87.0,113.0,6,19
2026-06-06 20:00:00,37.7,29,7.9,983.9,0,0.0,137,59.0,107.8,503.0,26.2,5.5,67.0,93.0,6,20
2026-06-06 21:00:00,36.5,32,9.2,984.6,0,0.0,136,61.9,109.0,535.0,25.7,5.6,64.0,83.0,6,21
2026-06-06 22:00:00,35.7,35,8.7,984.9,0,0.0,135,60.1,103.8,555.0,21.8,5.5,69.0,78.0,6,22
2026-06-06 23:00:00,35.8,33,6.7,985.1,0,0.0,135,57.5,96.9,567.0,19.7,5.6,71.0,73.0,6,23
2026-06-07 00:00:00,34.6,35,6.5,985.1,0,0.0,135,55.5,90.8,566.0,21.7,5.9,67.0,68.0,6,0
2026-06-07 01:00:00,33.4,37,5.8,985.1,0,0.0,136,56.5,89.6,557.0,25.4,6.3,61.0,64.0,6,1
2026-06-07 02:00:00,32.5,40,4.5,984.9,0,0.0,137,60.3,93.1,560.0,29.0,6.5,54.0,59.0,6,2
2026-06-07 03:00:00,31.8,43,2.0,984.6,0,0.0,138,63.6,94.1,592.0,32.8,6.4,43.0,49.0,6,3
2026-06-07 04:00:00,31.2,44,1.3,984.8,0,0.0,140,63.1,85.9,638.0,36.3,6.2,32.0,38.0,6,4
2026-06-07 05:00:00,31.6,41,3.5,985.2,0,0.0,141,58.6,94.3,667.0,26.6,5.7,44.0,64.0,6,5
2026-06-07 06:00:00,31.1,44,4.3,985.6,0,0.0,142,59.1,92.0,672.0,23.6,6.1,53.0,75.0,6,6
2026-06-07 07:00:00,31.9,42,3.1,986.0,0,0.0,144,59.6,93.8,661.0,19.4,6.6,66.0,90.0,6,7
2026-06-07 08:00:00,33.7,38,3.3,986.3,0,0.0,145,59.6,118.5,633.0,15.0,6.7,82.0,111.0,6,8
2026-06-07 09:00:00,35.7,34,1.8,986.4,0,0.0,146,59.1,142.5,577.0,10.4,6.0,103.0,142.0,6,9
2026-06-07 10:00:00,38.2,29,0.6,986.3,0,0.0,147,60.3,154.6,502.0,5.8,4.9,126.0,178.0,6,10
2026-06-07 11:00:00,39.1,26,1.8,986.8,0,0.0,148,57.5,161.6,439.0,2.4,4.1,142.0,202.0,6,11
2026-06-07 12:00:00,40.7,22,2.9,986.3,5,0.0,148,53.7,157.9,396.0,1.1,3.9,146.0,205.0,6,12
2026-06-07 13:00:00,41.7,20,3.8,985.5,11,0.0,149,49.9,148.5,364.0,1.1,4.0,143.0,197.0,6,13
2026-06-07 14:00:00,42.3,17,5.7,984.6,16,0.0,149,48.5,145.8,344.0,1.3,4.2,141.0,191.0,6,14
2026-06-07 15:00:00,42.5,16,6.8,984.0,19,0.0,149,48.1,148.1,338.0,0.8,4.4,144.0,195.0,6,15
2026-06-07 16:00:00,42.3,16,6.7,983.6,11,0.0,150,47.7,149.9,344.0,0.5,4.7,146.0,201.0,6,16
2026-06-07 17:00:00,43.2,10,2.8,982.7,4,0.0,150,30.7,88.9,352.0,2.4,5.6,152.0,114.0,6,17
2026-06-07 18:00:00,41.6,14,4.9,982.8,2,0.0,149,33.4,75.4,354.0,9.6,6.0,131.0,99.0,6,18
2026-06-07 19:00:00,39.3,23,11.9,983.1,0,0.0,148,44.0,80.6,359.0,19.4,6.5,102.0,78.0,6,19
2026-06-07 20:00:00,37.7,28,9.9,983.6,0,0.0,147,53.2,86.4,386.0,26.6,6.8,79.0,62.0,6,20
2026-06-07 21:00:00,36.5,31,8.6,984.1,0,0.0,147,56.2,88.2,454.0,28.6,6.8,69.0,56.0,6,21
2026-06-07 22:00:00,35.8,33,6.6,984.3,0,0.0,146,57.2,87.5,544.0,28.0,6.7,65.0,55.0,6,22
2026-06-07 23:00:00,35.7,35,8.0,984.0,0,0.0,146,58.2,86.8,615.0,27.1,6.6,63.0,53.0,6,23
2026-06-08 00:00:00,34.4,39,8.3,983.7,0,0.0,146,56.1,83.1,648.0,26.0,6.5,61.0,48.0,6,0
2026-06-08 01:00:00,33.7,41,8.4,983.3,0,0.0,146,52.9,77.5,661.0,24.7,6.5,61.0,43.0,6,1
2026-06-08 02:00:00,33.3,42,7.1,982.8,0,0.0,146,49.7,72.2,670.0,24.8,6.6,60.0,40.0,6,2
2026-06-08 03:00:00,32.7,42,7.9,983.0,0,0.0,145,48.9,70.3,673.0,28.6,7.0,54.0,38.0,6,3
2026-06-08 04:00:00,31.5,45,3.9,983.1,0,0.0,143,51.6,74.5,670.0,34.0,7.5,47.0,38.0,6,4
2026-06-08 05:00:00,31.9,48,4.8,983.1,0,0.0,142,99.9,144.8,682.0,66.8,8.5,2.0,83.0,6,5
2026-06-08 06:00:00,31.1,50,8.9,983.5,0,0.0,146,95.9,144.8,737.0,53.4,7.9,21.0,95.0,6,6
2026-06-08 07:00:00,32.2,46,7.5,983.9,0,0.0,150,79.2,124.3,805.0,34.7,7.0,49.0,112.0,6,7
2026-06-08 08:00:00,34.6,38,6.8,984.1,0,0.0,151,61.5,124.3,817.0,19.5,6.4,78.0,120.0,6,8
2026-06-08 09:00:00,36.9,32,8.1,984.4,0,0.0,151,51.9,110.8,718.0,11.2,6.3,108.0,109.0,6,9
2026-06-08 10:00:00,38.9,26,6.4,984.2,0,0.0,150,46.9,96.2,562.0,6.4,6.5,140.0,90.0,6,10
2026-06-08 11:00:00,40.8,22,4.9,984.3,0,0.0,150,45.5,89.9,442.0,3.2,7.0,164.0,81.0,6,11
2026-06-08 12:00:00,42.2,19,4.0,984.0,0,0.0,149,44.9,93.4,402.0,1.6,8.1,176.0,95.0,6,12
2026-06-08 13:00:00,43.2,16,3.4,983.1,0,0.0,148,45.6,108.0,398.0,1.6,9.5,180.0,120.0,6,13
2026-06-08 14:00:00,43.7,15,4.3,982.3,0,0.0,147,46.0,117.3,396.0,2.0,10.6,182.0,138.0,6,14
2026-06-08 15:00:00,43.8,15,4.3,981.9,0,0.0,147,45.4,119.2,370.0,0.6,11.2,188.0,143.0,6,15
2026-06-08 16:00:00,43.6,15,5.8,981.3,0,0.0,147,43.8,115.7,346.0,0.0,11.6,191.0,141.0,6,16
2026-06-08 17:00:00,43.7,15,6.7,980.9,0,0.0,149,35.7,87.1,371.0,3.6,13.0,189.0,100.0,6,17
2026-06-08 18:00:00,42.3,17,6.7,980.8,0,0.0,162,43.3,77.8,485.0,18.5,13.2,156.0,90.0,6,18
2026-06-08 19:00:00,40.8,20,5.7,980.9,0,0.0,165,64.7,98.5,648.0,39.4,13.4,111.0,76.0,6,19
2026-06-08 20:00:00,39.0,23,6.4,981.2,0,0.0,156,90.6,126.7,788.0,58.2,13.9,71.0,66.0,6,20
2026-06-08 21:00:00,37.6,27,6.4,981.6,0,0.0,151,113.6,150.9,883.0,73.4,14.9,43.0,65.0,6,21
2026-06-08 22:00:00,36.4,31,6.7,982.0,0,0.0,153,133.2,170.9,955.0,86.5,16.1,20.0,67.0,6,22
2026-06-08 23:00:00,35.9,36,8.1,981.5,0,0.0,155,145.3,183.0,993.0,93.7,16.4,5.0,68.0,6,23
2026-06-09 00:00:00,34.8,38,8.7,981.1,0,0.0,158,144.4,180.2,984.0,92.9,15.0,0.0,64.0,6,0
2026-06-09 01:00:00,33.9,40,9.2,980.7,0,0.0,160,134.1,168.6,941.0,86.2,12.8,0.0,59.0,6,1
2026-06-09 02:00:00,32.8,43,12.6,980.5,0,0.0,163,115.9,146.7,890.0,76.0,10.6,3.0,55.0,6,2
2026-06-09 03:00:00,32.6,42,12.0,980.4,0,0.0,165,93.6,122.9,844.0,60.8,8.7,11.0,55.0,6,3
2026-06-09 04:00:00,32.2,40,10.9,980.4,0,0.0,166,70.3,100.4,790.0,42.1,6.8,23.0,56.0,6,4
2026-06-09 05:00:00,32.9,41,10.3,980.3,0,0.0,167,40.7,66.6,720.0,18.7,6.0,47.0,48.0,6,5
2026-06-09 06:00:00,32.4,43,10.0,980.6,0,0.0,165,34.9,54.4,615.0,15.3,6.7,57.0,48.0,6,6
2026-06-09 07:00:00,33.5,39,11.2,981.2,0,0.0,163,34.5,51.7,493.0,10.6,7.8,73.0,48.0,6,7
2026-06-09 08:00:00,34.9,37,15.0,981.4,0,0.0,162,34.6,63.6,398.0,6.8,9.1,89.0,52.0,6,8
2026-06-09 09:00:00,36.4,36,16.0,981.8,0,0.0,161,38.0,76.1,349.0,4.8,10.9,107.0,63.0,6,9
2026-06-09 10:00:00,38.2,32,15.6,981.8,0,0.0,161,41.1,85.7,327.0,3.7,13.0,126.0,77.0,6,10
2026-06-09 11:00:00,40.0,29,15.4,982.0,0,0.0,160,42.5,89.6,313.0,2.9,14.5,142.0,86.0,6,11
2026-06-09 12:00:00,41.3,25,13.4,981.7,4,0.0,160,42.5,89.6,301.0,2.3,15.1,155.0,86.0,6,12
2026-06-09 13:00:00,42.4,22,10.7,980.9,4,0.0,160,41.0,86.4,298.0,2.1,15.3,165.0,82.0,6,13
2026-06-09 14:00:00,43.2,19,8.8,980.1,0,0.0,160,39.7,82.7,300.0,2.2,15.3,172.0,77.0,6,14
2026-06-09 15:00:00,43.6,18,6.4,979.5,0,0.0,160,37.6,77.5,295.0,1.0,15.3,178.0,73.0,6,15
2026-06-09 16:00:00,43.6,18,6.2,979.0,2,0.0,160,36.0,72.4,297.0,0.1,15.2,181.0,67.0,6,16
2026-06-09 17:00:00,44.2,18,5.4,978.2,3,0.0,159,33.6,64.3,341.0,3.8,15.0,172.0,57.0,6,17
2026-06-09 18:00:00,42.6,22,9.7,978.5,6,0.0,159,35.9,56.9,467.0,10.2,13.7,145.0,47.0,6,18
2026-06-09 19:00:00,41.1,27,6.2,979.1,0,0.0,159,43.5,61.0,636.0,19.4,12.0,107.0,33.0,6,19
2026-06-09 20:00:00,39.8,31,7.0,979.4,1,0.0,158,48.7,63.6,771.0,28.3,10.7,74.0,23.0,6,20
2026-06-09 21:00:00,39.1,32,6.6,979.8,0,0.0,157,52.7,66.4,858.0,37.4,10.7,52.0,19.0,6,21
2026-06-09 22:00:00,38.0,34,6.0,980.2,0,0.0,155,59.8,73.1,911.0,46.2,11.2,35.0,19.0,6,22
2026-06-09 23:00:00,38.0,37,9.0,979.7,0,0.0,153,68.0,81.0,893.0,50.3,11.0,25.0,20.0,6,23
2026-06-10 00:00:00,37.1,37,13.3,979.7,0,0.0,151,68.7,80.6,750.0,46.3,9.4,23.0,24.0,6,0
2026-06-10 01:00:00,36.5,36,14.1,979.4,0,0.0,145,58.9,70.5,536.0,37.6,7.1,26.0,29.0,6,1
2026-06-10 02:00:00,35.7,36,14.4,978.7,0,0.0,138,43.2,61.2,380.0,29.3,5.3,32.0,32.0,6,2
2026-06-10 03:00:00,34.9,40,13.5,978.6,0,0.0,130,35.5,57.6,344.0,23.1,4.3,38.0,30.0,6,3
2026-06-10 04:00:00,34.0,44,11.0,978.8,0,0.0,124,32.0,50.5,365.0,17.4,3.9,45.0,26.0,6,4
2026-06-10 05:00:00,34.3,50,9.0,978.8,0,0.0,120,31.2,49.4,381.0,14.1,4.5,51.0,31.0,6,5
2026-06-10 06:00:00,33.5,55,9.2,979.4,0,0.0,119,29.9,42.8,370.0,12.2,5.5,60.0,29.0,6,6
2026-06-10 07:00:00,34.7,53,7.1,980.0,0,0.0,118,31.2,42.0,354.0,9.5,7.0,73.0,25.0,6,7
2026-06-10 08:00:00,36.1,48,12.6,980.4,0,0.0,118,30.5,47.5,340.0,7.2,8.9,89.0,26.0,6,8
2026-06-10 09:00:00,37.6,43,14.6,980.5,0,0.0,118,33.2,52.9,327.0,5.7,11.5,108.0,31.0,6,9
2026-06-10 10:00:00,39.5,37,13.6,980.5,0,0.0,117,36.9,60.5,315.0,4.5,14.5,131.0,39.0,6,10
2026-06-10 11:00:00,40.9,32,11.0,981.1,0,0.0,117,40.6,73.3,309.0,3.6,16.8,150.0,53.0,6,11
2026-06-10 12:00:00,41.8,31,8.4,980.9,0,0.0,117,44.0,88.5,313.0,2.9,18.0,166.0,76.0,6,12
2026-06-10 13:00:00,42.6,30,7.0,980.0,3,0.0,117,46.7,103.8,324.0,2.4,18.5,179.0,103.0,6,13
2026-06-10 14:00:00,43.2,29,6.5,979.4,2,0.0,117,48.2,115.5,334.0,2.3,18.5,188.0,127.0,6,14
2026-06-10 15:00:00,43.4,29,6.4,978.7,5,0.0,118,48.7,125.3,331.0,1.4,18.0,193.0,147.0,6,15
2026-06-10 16:00:00,43.4,28,6.9,978.4,5,0.0,123,48.5,130.4,327.0,0.8,17.0,194.0,163.0,6,16
2026-06-10 17:00:00,44.1,23,7.3,977.9,11,0.0,145,45.2,113.9,351.0,3.8,16.3,188.0,132.0,6,17
2026-06-10 18:00:00,43.1,24,8.2,977.9,7,0.0,159,53.0,102.0,426.0,13.7,14.8,155.0,114.0,6,18
2026-06-10 19:00:00,42.0,25,8.8,977.9,0,0.0,163,66.8,110.1,530.0,27.3,12.6,109.0,89.0,6,19
2026-06-10 20:00:00,40.5,31,8.6,978.2,0,0.0,156,73.1,111.5,618.0,37.0,10.6,73.0,70.0,6,20
2026-06-10 21:00:00,38.6,36,8.5,978.7,0,0.0,139,73.6,109.7,684.0,39.2,9.1,55.0,63.0,6,21
2026-06-10 22:00:00,37.8,36,6.8,979.2,0,0.0,131,75.0,109.4,735.0,37.4,7.7,47.0,62.0,6,22
2026-06-10 23:00:00,36.6,38,8.7,978.9,0,0.0,132,75.2,109.9,753.0,34.8,6.7,43.0,63.0,6,23
2026-06-11 00:00:00,35.0,41,9.0,978.1,0,0.0,133,70.1,109.0,717.0,32.0,6.0,42.0,65.0,6,0
2026-06-11 01:00:00,34.4,38,11.3,977.6,0,0.0,133,64.5,104.5,649.0,28.5,5.6,44.0,69.0,6,1
2026-06-11 02:00:00,33.6,35,10.3,977.1,0,0.0,134,57.4,93.6,595.0,25.5,5.3,46.0,67.0,6,2
2026-06-11 03:00:00,32.6,35,7.3,977.0,0,0.0,135,47.7,76.1,568.0,23.5,5.1,43.0,52.0,6,3
2026-06-11 04:00:00,31.5,37,6.9,977.2,0,0.0,137,39.0,57.0,556.0,22.1,5.0,40.0,32.0,6,4
2026-06-11 05:00:00,32.0,41,8.1,977.7,0,0.0,137,72.4,122.9,568.0,35.5,5.4,24.0,94.0,6,5
2026-06-11 06:00:00,31.7,42,2.5,978.4,0,0.0,142,76.6,129.5,638.0,32.6,6.0,32.0,108.0,6,6
2026-06-11 07:00:00,32.9,39,2.9,979.1,0,0.0,146,80.6,136.4,732.0,28.2,6.9,46.0,127.0,6,7
2026-06-11 08:00:00,35.2,35,4.9,979.5,0,0.0,150,81.0,156.9,754.0,23.2,7.3,67.0,144.0,6,8
2026-06-11 09:00:00,37.9,31,8.0,979.7,0,0.0,152,79.4,161.1,632.0,16.8,7.0,105.0,157.0,6,9
2026-06-11 10:00:00,40.1,28,8.9,979.8,0,0.0,153,77.3,163.4,438.0,9.6,6.4,152.0,168.0,6,10
2026-06-11 11:00:00,41.1,23,10.7,980.4,0,0.0,155,73.3,165.3,292.0,4.3,5.7,184.0,176.0,6,11
2026-06-11 12:00:00,42.0,22,11.0,980.1,0,0.0,156,68.9,163.9,249.0,2.1,5.1,188.0,180.0,6,12
2026-06-11 13:00:00,42.8,20,10.3,979.6,9,0.0,156,64.5,158.8,254.0,1.7,4.5,178.0,181.0,6,13
2026-06-11 14:00:00,43.3,18,10.6,978.8,5,0.0,157,61.2,154.1,262.0,1.8,4.1,167.0,181.0,6,14
2026-06-11 15:00:00,43.5,17,9.7,978.6,25,0.0,157,58.6,149.9,255.0,0.5,3.9,163.0,184.0,6,15
2026-06-11 16:00:00,43.6,17,7.5,978.2,12,0.0,157,56.8,147.6,252.0,0.0,3.9,158.0,186.0,6,16
2026-06-11 17:00:00,44.0,19,6.3,977.3,16,0.0,158,57.5,159.7,264.0,3.6,4.7,144.0,202.0,6,17
2026-06-11 18:00:00,43.5,18,3.7,977.6,3,0.0,158,63.1,127.6,309.0,11.6,5.3,124.0,174.0,6,18
2026-06-11 19:00:00,41.6,21,11.5,977.9,2,0.0,158,72.9,131.8,368.0,22.5,6.1,96.0,136.0,6,19
2026-06-11 20:00:00,39.7,25,7.0,978.5,0,0.0,159,79.9,137.4,400.0,30.3,6.8,75.0,109.0,6,20
2026-06-11 21:00:00,38.6,27,6.7,979.6,0,0.0,159,86.6,149.5,377.0,32.4,7.2,66.0,78.0,6,21
2026-06-11 22:00:00,38.1,28,7.5,980.1,0,0.0,159,101.0,166.7,326.0,31.3,7.5,64.0,58.0,6,22
2026-06-11 23:00:00,38.0,27,13.9,979.5,0,0.0,160,88.0,151.3,289.0,28.3,7.7,68.0,120.0,6,23
2026-06-12 00:00:00,35.3,34,21.9,979.6,0,0.0,160,106.6,306.4,281.0,22.2,7.7,81.0,337.0,6,0
2026-06-12 01:00:00,33.0,40,23.6,980.0,0,0.0,161,154.6,534.6,287.0,14.2,7.7,99.0,634.0,6,1
2026-06-12 02:00:00,31.1,47,23.7,979.8,0,0.0,164,190.9,629.6,295.0,8.6,8.3,110.0,860.0,6,2
2026-06-12 03:00:00,29.8,54,18.7,980.1,0,0.0,168,220.7,711.5,303.0,7.8,10.0,107.0,953.0,6,3
2026-06-12 04:00:00,29.2,57,14.7,980.4,0,0.0,173,241.2,741.3,313.0,9.5,12.4,98.0,975.0,6,4
2026-06-12 05:00:00,29.4,59,12.3,981.1,0,0.0,179,212.3,599.8,326.0,7.9,12.1,96.0,752.0,6,5
2026-06-12 06:00:00,29.3,60,7.8,982.1,0,0.0,183,201.6,536.4,344.0,8.2,11.5,93.0,726.0,6,6
2026-06-12 07:00:00,30.3,58,6.5,983.4,0,0.0,187,196.5,529.0,364.0,8.5,10.7,89.0,687.0,6,7
2026-06-12 08:00:00,31.6,54,8.8,983.9,1,0.0,191,183.0,508.5,374.0,8.1,9.8,92.0,633.0,6,8
2026-06-12 09:00:00,33.3,49,11.2,984.4,1,0.0,194,163.4,435.9,367.0,6.4,9.0,107.0,554.0,6,9
2026-06-12 10:00:00,35.0,45,15.1,984.9,0,0.0,196,147.6,365.1,349.0,4.1,8.1,127.0,462.0,6,10
2026-06-12 11:00:00,35.3,43,17.4,985.7,0,0.0,198,144.8,343.7,332.0,2.3,7.4,143.0,386.0,6,11
2026-06-12 12:00:00,36.7,40,14.8,985.5,0,0.0,200,143.0,328.8,316.0,1.6,6.8,149.0,342.0,6,12
2026-06-12 13:00:00,37.8,38,13.9,985.1,0,0.0,204,137.8,303.6,301.0,1.5,6.4,150.0,316.0,6,13
2026-06-12 14:00:00,38.4,36,15.8,984.6,2,0.0,207,128.5,278.5,292.0,1.6,6.0,149.0,293.0,6,14
2026-06-12 15:00:00,38.6,36,16.6,984.1,2,0.0,209,120.6,258.0,291.0,1.7,5.6,148.0,266.0,6,15
2026-06-12 16:00:00,38.6,36,15.1,984.2,21,0.0,212,116.2,242.1,296.0,2.1,5.3,145.0,243.0,6,16
2026-06-12 17:00:00,37.9,34,14.7,984.0,16,0.3,214,78.5,84.3,309.0,4.3,6.2,137.0,7.0,6,17
2026-06-12 18:00:00,37.3,36,14.0,984.0,4,0.0,215,70.3,72.6,338.0,7.1,6.4,128.0,0.0,6,18
2026-06-12 19:00:00,36.2,39,14.2,984.5,95,0.0,216,72.2,72.9,374.0,10.9,6.7,115.0,0.0,6,19
2026-06-12 20:00:00,35.6,42,10.8,985.4,29,0.0,216,82.9,95.7,401.0,13.7,7.0,105.0,22.0,6,20
2026-06-12 21:00:00,34.4,46,7.2,986.3,16,0.0,216,108.3,182.1,408.0,14.4,7.4,100.0,145.0,6,21
2026-06-12 22:00:00,32.9,52,10.0,986.8,70,0.0,217,135.5,286.8,405.0,14.0,7.7,97.0,312.0,6,22
2026-06-12 23:00:00,30.0,59,16.8,988.0,2,0.0,218,156.0,381.8,400.0,13.3,8.0,95.0,437.0,6,23
2026-06-13 00:00:00,29.5,59,9.9,987.9,0,0.0,221,164.4,432.1,396.0,12.4,8.1,93.0,480.0,6,0
2026-06-13 01:00:00,29.4,58,7.5,987.1,0,0.0,226,161.6,437.7,391.0,11.2,8.0,90.0,482.0,6,1
2026-06-13 02:00:00,29.2,58,9.1,986.9,0,0.0,224,146.2,392.1,388.0,10.5,8.0,87.0,475.0,6,2
2026-06-13 03:00:00,28.5,61,9.9,987.0,0,0.0,222,130.9,348.3,385.0,10.7,8.1,81.0,454.0,6,3
2026-06-13 04:00:00,28.0,63,11.4,987.3,0,0.0,218,122.5,336.2,384.0,11.4,8.2,73.0,425.0,6,4
2026-06-13 05:00:00,25.9,71,12.6,987.6,0,0.0,213,174.2,648.2,397.0,7.8,6.1,96.0,910.0,6,5
2026-06-13 06:00:00,25.6,72,10.8,987.9,0,0.0,211,160.7,495.5,440.0,7.8,6.6,97.0,879.0,6,6
2026-06-13 07:00:00,26.4,68,7.6,988.3,0,0.0,210,155.5,540.2,497.0,7.8,7.4,100.0,832.0,6,7
2026-06-13 08:00:00,28.1,61,4.4,988.9,0,0.0,208,147.1,547.6,526.0,7.2,7.8,106.0,771.0,6,8
2026-06-13 09:00:00,30.1,54,3.3,989.4,0,0.0,207,134.1,499.2,504.0,5.6,7.6,119.0,689.0,6,9
2026-06-13 10:00:00,32.3,47,5.7,989.2,0,0.0,205,118.5,429.3,455.0,3.5,7.1,135.0,594.0,6,10
2026-06-13 11:00:00,33.1,42,5.1,989.6,0,0.0,204,103.1,365.1,411.0,1.9,6.6,147.0,509.0,6,11
2026-06-13 12:00:00,34.4,39,6.0,989.1,0,0.0,202,90.8,321.3,381.0,1.3,6.2,149.0,442.0,6,12
2026-06-13 13:00:00,35.7,36,6.6,988.4,2,0.0,200,79.9,277.5,355.0,1.3,5.8,147.0,386.0,6,13
2026-06-13 14:00:00,36.5,34,6.9,987.6,1,0.0,198,71.5,244.9,336.0,1.4,5.4,144.0,338.0,6,14
2026-06-13 15:00:00,36.8,33,8.5,986.7,1,0.0,197,65.4,219.3,326.0,1.1,4.9,145.0,301.0,6,15
2026-06-13 16:00:00,36.8,34,10.3,986.0,1,0.0,195,59.4,195.1,322.0,1.0,4.4,145.0,272.0,6,16
2026-06-13 17:00:00,37.2,30,10.3,986.3,1,0.0,193,53.3,170.4,327.0,2.6,4.6,138.0,228.0,6,17
2026-06-13 18:00:00,36.0,33,11.0,986.2,1,0.0,193,52.9,159.3,338.0,6.7,4.7,123.0,195.0,6,18
2026-06-13 19:00:00,34.5,38,12.4,986.6,0,0.0,192,55.8,125.7,357.0,12.7,4.9,102.0,150.0,6,19
2026-06-13 20:00:00,33.6,41,10.1,986.8,0,0.0,192,63.1,126.7,387.0,19.4,5.2,82.0,121.0,6,20
2026-06-13 21:00:00,33.0,43,7.6,987.4,0,0.0,193,73.1,143.0,442.0,28.1,6.0,65.0,125.0,6,21
2026-06-13 22:00:00,32.5,45,8.3,987.6,0,0.0,192,85.2,163.0,509.0,37.5,7.0,49.0,145.0,6,22
2026-06-13 23:00:00,32.8,46,7.5,987.1,0,0.0,189,94.1,174.6,549.0,42.3,7.5,39.0,153.0,6,23
2026-06-14 00:00:00,31.6,50,7.6,987.2,0,0.0,187,88.0,159.7,541.0,38.9,7.1,40.0,135.0,6,0
2026-06-14 01:00:00,30.5,55,8.8,987.0,0,0.0,184,78.5,136.9,506.0,31.0,6.3,47.0,104.0,6,1
2026-06-14 02:00:00,29.8,57,8.8,986.9,0,0.0,182,70.1,110.8,475.0,24.4,5.8,53.0,75.0,6,2
2026-06-14 03:00:00,29.4,58,8.8,986.7,0,0.0,180,61.0,85.9,453.0,21.5,5.8,55.0,48.0,6,3
2026-06-14 04:00:00,28.9,59,7.9,986.7,0,0.0,178,51.0,63.3,435.0,19.9,6.1,56.0,22.0,6,4
2026-06-14 05:00:00,29.3,62,8.1,986.3,0,0.0,175,40.9,44.9,434.0,16.1,6.7,69.0,7.0,6,5
2026-06-14 06:00:00,29.0,63,7.1,986.5,0,0.0,171,36.4,40.4,471.0,14.6,7.1,78.0,12.0,6,6
2026-06-14 07:00:00,29.9,60,4.5,986.7,0,0.0,168,32.9,40.2,524.0,12.4,7.6,91.0,20.0,6,7
2026-06-14 08:00:00,32.1,53,4.5,987.0,0,0.0,164,31.4,51.0,543.0,9.9,7.7,104.0,37.0,6,8
2026-06-14 09:00:00,34.3,44,4.2,987.2,0,0.0,161,40.9,87.8,492.0,6.9,6.8,119.0,70.0,6,9
2026-06-14 10:00:00,36.1,38,3.8,987.0,0,0.0,158,45.6,115.3,406.0,3.7,5.5,135.0,111.0,6,10
2026-06-14 11:00:00,37.0,34,3.2,986.9,0,0.0,156,46.2,121.1,338.0,1.4,4.7,146.0,143.0,6,11
2026-06-14 12:00:00,38.4,31,3.6,986.2,1,0.0,154,48.8,128.1,311.0,0.7,5.1,150.0,158.0,6,12
2026-06-14 13:00:00,39.3,29,4.4,985.2,3,0.0,153,52.3,135.5,302.0,0.9,6.0,150.0,163.0,6,13
2026-06-14 14:00:00,39.9,28,5.4,984.3,3,0.0,152,55.6,141.1,299.0,1.2,6.6,148.0,166.0,6,14
2026-06-14 15:00:00,40.3,27,7.0,983.5,13,0.0,151,57.9,144.4,298.0,1.0,6.6,146.0,172.0,6,15
2026-06-14 16:00:00,40.0,28,7.2,982.9,3,0.0,151,59.1,145.8,303.0,1.0,6.4,143.0,175.0,6,16
2026-06-14 17:00:00,40.2,26,3.7,982.6,20,0.0,151,51.3,123.4,316.0,2.5,9.0,151.0,139.0,6,17
2026-06-14 18:00:00,39.1,28,6.6,982.1,2,0.0,151,53.3,107.8,341.0,7.1,8.5,133.0,119.0,6,18
2026-06-14 19:00:00,37.5,33,4.7,982.3,2,0.0,151,58.8,101.0,373.0,13.4,7.7,109.0,91.0,6,19
2026-06-14 20:00:00,36.1,36,6.3,982.7,1,0.0,151,62.2,100.4,409.0,17.9,7.1,90.0,71.0,6,20
2026-06-14 21:00:00,35.1,40,10.0,983.4,0,0.0,151,62.4,100.6,453.0,18.5,6.7,85.0,65.0,6,21
2026-06-14 22:00:00,34.2,45,10.0,983.8,0,0.0,151,62.4,100.6,499.0,17.2,6.5,85.0,67.0,6,22
2026-06-14 23:00:00,34.4,46,10.7,983.3,0,0.0,150,61.5,98.0,525.0,16.4,6.2,84.0,68.0,6,23
2026-06-15 00:00:00,33.3,48,12.3,983.0,0,0.0,148,59.5,93.4,515.0,17.3,5.8,77.0,65.0,6,0
2026-06-15 01:00:00,32.6,49,11.6,983.0,0,0.0,145,59.1,91.7,484.0,18.7,5.5,67.0,61.0,6,1
2026-06-15 02:00:00,32.1,51,11.2,983.0,0,0.0,143,59.0,92.9,458.0,19.6,5.2,60.0,62.0,6,2
2026-06-15 03:00:00,31.8,52,11.1,983.0,0,0.0,141,59.6,98.5,453.0,19.8,5.1,56.0,69.0,6,3
2026-06-15 04:00:00,31.4,53,11.2,982.8,0,0.0,141,60.5,105.2,452.0,19.4,5.1,55.0,81.0,6,4
2026-06-15 05:00:00,32.8,45,14.3,982.7,0,0.0,142,61.5,130.9,433.0,14.8,4.3,50.0,133.0,6,5
2026-06-15 06:00:00,32.5,47,12.8,983.4,0,0.0,144,57.5,119.2,377.0,12.6,4.7,51.0,113.0,6,6
2026-06-15 07:00:00,33.1,47,12.2,984.0,0,0.0,147,50.4,84.5,304.0,9.5,5.4,52.0,85.0,6,7
2026-06-15 08:00:00,34.0,45,11.1,984.8,0,0.0,148,40.2,79.4,246.0,6.8,6.3,58.0,71.0,6,8
2026-06-15 09:00:00,35.0,43,10.2,985.7,0,0.0,149,43.4,95.5,221.0,4.9,7.9,73.0,82.0,6,9
2026-06-15 10:00:00,36.4,40,11.7,986.5,2,0.0,150,48.0,110.1,211.0,3.4,9.8,92.0,106.0,6,10
2026-06-15 11:00:00,36.6,40,13.9,986.1,0,0.0,150,50.1,117.8,205.0,2.3,10.9,106.0,125.0,6,11
2026-06-15 12:00:00,37.6,38,14.0,985.6,1,0.0,150,50.8,125.7,195.0,1.7,10.7,112.0,133.0,6,12
2026-06-15 13:00:00,38.7,35,14.9,984.8,5,0.0,150,46.3,117.3,189.0,1.5,9.7,113.0,136.0,6,13
2026-06-15 14:00:00,39.5,33,13.3,984.2,7,0.0,150,44.2,117.1,189.0,1.5,8.7,112.0,138.0,6,14
2026-06-15 15:00:00,40.3,30,10.2,983.7,10,0.0,149,42.6,116.9,196.0,1.2,7.8,112.0,143.0,6,15
2026-06-15 16:00:00,40.3,30,5.1,983.1,6,0.0,147,41.0,115.0,211.0,1.1,6.9,111.0,146.0,6,16
2026-06-15 17:00:00,40.4,27,2.4,983.0,42,0.0,145,37.7,97.8,238.0,2.8,6.3,106.0,113.0,6,17
2026-06-15 18:00:00,39.1,32,9.9,982.7,1,0.0,144,39.5,78.0,287.0,11.6,6.5,87.0,100.0,6,18
2026-06-15 19:00:00,38.0,35,10.1,983.3,0,0.0,142,49.2,84.8,349.0,23.7,6.7,60.0,81.0,6,19
2026-06-15 20:00:00,37.1,38,8.5,983.7,0,0.0,141,63.3,100.4,398.0,32.8,6.9,40.0,68.0,6,20
2026-06-15 21:00:00,36.3,41,6.9,984.6,0,0.0,141,74.7,115.7,424.0,36.3,7.0,32.0,62.0,6,21
2026-06-15 22:00:00,35.5,43,3.9,985.4,0,0.0,143,83.1,121.1,437.0,36.6,7.1,30.0,62.0,6,22
2026-06-15 23:00:00,37.5,34,1.0,984.5,1,0.0,145,78.0,117.1,445.0,35.1,6.9,30.0,72.0,6,23
2026-06-16 00:00:00,34.6,44,11.0,983.9,0,0.0,147,72.4,118.7,449.0,30.8,6.3,33.0,98.0,6,0
2026-06-16 01:00:00,33.4,49,7.1,983.9,0,0.0,148,71.5,135.0,448.0,24.7,5.5,39.0,133.0,6,1
2026-06-16 02:00:00,32.7,50,7.7,983.8,0,0.0,149,73.6,160.7,447.0,20.3,5.1,43.0,165.0,6,2
2026-06-16 03:00:00,32.2,50,9.5,984.0,0,0.0,150,76.1,181.6,445.0,19.7,5.4,41.0,187.0,6,3
2026-06-16 04:00:00,31.5,51,9.0,983.5,0,0.0,151,78.5,192.3,443.0,20.9,6.0,37.0,205.0,6,4
2026-06-16 05:00:00,31.3,52,9.5,983.9,0,0.0,151,82.9,197.0,452.0,21.3,6.8,34.0,218.0,6,5
2026-06-16 06:00:00,31.1,54,8.5,984.7,0,0.0,152,85.2,200.2,489.0,19.4,7.9,37.0,241.0,6,6
2026-06-16 07:00:00,31.8,53,9.2,985.4,0,0.0,153,88.9,206.3,536.0,16.6,9.4,42.0,270.0,6,7
2026-06-16 08:00:00,33.9,47,8.7,985.9,0,0.0,154,90.6,238.0,556.0,13.5,9.9,54.0,284.0,6,8
2026-06-16 09:00:00,36.4,42,11.2,986.5,1,0.0,155,84.3,221.2,527.0,9.9,8.7,79.0,264.0,6,9
2026-06-16 10:00:00,36.1,44,3.3,987.2,63,0.0,157,74.0,185.3,470.0,5.9,6.5,111.0,228.0,6,10
2026-06-16 11:00:00,37.6,38,8.3,987.8,34,0.3,157,65.7,172.8,412.0,3.0,4.9,133.0,204.0,6,11
2026-06-16 12:00:00,38.5,36,5.0,987.2,16,0.0,158,60.8,185.8,354.0,1.7,4.4,137.0,211.0,6,12
2026-06-16 13:00:00,39.6,33,3.8,986.6,13,0.1,158,56.1,186.3,293.0,1.5,4.5,131.0,230.0,6,13
2026-06-16 14:00:00,40.1,32,5.6,985.9,33,0.0,158,53.0,176.5,252.0,1.6,4.5,124.0,239.0,6,14
2026-06-16 15:00:00,39.3,31,9.6,985.7,24,0.1,159,50.2,164.8,240.0,0.9,4.0,122.0,226.0,6,15
2026-06-16 16:00:00,39.2,31,9.4,985.4,48,0.1,159,47.3,152.3,247.0,0.6,3.4,120.0,202.0,6,16
2026-06-16 17:00:00,37.5,39,2.5,985.0,56,0.0,159,58.1,150.4,262.0,3.2,2.7,127.0,176.0,6,17
2026-06-16 18:00:00,37.2,40,9.0,984.4,68,0.0,160,55.6,130.9,282.0,4.6,2.7,118.0,160.0,6,18
2026-06-16 19:00:00,35.7,46,8.4,985.4,5,0.0,160,54.5,117.6,310.0,6.6,2.6,105.0,139.0,6,19
2026-06-16 20:00:00,33.6,57,13.2,986.5,1,0.0,160,56.8,127.1,346.0,8.9,2.6,92.0,132.0,6,20
2026-06-16 21:00:00,31.7,56,12.5,986.6,2,0.0,160,61.9,150.9,396.0,11.5,2.7,79.0,152.0,6,21
2026-06-16 22:00:00,30.9,58,7.4,987.0,4,0.0,160,67.8,167.6,453.0,14.4,2.8,64.0,185.0,6,22
2026-06-16 23:00:00,32.0,54,11.4,986.7,19,0.0,159,73.1,184.9,496.0,17.2,2.9,52.0,212.0,6,23
2026-06-17 00:00:00,31.4,55,11.0,986.3,54,0.0,159,77.1,201.2,514.0,20.3,2.8,41.0,227.0,6,0
2026-06-17 01:00:00,30.9,56,9.8,986.4,97,0.0,159,80.3,204.4,516.0,23.4,2.7,32.0,235.0,6,1
2026-06-17 02:00:00,30.6,57,8.2,986.4,92,0.0,160,81.0,204.4,512.0,25.2,2.7,26.0,234.0,6,2
2026-06-17 03:00:00,30.1,57,9.0,986.3,5,0.0,160,80.3,200.7,499.0,25.3,2.8,23.0,219.0,6,3
2026-06-17 04:00:00,29.3,59,9.2,986.5,1,0.0,160,78.5,188.6,478.0,24.2,2.9,24.0,195.0,6,4
2026-06-17 05:00:00,29.1,64,8.9,986.9,0,0.0,160,57.4,109.2,466.0,14.7,2.2,37.0,95.0,6,5
2026-06-17 06:00:00,28.7,67,8.4,987.4,0,0.0,159,55.6,104.1,478.0,13.4,2.7,41.0,98.0,6,6
2026-06-17 07:00:00,29.7,62,6.9,988.0,0,0.0,158,55.4,106.4,497.0,11.5,3.3,48.0,105.0,6,7
2026-06-17 08:00:00,31.3,57,6.8,988.5,0,0.0,157,54.5,123.9,494.0,9.3,3.7,57.0,130.0,6,8
2026-06-17 09:00:00,33.1,51,7.1,988.6,0,0.0,156,60.1,178.8,446.0,6.7,3.5,72.0,194.0,6,9
2026-06-17 10:00:00,34.9,47,7.1,988.4,0,0.0,155,68.5,241.2,375.0,3.8,3.1,91.0,275.0,6,10
2026-06-17 11:00:00,36.7,40,7.0,988.7,0,0.0,155,63.3,229.6,313.0,1.8,2.9,105.0,322.0,6,11
2026-06-17 12:00:00,37.8,36,7.7,988.0,9,0.0,155,55.2,192.3,269.0,1.1,3.3,112.0,305.0,6,12
2026-06-17 13:00:00,38.6,33,8.2,987.2,21,0.0,155,52.0,172.8,235.0,1.2,4.0,114.0,254.0,6,13
2026-06-17 14:00:00,38.8,33,9.4,986.5,52,0.0,155,49.6,156.9,219.0,1.5,4.6,116.0,207.0,6,14
2026-06-17 15:00:00,38.7,34,8.8,986.5,41,0.0,155,47.6,142.5,218.0,0.7,4.7,120.0,180.0,6,15
2026-06-17 16:00:00,38.1,35,3.7,986.0,7,0.1,155,45.4,127.1,235.0,0.2,4.6,123.0,157.0,6,16
2026-06-17 17:00:00,38.6,30,3.9,985.1,8,0.1,155,35.5,85.2,284.0,3.0,5.9,120.0,93.0,6,17
2026-06-17 18:00:00,38.6,29,3.4,985.1,8,0.0,154,41.2,83.4,390.0,10.7,6.5,102.0,77.0,6,18
2026-06-17 19:00:00,37.7,33,9.4,984.9,13,0.0,154,48.4,76.8,529.0,21.8,7.4,76.0,56.0,6,19
2026-06-17 20:00:00,36.9,36,8.7,984.9,4,0.0,153,56.1,79.2,639.0,33.0,8.4,53.0,39.0,6,20
2026-06-17 21:00:00,35.6,42,9.3,985.4,10,0.0,153,70.8,93.6,696.0,44.5,9.7,35.0,33.0,6,21
2026-06-17 22:00:00,34.3,48,7.7,986.0,1,0.0,154,86.6,108.7,726.0,56.1,11.1,19.0,31.0,6,22
2026-06-17 23:00:00,34.0,48,11.1,985.7,98,0.0,154,90.6,109.7,740.0,64.1,11.9,8.0,31.0,6,23
2026-06-18 00:00:00,33.2,50,9.8,985.8,34,0.0,155,92.9,112.0,736.0,66.7,11.9,2.0,29.0,6,0
2026-06-18 01:00:00,32.5,51,8.6,985.8,79,0.0,155,100.8,121.5,717.0,65.7,11.3,1.0,29.0,6,1
2026-06-18 02:00:00,31.8,53,9.9,985.4,61,0.0,156,102.7,123.4,708.0,62.1,10.3,2.0,34.0,6,2
2026-06-18 03:00:00,31.5,54,9.9,985.5,0,0.0,156,89.2,112.7,727.0,55.4,8.5,5.0,48.0,6,3
2026-06-18 04:00:00,30.9,55,10.3,985.5,0,0.0,157,76.1,108.0,756.0,46.0,6.3,11.0,68.0,6,4
2026-06-18 05:00:00,31.3,55,7.2,985.8,0,0.0,157,44.7,73.1,764.0,22.5,3.6,32.0,51.0,6,5
2026-06-18 06:00:00,30.4,62,6.4,986.1,0,0.0,156,46.9,78.9,740.0,19.3,3.6,37.0,65.0,6,6
2026-06-18 07:00:00,31.5,60,5.2,986.6,0,0.0,156,47.8,79.4,696.0,14.7,3.6,45.0,84.0,6,7
2026-06-18 08:00:00,33.5,53,6.2,987.0,0,0.0,156,46.6,100.1,632.0,10.6,4.1,57.0,99.0,6,8
2026-06-18 09:00:00,34.9,50,7.3,987.1,0,0.0,156,43.7,84.5,536.0,7.3,5.7,79.0,104.0,6,9
2026-06-18 10:00:00,36.2,48,7.7,987.2,2,0.0,155,45.2,95.5,421.0,4.4,7.9,105.0,105.0,6,10
2026-06-18 11:00:00,37.8,36,8.7,987.4,10,0.1,154,43.8,102.2,329.0,2.3,9.0,123.0,105.0,6,11
2026-06-18 12:00:00,37.8,35,9.5,986.9,37,3.3,154,39.2,94.8,272.0,1.4,8.1,125.0,104.0,6,12
2026-06-18 13:00:00,37.6,38,9.2,986.3,31,2.4,153,37.0,92.2,239.0,1.3,6.3,119.0,103.0,6,13
2026-06-18 14:00:00,36.9,39,9.1,985.9,59,4.4,153,35.6,90.8,236.0,1.5,4.7,113.0,101.0,6,14
2026-06-18 15:00:00,35.8,43,15.3,985.6,58,0.1,152,35.4,91.0,272.0,0.5,3.9,112.0,101.0,6,15
2026-06-18 16:00:00,32.8,52,16.8,985.6,28,0.2,152,35.2,90.6,340.0,0.0,3.3,112.0,102.0,6,16
2026-06-18 17:00:00,39.6,29,9.2,983.2,3,0.0,152,30.7,77.1,422.0,2.1,3.9,109.0,85.0,6,17
2026-06-18 18:00:00,38.8,31,5.9,983.3,0,0.0,152,34.5,71.0,532.0,11.1,5.4,92.0,79.0,6,18
2026-06-18 19:00:00,37.9,33,3.7,984.2,9,0.0,151,48.4,80.3,657.0,23.4,7.4,69.0,69.0,6,19
2026-06-18 20:00:00,36.4,39,5.7,984.4,23,0.0,151,57.2,90.8,741.0,32.4,9.2,52.0,59.0,6,20
2026-06-18 21:00:00,34.7,47,5.8,985.0,40,0.0,151,72.2,105.7,751.0,34.7,10.6,46.0,48.0,6,21
2026-06-18 22:00:00,33.8,51,6.7,985.6,55,0.0,152,64.7,86.4,719.0,33.8,11.6,46.0,35.0,6,22
2026-06-18 23:00:00,32.1,53,10.3,986.0,100,0.0,151,54.4,71.5,686.0,32.7,11.9,44.0,26.0,6,23
2026-06-19 00:00:00,31.6,51,10.1,985.5,99,0.0,149,52.0,67.3,666.0,32.7,10.8,39.0,22.0,6,0
2026-06-19 01:00:00,31.4,51,8.8,985.3,41,0.0,145,54.5,68.7,644.0,32.5,8.9,32.0,21.0,6,1
2026-06-19 02:00:00,30.9,52,8.9,985.0,33,0.0,140,57.3,71.2,614.0,32.3,7.4,27.0,20.0,6,2
2026-06-19 03:00:00,30.5,54,8.7,984.8,19,0.0,135,57.9,71.2,559.0,32.4,6.6,22.0,16.0,6,3
2026-06-19 04:00:00,30.2,56,8.3,984.9,0,0.0,132,55.6,67.1,496.0,32.4,6.2,19.0,13.0,6,4
2026-06-19 05:00:00,28.1,74,2.8,986.1,0,0.0,130,44.6,78.0,468.0,22.0,3.5,37.0,59.0,6,5
2026-06-19 06:00:00,27.9,77,2.8,986.4,0,0.0,130,46.0,77.5,518.0,18.9,3.4,45.0,92.0,6,6
2026-06-19 07:00:00,29.0,71,3.5,986.5,0,0.0,130,47.4,105.7,603.0,14.5,3.3,57.0,140.0,6,7
2026-06-19 08:00:00,31.0,60,4.2,987.0,0,0.0,130,51.8,150.9,636.0,10.4,3.2,69.0,187.0,6,8
2026-06-19 09:00:00,33.0,50,4.9,987.2,0,0.0,130,59.8,201.6,563.0,7.0,3.0,83.0,238.0,6,9
2026-06-19 10:00:00,34.7,45,7.5,987.2,0,0.0,132,64.3,225.8,437.0,4.0,2.7,97.0,288.0,6,10
2026-06-19 11:00:00,35.1,44,6.7,987.6,0,0.0,134,64.5,225.4,333.0,1.8,2.5,107.0,311.0,6,11
2026-06-19 12:00:00,36.2,42,2.3,987.5,2,0.0,136,59.8,207.7,272.0,1.0,2.5,110.0,285.0,6,12
2026-06-19 13:00:00,36.9,40,4.3,986.9,7,0.1,138,52.9,173.7,233.0,1.0,2.5,108.0,231.0,6,13
2026-06-19 14:00:00,37.7,39,7.5,986.4,11,0.0,140,46.3,143.0,227.0,1.3,2.5,107.0,187.0,6,14
2026-06-19 15:00:00,37.5,39,8.9,986.1,33,0.1,141,43.4,129.5,274.0,0.7,2.3,109.0,172.0,6,15
2026-06-19 16:00:00,37.1,37,6.6,985.7,23,0.1,142,44.1,134.6,355.0,0.3,2.2,111.0,167.0,6,16
2026-06-19 17:00:00,37.8,31,9.3,985.8,55,0.2,143,39.0,107.3,420.0,2.8,3.9,118.0,130.0,6,17
2026-06-19 18:00:00,36.4,35,9.3,985.8,14,0.2,144,43.0,93.8,448.0,14.0,4.5,95.0,109.0,6,18
2026-06-19 19:00:00,35.9,36,5.6,986.1,5,0.0,145,58.9,98.7,462.0,29.1,5.3,62.0,80.0,6,19
2026-06-19 20:00:00,35.8,37,3.1,986.3,1,0.0,146,68.0,100.8,479.0,38.9,5.8,39.0,59.0,6,20
2026-06-19 21:00:00,34.7,42,4.3,987.0,0,0.0,147,66.1,97.6,518.0,37.2,5.6,35.0,53.0,6,21
2026-06-19 22:00:00,33.8,49,6.5,987.4,0,0.0,146,63.6,94.8,560.0,30.1,5.1,39.0,55.0,6,22
2026-06-19 23:00:00,33.3,52,7.3,987.1,0,0.0,146,60.8,93.6,575.0,26.2,4.7,41.0,60.0,6,23
2026-06-20 00:00:00,32.2,57,6.9,986.7,0,0.0,147,59.6,96.6,535.0,30.2,4.8,34.0,67.0,6,0
2026-06-20 01:00:00,31.7,59,5.6,986.5,6,0.0,148,64.0,106.9,466.0,37.5,5.1,25.0,77.0,6,1
2026-06-20 02:00:00,30.8,62,8.5,986.2,26,0.0,149,70.1,114.8,421.0,41.9,5.2,19.0,82.0,6,2
2026-06-20 03:00:00,30.3,62,8.4,985.9,6,0.0,150,72.2,112.9,422.0,41.0,5.0,17.0,77.0,6,3
2026-06-20 04:00:00,29.8,63,7.2,986.2,0,0.0,150,66.1,102.2,447.0,37.3,4.8,18.0,67.0,6,4
2026-06-20 05:00:00,30.1,62,3.3,986.8,100,0.0,151,60.5,93.1,474.0,29.5,5.0,27.0,58.0,6,5
2026-06-20 06:00:00,29.5,67,4.4,987.1,73,0.0,151,58.8,92.4,510.0,25.3,5.1,38.0,69.0,6,6
2026-06-20 07:00:00,29.9,66,4.1,987.4,15,0.0,152,58.6,93.8,549.0,19.3,5.1,55.0,85.0,6,7
2026-06-20 08:00:00,31.6,60,4.4,987.8,88,0.0,152,54.8,110.1,556.0,13.8,4.9,71.0,103.0,6,8
2026-06-20 09:00:00,33.1,53,4.4,988.1,29,0.0,152,53.0,125.3,501.0,9.2,4.1,87.0,125.0,6,9
2026-06-20 10:00:00,34.9,46,5.2,988.1,20,0.0,152,51.3,136.4,414.0,4.9,2.9,103.0,149.0,6,10
2026-06-20 11:00:00,35.3,43,5.8,988.3,42,0.0,151,48.8,134.1,343.0,2.0,2.3,115.0,163.0,6,11
2026-06-20 12:00:00,36.1,42,5.4,987.9,9,0.0,151,43.4,123.9,307.0,1.0,2.7,121.0,161.0,6,12
2026-06-20 13:00:00,37.3,38,5.5,987.3,5,0.0,150,42.4,119.7,288.0,1.2,3.6,124.0,149.0,6,13
2026-06-20 14:00:00,38.0,35,5.2,986.7,2,0.0,150,41.6,114.6,281.0,1.6,4.1,125.0,138.0,6,14
2026-06-20 15:00:00,38.4,33,6.5,985.9,3,0.0,150,40.9,109.4,285.0,0.9,3.8,128.0,131.0,6,15
2026-06-20 16:00:00,37.9,31,10.4,986.0,73,0.0,150,40.0,103.6,301.0,0.3,3.1,129.0,124.0,6,16
2026-06-20 17:00:00,38.4,29,8.5,985.4,2,0.0,149,35.0,92.4,324.0,2.9,3.9,124.0,109.0,6,17
2026-06-20 18:00:00,37.3,32,8.2,985.3,1,0.0,149,36.3,90.8,356.0,12.1,4.3,103.0,93.0,6,18
2026-06-20 19:00:00,35.9,37,9.2,985.2,1,0.0,148,54.2,92.9,395.0,25.0,5.0,74.0,72.0,6,19
2026-06-20 20:00:00,34.5,44,6.9,985.5,1,0.0,148,60.3,91.7,432.0,36.1,5.7,50.0,56.0,6,20
2026-06-20 21:00:00,34.0,46,5.4,986.3,0,0.0,147,65.9,95.2,468.0,43.1,6.5,37.0,51.0,6,21
2026-06-20 22:00:00,33.4,48,5.6,986.5,0,0.0,147,76.1,105.5,501.0,48.4,7.3,29.0,52.0,6,22
2026-06-20 23:00:00,33.3,48,8.8,986.2,0,0.0,148,86.1,115.9,517.0,53.5,8.1,22.0,53.0,6,23
2026-06-21 00:00:00,32.0,52,8.3,985.7,0,0.0,150,91.0,122.0,507.0,59.6,9.0,14.0,54.0,6,0
2026-06-21 01:00:00,31.6,53,7.4,985.6,17,0.0,151,92.0,122.9,480.0,65.5,9.8,7.0,55.0,6,1
2026-06-21 02:00:00,31.0,55,7.8,985.1,15,0.0,152,94.1,125.7,452.0,68.9,10.2,2.0,55.0,6,2
2026-06-21 03:00:00,30.3,57,8.6,984.6,7,0.0,153,100.6,133.2,424.0,69.5,10.0,0.0,52.0,6,3
2026-06-21 04:00:00,29.7,57,9.6,984.7,16,0.0,154,106.9,139.7,395.0,67.7,9.5,0.0,49.0,6,4
2026-06-21 05:00:00,30.3,57,10.6,984.6,41,0.0,155,81.7,110.1,372.0,52.2,7.3,13.0,48.0,6,5
2026-06-21 06:00:00,30.0,58,11.3,985.0,32,0.0,155,66.4,92.9,364.0,41.7,6.7,33.0,43.0,6,6
2026-06-21 07:00:00,31.3,54,8.3,985.5,37,0.0,156,59.1,78.2,361.0,27.0,5.9,62.0,38.0,6,7
2026-06-21 08:00:00,33.2,48,9.1,985.8,2,0.0,156,48.4,76.6,348.0,15.0,5.5,86.0,49.0,6,8
2026-06-21 09:00:00,34.8,45,10.7,985.5,4,0.0,155,43.7,84.3,310.0,8.5,6.0,103.0,90.0,6,9
2026-06-21 10:00:00,36.2,43,13.4,985.2,0,0.0,155,48.7,115.5,261.0,4.7,7.0,116.0,147.0,6,10
2026-06-21 11:00:00,37.8,38,15.5,985.0,0,0.0,155,53.3,154.1,223.0,2.2,7.5,124.0,192.0,6,11
2026-06-21 12:00:00,38.8,35,11.7,984.8,50,0.0,155,53.1,163.4,203.0,1.0,7.2,125.0,213.0,6,12
2026-06-21 13:00:00,38.6,34,1.2,984.8,78,0.0,156,52.9,167.2,194.0,1.1,6.4,121.0,220.0,6,13
2026-06-21 14:00:00,36.7,33,12.7,984.1,14,0.3,156,52.4,167.6,192.0,1.4,5.7,117.0,222.0,6,14
2026-06-21 15:00:00,37.8,35,15.2,983.4,84,0.0,156,51.1,162.1,194.0,0.7,5.0,115.0,220.0,6,15
2026-06-21 16:00:00,35.9,43,12.2,983.6,46,0.0,156,49.6,156.0,203.0,0.3,4.3,113.0,211.0,6,16
2026-06-21 17:00:00,39.7,30,10.7,981.4,22,0.0,157,41.8,129.5,221.0,2.4,4.0,106.0,170.0,6,17
2026-06-21 18:00:00,38.4,32,10.0,982.0,0,0.0,157,46.1,105.7,254.0,11.2,5.0,88.0,150.0,6,18
2026-06-21 19:00:00,37.2,36,8.4,982.8,1,0.0,157,66.6,133.6,295.0,23.5,6.3,63.0,123.0,6,19
2026-06-21 20:00:00,35.4,43,11.5,983.0,66,0.0,158,73.8,127.6,329.0,33.6,7.3,42.0,100.0,6,20
2026-06-21 21:00:00,33.5,46,11.1,983.8,77,0.0,158,68.0,118.5,350.0,39.5,7.7,30.0,88.0,6,21
2026-06-21 22:00:00,32.8,46,9.2,984.3,40,0.0,158,79.4,126.2,364.0,43.1,7.7,22.0,80.0,6,22
2026-06-21 23:00:00,32.3,47,10.0,984.1,56,0.0,158,86.4,126.2,368.0,44.6,7.4,17.0,73.0,6,23
2026-06-22 00:00:00,31.6,48,10.1,984.0,37,0.0,158,82.4,114.6,354.0,43.0,6.8,16.0,62.0,6,0
2026-06-22 01:00:00,31.1,48,11.6,983.8,37,0.0,158,74.3,102.2,330.0,39.2,5.9,18.0,52.0,6,1
2026-06-22 02:00:00,30.6,50,11.0,983.6,94,0.0,157,68.0,94.5,318.0,35.9,5.2,19.0,47.0,6,2
2026-06-22 03:00:00,30.6,50,6.9,984.1,42,0.0,157,63.6,90.1,330.0,34.7,4.6,16.0,51.0,6,3
2026-06-22 04:00:00,29.2,58,11.0,984.4,80,0.0,156,59.5,90.3,354.0,34.1,4.1,12.0,61.0,6,4
2026-06-22 05:00:00,25.5,73,10.7,985.7,7,0.0,154,61.5,180.2,375.0,9.0,2.5,56.0,228.0,6,5
2026-06-22 06:00:00,27.2,70,11.1,986.0,16,0.0,154,62.4,163.4,396.0,9.2,2.8,55.0,187.0,6,6
2026-06-22 07:00:00,28.3,69,8.8,986.1,52,0.0,153,61.2,134.1,414.0,9.5,3.2,55.0,132.0,6,7
2026-06-22 08:00:00,30.4,63,11.2,986.2,22,0.0,153,51.5,102.9,410.0,9.0,4.3,62.0,97.0,6,8
2026-06-22 09:00:00,32.3,56,13.1,986.1,1,0.0,154,41.7,78.5,365.0,7.1,6.7,84.0,100.0,6,9
2026-06-22 10:00:00,34.4,49,12.7,986.1,0,0.0,153,46.0,106.6,297.0,4.6,9.8,114.0,124.0,6,10
2026-06-22 11:00:00,34.8,44,11.8,986.7,0,0.0,153,49.0,130.9,246.0,2.7,11.6,135.0,153.0,6,11
2026-06-22 12:00:00,35.8,41,9.9,986.3,0,0.0,153,47.4,143.9,221.0,1.9,11.1,139.0,196.0,6,12
2026-06-22 13:00:00,36.4,38,6.7,986.1,50,0.0,153,48.0,167.2,211.0,1.7,9.3,134.0,245.0,6,13
2026-06-22 14:00:00,35.0,39,15.0,986.2,52,0.1,153,49.7,183.5,228.0,2.3,7.6,128.0,259.0,6,14
2026-06-22 15:00:00,34.4,42,6.9,985.5,99,0.1,153,47.1,121.1,269.0,3.7,6.1,122.0,205.0,6,15
2026-06-22 16:00:00,34.8,41,9.2,984.7,93,0.0,153,46.1,86.1,336.0,5.9,4.7,114.0,115.0,6,16
2026-06-22 17:00:00,34.1,46,5.9,983.6,59,0.0,153,36.0,99.7,441.0,3.2,3.3,125.0,121.0,6,17
2026-06-22 18:00:00,33.5,50,9.2,983.9,2,0.0,152,39.1,94.5,623.0,15.6,4.3,102.0,109.0,6,18
2026-06-22 19:00:00,32.7,53,7.6,983.9,100,0.0,152,57.7,102.7,843.0,32.6,5.6,70.0,92.0,6,19
2026-06-22 20:00:00,32.4,56,7.1,984.1,84,0.0,152,75.7,120.1,1001.0,45.5,6.7,44.0,82.0,6,20
2026-06-22 21:00:00,32.3,53,8.1,984.7,68,0.0,152,83.8,129.9,1057.0,50.1,7.3,32.0,82.0,6,21
2026-06-22 22:00:00,31.9,56,6.7,985.0,19,0.0,153,87.5,136.9,1050.0,50.5,7.6,27.0,89.0,6,22
2026-06-22 23:00:00,32.4,58,5.7,984.5,41,0.0,153,92.7,147.1,1000.0,49.8,7.6,23.0,101.0,6,23
2026-06-23 00:00:00,31.3,67,2.4,984.2,22,0.0,153,92.9,154.1,885.0,48.5,7.2,19.0,122.0,6,0
2026-06-23 01:00:00,30.7,71,1.5,984.0,0,0.0,153,90.1,164.4,728.0,46.1,6.5,17.0,149.0,6,1
2026-06-23 02:00:00,29.9,76,3.6,983.8,0,0.0,154,88.7,180.2,613.0,44.5,6.0,15.0,172.0,6,2
2026-06-23 03:00:00,29.3,77,4.5,983.9,0,0.0,154,89.6,197.4,583.0,45.7,5.8,10.0,187.0,6,3
2026-06-23 04:00:00,29.2,77,2.8,983.9,0,0.0,155,91.3,202.1,597.0,47.7,5.8,5.0,197.0,6,4
2026-06-23 05:00:00,29.0,66,8.4,984.5,6,0.0,156,87.1,136.9,612.0,47.9,6.6,14.0,90.0,6,5
2026-06-23 06:00:00,27.7,71,9.4,984.5,58,0.1,157,83.8,135.0,629.0,39.6,6.9,35.0,103.0,6,6
2026-06-23 07:00:00,29.2,62,5.4,984.4,4,0.0,157,79.6,129.5,648.0,27.9,7.3,64.0,123.0,6,7
2026-06-23 08:00:00,31.6,54,4.3,984.7,0,0.0,158,69.4,151.3,627.0,17.8,7.2,89.0,154.0,6,8
2026-06-23 09:00:00,34.1,46,5.4,984.8,0,0.0,159,60.8,164.8,527.0,11.0,6.2,107.0,209.0,6,9
2026-06-23 10:00:00,35.5,42,11.9,985.0,9,0.0,159,58.6,178.8,386.0,5.7,4.6,121.0,275.0,6,10
2026-06-23 11:00:00,37.4,32,10.4,984.7,20,0.0,160,63.6,227.7,279.0,2.2,3.5,130.0,319.0,6,11
2026-06-23 12:00:00,36.6,38,8.4,984.2,39,1.4,160,57.6,217.5,236.0,0.8,3.1,131.0,322.0,6,12
2026-06-23 13:00:00,37.6,36,6.6,983.4,46,0.1,160,55.6,209.1,227.0,1.2,3.2,127.0,303.0,6,13
2026-06-23 14:00:00,38.1,35,6.8,982.6,9,0.0,160,54.4,198.8,233.0,1.7,3.2,124.0,282.0,6,14
2026-06-23 15:00:00,38.6,34,5.2,982.2,28,0.0,161,53.2,188.6,245.0,1.1,3.1,125.0,268.0,6,15
2026-06-23 16:00:00,38.5,33,6.1,981.7,20,0.0,161,51.9,178.8,273.0,0.7,3.0,127.0,251.0,6,16
2026-06-23 17:00:00,38.8,31,7.1,981.1,26,0.0,161,43.4,139.2,318.0,3.2,5.4,129.0,187.0,6,17
2026-06-23 18:00:00,37.2,39,10.9,981.0,14,0.0,161,47.4,132.2,388.0,10.7,5.5,109.0,161.0,6,18
2026-06-23 19:00:00,36.1,43,10.5,981.0,2,0.0,161,57.0,117.6,476.0,21.1,5.7,81.0,126.0,6,19
2026-06-23 20:00:00,35.3,45,10.6,981.4,2,0.0,161,64.7,117.1,569.0,29.3,5.9,58.0,100.0,6,20
2026-06-23 21:00:00,34.7,47,9.2,981.8,1,0.0,161,68.5,119.2,686.0,33.0,6.0,46.0,92.0,6,21
2026-06-23 22:00:00,34.2,48,7.1,982.1,0,0.0,161,75.0,125.3,807.0,34.5,6.0,40.0,92.0,6,22
2026-06-23 23:00:00,34.7,49,8.1,981.9,0,0.0,160,78.7,128.1,864.0,36.2,6.0,34.0,93.0,6,23
2026-06-24 00:00:00,34.1,51,7.3,982.0,1,0.0,160,80.3,130.9,807.0,39.6,5.8,26.0,91.0,6,0
2026-06-24 01:00:00,33.5,53,7.0,981.9,0,0.0,159,83.8,134.6,685.0,43.2,5.6,17.0,90.0,6,1
2026-06-24 02:00:00,32.6,56,7.1,981.5,0,0.0,159,84.1,132.7,574.0,44.3,5.3,13.0,91.0,6,2
2026-06-24 03:00:00,31.4,62,10.2,981.6,0,0.0,159,78.9,132.2,496.0,41.4,5.0,14.0,96.0,6,3
2026-06-24 04:00:00,30.9,65,10.2,981.5,0,0.0,159,72.9,130.4,430.0,36.2,4.8,18.0,104.0,6,4
2026-06-24 05:00:00,31.4,56,11.3,981.7,0,0.0,158,65.2,100.4,386.0,35.2,5.0,19.0,64.0,6,5
2026-06-24 06:00:00,31.1,57,11.2,982.0,0,0.0,158,58.8,96.2,381.0,29.8,5.0,29.0,72.0,6,6
2026-06-24 07:00:00,32.0,55,7.6,982.6,0,0.0,157,56.6,92.7,398.0,22.1,4.9,45.0,84.0,6,7
2026-06-24 08:00:00,33.8,51,7.9,983.1,0,0.0,156,53.6,104.8,401.0,15.2,4.7,62.0,97.0,6,8
2026-06-24 09:00:00,35.8,45,8.4,983.5,0,0.0,156,49.7,110.6,369.0,9.9,4.3,84.0,113.0,6,9
2026-06-24 10:00:00,37.5,41,7.8,983.8,0,0.0,155,48.4,116.9,321.0,5.4,3.8,108.0,132.0,6,10
2026-06-24 11:00:00,39.1,35,6.8,983.6,14,0.0,155,47.1,124.3,282.0,2.3,3.5,124.0,147.0,6,11
2026-06-24 12:00:00,40.0,32,6.5,983.2,16,0.0,155,46.1,131.8,259.0,1.1,3.5,127.0,158.0,6,12
2026-06-24 13:00:00,40.6,31,7.3,982.4,20,0.0,154,46.3,135.5,244.0,1.2,3.8,123.0,166.0,6,13
2026-06-24 14:00:00,40.8,31,9.6,981.7,21,0.0,154,46.4,134.6,235.0,1.5,3.9,118.0,170.0,6,14
2026-06-24 15:00:00,40.1,32,11.3,981.5,11,0.0,154,46.2,131.8,225.0,0.9,3.8,118.0,170.0,6,15
2026-06-24 16:00:00,39.7,33,12.3,981.2,10,0.0,154,45.5,127.6,219.0,0.6,3.6,117.0,165.0,6,16
2026-06-24 17:00:00,40.6,29,10.3,980.2,13,0.0,153,45.6,126.2,236.0,2.9,3.7,111.0,154.0,6,17
2026-06-24 18:00:00,39.8,31,9.4,980.2,16,0.0,153,47.1,118.0,273.0,10.1,4.2,93.0,129.0,6,18
2026-06-24 19:00:00,38.1,37,11.2,980.3,2,0.0,153,56.1,100.6,331.0,20.1,5.0,70.0,97.0,6,19
2026-06-24 20:00:00,36.5,44,9.6,980.8,2,0.0,153,63.8,104.5,432.0,28.4,5.7,50.0,75.0,6,20
2026-06-24 21:00:00,35.5,47,9.4,981.8,1,0.0,153,72.9,115.0,639.0,33.8,6.2,39.0,70.0,6,21
2026-06-24 22:00:00,35.2,47,9.3,982.5,1,0.0,153,82.0,125.3,888.0,37.6,6.6,32.0,74.0,6,22
2026-06-24 23:00:00,35.2,47,8.9,982.5,0,0.0,154,84.3,127.6,1012.0,39.6,6.8,27.0,80.0,6,23
2026-06-25 00:00:00,34.4,48,8.4,982.6,0,0.0,154,81.0,126.2,897.0,38.9,6.5,25.0,87.0,6,0
2026-06-25 01:00:00,33.6,50,8.1,982.4,0,0.0,154,78.5,126.7,655.0,36.5,5.9,25.0,96.0,6,1
2026-06-25 02:00:00,32.7,53,7.7,982.3,0,0.0,154,78.2,134.6,460.0,35.0,5.5,24.0,105.0,6,2
2026-06-25 03:00:00,31.8,56,7.7,982.4,0,0.0,154,80.1,148.1,374.0,36.4,5.3,19.0,114.0,6,3
2026-06-25 04:00:00,31.1,58,8.7,982.4,0,0.0,154,82.0,158.8,335.0,38.7,5.3,14.0,123.0,6,4
2026-06-25 05:00:00,31.0,55,9.8,982.3,0,0.0,154,79.4,150.9,319.0,38.2,5.3,15.0,134.0,6,5
2026-06-25 06:00:00,30.8,56,9.4,983.0,0,0.0,154,75.7,141.6,337.0,32.5,5.3,26.0,150.0,6,6
2026-06-25 07:00:00,32.0,53,6.9,983.7,0,0.0,155,75.7,141.6,379.0,24.0,5.3,44.0,169.0,6,7
2026-06-25 08:00:00,33.8,49,7.2,984.4,0,0.0,155,75.9,171.8,397.0,16.4,5.2,64.0,183.0,6,8
2026-06-25 09:00:00,35.6,46,8.7,985.1,0,0.0,156,75.0,177.9,362.0,10.7,4.7,90.0,187.0,6,9
2026-06-25 10:00:00,37.1,43,8.8,985.3,0,0.0,157,68.9,168.1,303.0,5.9,4.1,118.0,186.0,6,10
2026-06-25 11:00:00,38.2,39,8.9,985.7,3,0.0,157,60.1,158.8,255.0,2.5,3.5,136.0,188.0,6,11
2026-06-25 12:00:00,39.3,35,8.4,985.5,15,0.0,158,55.8,169.0,230.0,1.1,3.2,137.0,199.0,6,12
2026-06-25 13:00:00,39.5,34,9.7,985.1,9,0.0,158,53.6,169.5,217.0,1.2,2.9,128.0,214.0,6,13
2026-06-25 14:00:00,39.9,33,9.9,984.6,14,0.0,158,52.6,168.1,211.0,1.5,2.8,120.0,224.0,6,14
2026-06-25 15:00:00,39.7,34,9.2,984.0,16,0.0,158,51.9,165.8,209.0,0.2,2.7,119.0,227.0,6,15
2026-06-25 16:00:00,39.7,34,6.8,983.5,19,0.0,159,51.3,163.4,216.0,0.0,2.6,118.0,226.0,6,16
2026-06-25 17:00:00,38.9,33,6.3,983.6,9,0.0,159,45.6,124.3,240.0,3.0,2.8,114.0,152.0,6,17
2026-06-25 18:00:00,38.5,34,4.3,983.6,7,0.0,159,50.6,111.3,288.0,7.9,3.3,100.0,134.0,6,18
2026-06-25 19:00:00,37.8,36,4.8,983.8,2,0.0,159,57.7,108.7,353.0,14.6,4.0,81.0,108.0,6,19
2026-06-25 20:00:00,36.4,41,9.3,984.0,0,0.0,159,62.4,109.9,426.0,19.5,4.6,67.0,89.0,6,20
2026-06-25 21:00:00,35.6,44,6.7,984.6,1,0.0,159,64.7,112.5,519.0,20.6,4.9,63.0,81.0,6,21
2026-06-25 22:00:00,34.8,47,6.8,985.1,1,0.0,159,66.6,112.7,620.0,19.9,5.0,64.0,79.0,6,22
2026-06-25 23:00:00,34.6,49,8.0,984.7,0,0.0,158,66.8,109.2,678.0,19.2,5.1,64.0,78.0,6,23
2026-06-26 00:00:00,33.7,53,9.1,984.3,34,0.0,158,65.2,104.8,662.0,19.2,5.3,61.0,77.0,6,0
2026-06-26 01:00:00,32.9,56,9.3,984.4,28,0.0,157,65.2,104.5,603.0,19.4,5.4,58.0,79.0,6,1
2026-06-26 02:00:00,32.3,59,8.8,984.5,3,0.0,157,66.1,111.3,547.0,19.6,5.6,55.0,83.0,6,2
2026-06-26 03:00:00,31.9,60,8.0,984.6,0,0.0,156,68.2,122.9,503.0,20.3,5.9,50.0,91.0,6,3
2026-06-26 04:00:00,31.7,60,9.3,985.0,0,0.0,156,70.8,131.8,462.0,21.2,6.2,45.0,101.0,6,4
2026-06-26 05:00:00,31.8,58,8.0,985.1,0,0.0,156,68.7,119.7,438.0,20.6,6.5,46.0,94.0,6,5
2026-06-26 06:00:00,31.6,59,7.3,985.6,0,0.0,155,70.8,120.1,450.0,19.2,6.6,53.0,107.0,6,6
2026-06-26 07:00:00,32.5,57,5.3,986.0,7,0.0,155,74.0,122.9,480.0,17.0,6.7,64.0,127.0,6,7
2026-06-26 08:00:00,34.3,51,4.9,986.6,9,0.0,155,78.9,163.4,479.0,14.3,6.4,77.0,160.0,6,8
2026-06-26 09:00:00,36.5,45,4.5,986.8,0,0.0,155,82.9,220.7,415.0,10.4,5.3,95.0,222.0,6,9
2026-06-26 10:00:00,38.5,37,4.4,986.9,0,0.0,156,84.5,258.0,322.0,5.9,3.8,116.0,297.0,6,10
2026-06-26 11:00:00,39.2,33,5.7,987.4,2,0.0,156,81.0,254.3,252.0,2.6,2.8,131.0,338.0,6,11
2026-06-26 12:00:00,39.9,31,5.2,987.0,12,0.0,157,70.5,216.5,230.0,1.4,2.9,135.0,316.0,6,12
2026-06-26 13:00:00,40.2,31,3.6,986.5,7,0.0,157,60.8,182.5,232.0,1.5,3.6,133.0,261.0,6,13
2026-06-26 14:00:00,40.4,31,4.4,985.7,9,0.1,157,57.5,167.6,237.0,1.8,4.3,131.0,214.0,6,14
2026-06-26 15:00:00,40.4,32,6.2,985.2,5,0.1,157,58.7,165.8,231.0,0.8,4.7,134.0,193.0,6,15
2026-06-26 16:00:00,40.2,32,8.6,984.6,15,0.0,158,55.3,150.9,228.0,0.0,5.1,137.0,180.0,6,16
2026-06-26 17:00:00,39.6,32,6.7,983.8,13,0.0,158,46.3,115.7,253.0,3.5,7.3,141.0,133.0,6,17
2026-06-26 18:00:00,39.2,34,5.8,983.9,7,0.0,158,47.8,98.5,323.0,18.7,8.3,114.0,117.0,6,18
2026-06-26 19:00:00,38.5,35,6.1,984.3,1,0.0,158,67.5,105.5,420.0,39.6,9.6,76.0,95.0,6,19
2026-06-26 20:00:00,37.1,42,7.8,984.7,1,0.0,158,89.6,131.8,519.0,54.3,10.3,46.0,77.0,6,20
2026-06-26 21:00:00,36.3,45,8.1,985.1,1,0.0,159,95.7,136.0,626.0,56.9,10.0,32.0,67.0,6,21
2026-06-26 22:00:00,35.5,46,8.8,985.7,0,0.0,160,99.2,136.4,734.0,53.3,9.2,27.0,61.0,6,22
2026-06-26 23:00:00,35.6,49,8.7,985.4,1,0.0,161,97.1,129.5,800.0,49.4,8.3,23.0,58.0,6,23
2026-06-27 00:00:00,34.6,53,8.3,985.3,1,0.0,162,90.3,122.0,793.0,47.0,7.5,20.0,58.0,6,0
2026-06-27 01:00:00,34.2,55,8.5,985.1,0,0.0,162,87.8,121.1,744.0,44.4,6.7,19.0,60.0,6,1
2026-06-27 02:00:00,33.8,56,7.9,985.0,0,0.0,163,88.5,123.9,702.0,42.1,6.1,18.0,63.0,6,2
2026-06-27 03:00:00,33.2,57,8.3,985.1,0,0.0,164,87.8,124.3,687.0,41.1,5.7,15.0,67.0,6,3
2026-06-27 04:00:00,32.7,57,9.1,985.0,0,0.0,164,86.6,126.2,679.0,40.6,5.4,12.0,71.0,6,4
2026-06-27 05:00:00,32.9,56,9.0,984.8,0,0.0,165,78.9,120.6,668.0,33.5,5.0,21.0,75.0,6,5
2026-06-27 06:00:00,32.7,56,9.4,985.2,0,0.0,165,76.1,119.2,660.0,29.0,4.9,37.0,83.0,6,6
2026-06-27 07:00:00,33.8,51,7.5,985.5,0,0.0,165,74.0,111.8,648.0,22.6,4.7,59.0,95.0,6,7
2026-06-27 08:00:00,35.5,47,7.3,986.1,0,0.0,165,70.8,125.3,609.0,16.5,5.0,82.0,100.0,6,8
2026-06-27 09:00:00,37.3,41,8.9,986.4,0,0.0,165,61.0,122.0,516.0,11.1,6.1,105.0,95.0,6,9
2026-06-27 10:00:00,39.0,36,9.9,986.4,0,0.0,164,48.0,97.8,395.0,6.0,7.6,128.0,84.0,6,10
2026-06-27 11:00:00,40.5,30,10.8,986.2,0,0.0,163,38.8,79.9,298.0,2.4,8.5,144.0,74.0,6,11
2026-06-27 12:00:00,41.5,28,10.7,985.7,0,0.0,162,34.3,72.9,248.0,1.1,8.5,148.0,69.0,6,12
2026-06-27 13:00:00,42.2,26,11.8,984.9,2,0.0,161,31.9,68.5,223.0,1.3,7.9,144.0,65.0,6,13
2026-06-27 14:00:00,42.3,25,13.3,984.2,1,0.0,160,30.0,64.5,209.0,1.7,7.3,139.0,62.0,6,14
2026-06-27 15:00:00,42.2,26,13.5,983.5,1,0.0,159,28.3,61.5,201.0,1.5,6.8,136.0,61.0,6,15
2026-06-27 16:00:00,42.0,26,12.7,982.5,1,0.0,158,27.0,59.5,204.0,1.5,6.2,131.0,62.0,6,16
2026-06-27 17:00:00,42.2,26,12.2,981.8,0,0.0,157,22.5,46.1,227.0,3.6,7.1,129.0,42.0,6,17
2026-06-27 18:00:00,40.8,30,13.2,981.5,0,0.0,157,30.3,46.7,282.0,11.0,6.9,110.0,36.0,6,18
2026-06-27 19:00:00,39.3,35,12.2,981.6,0,0.0,156,39.3,54.4,357.0,21.1,6.7,84.0,28.0,6,19
2026-06-27 20:00:00,37.9,40,10.8,981.4,0,0.0,155,44.2,58.2,416.0,28.2,6.5,63.0,23.0,6,20
2026-06-27 21:00:00,37.1,41,10.1,982.0,0,0.0,154,46.2,60.3,452.0,29.4,6.5,52.0,22.0,6,21
2026-06-27 22:00:00,36.2,42,10.6,982.5,0,0.0,153,46.2,60.5,472.0,27.6,6.6,47.0,24.0,6,22
2026-06-27 23:00:00,36.3,43,11.1,982.6,0,0.0,151,42.8,58.2,466.0,25.1,6.8,44.0,26.0,6,23
2026-06-28 00:00:00,35.4,44,10.8,982.4,0,0.0,148,37.6,54.7,418.0,22.4,7.1,44.0,29.0,6,0
2026-06-28 01:00:00,34.8,45,11.5,982.1,0,0.0,142,33.6,52.5,345.0,19.2,7.4,48.0,32.0,6,1
2026-06-28 02:00:00,34.2,45,12.8,981.6,0,0.0,137,31.3,50.6,283.0,16.5,7.8,50.0,34.0,6,2
2026-06-28 03:00:00,33.8,45,13.5,981.7,0,0.0,131,29.6,48.5,246.0,15.2,8.4,49.0,31.0,6,3
2026-06-28 04:00:00,33.9,43,14.8,981.7,0,0.0,125,28.1,45.6,220.0,14.6,9.1,47.0,27.0,6,4
2026-06-28 05:00:00,33.7,45,15.2,981.1,0,0.0,119,22.7,39.0,207.0,10.3,10.4,59.0,29.0,6,5
2026-06-28 06:00:00,33.6,44,15.3,981.3,0,0.0,113,21.8,36.4,214.0,9.3,9.6,65.0,33.0,6,6
2026-06-28 07:00:00,34.3,43,13.8,981.8,0,0.0,107,23.4,41.3,233.0,8.0,8.6,74.0,38.0,6,7
2026-06-28 08:00:00,35.5,41,15.5,982.4,0,0.0,102,27.2,53.1,243.0,6.5,7.8,84.0,46.0,6,8
2026-06-28 09:00:00,36.8,40,16.0,982.6,0,0.0,98,31.8,71.7,231.0,4.9,7.8,96.0,60.0,6,9
2026-06-28 10:00:00,38.3,39,16.5,982.8,0,0.0,96,34.1,81.3,210.0,3.2,8.0,109.0,76.0,6,10
2026-06-28 11:00:00,39.8,35,17.3,982.9,0,0.0,95,32.5,78.5,192.0,1.9,7.9,118.0,85.0,6,11
2026-06-28 12:00:00,40.8,32,18.2,982.4,0,0.0,94,30.2,68.0,182.0,1.4,7.0,120.0,79.0,6,12
2026-06-28 13:00:00,41.5,30,18.7,981.9,0,0.0,94,27.9,60.1,175.0,1.4,5.8,117.0,65.0,6,13
2026-06-28 14:00:00,41.9,29,18.0,981.0,0,0.0,93,26.7,55.9,174.0,1.5,4.8,114.0,53.0,6,14
2026-06-28 15:00:00,41.9,28,17.5,980.4,0,0.0,93,25.7,53.4,175.0,1.3,4.3,114.0,49.0,6,15
2026-06-28 16:00:00,41.7,28,16.1,979.8,1,0.0,93,24.8,51.1,182.0,1.3,4.2,113.0,47.0,6,16
2026-06-28 17:00:00,41.1,30,15.3,979.3,1,0.0,93,24.2,48.5,202.0,2.7,4.2,108.0,44.0,6,17
2026-06-28 18:00:00,40.1,32,13.3,978.9,0,0.0,93,26.1,44.1,247.0,6.9,4.6,95.0,37.0,6,18
2026-06-28 19:00:00,38.6,37,10.1,978.8,0,0.0,93,30.9,45.3,306.0,12.5,5.2,79.0,28.0,6,19
2026-06-28 20:00:00,37.6,40,6.5,979.6,1,0.0,92,34.8,47.0,351.0,16.6,5.6,65.0,20.0,6,20
2026-06-28 21:00:00,36.8,42,9.2,980.1,1,0.0,91,36.3,47.0,374.0,18.1,5.8,58.0,14.0,6,21
2026-06-28 22:00:00,36.5,42,11.7,980.0,0,0.0,90,36.1,44.8,383.0,18.1,5.7,53.0,9.0,6,22
2026-06-28 23:00:00,36.8,38,13.0,980.3,0,0.0,90,33.1,40.2,375.0,17.2,5.6,51.0,10.0,6,23
2026-06-29 00:00:00,36.3,36,13.4,980.2,0,0.0,89,29.6,38.8,339.0,15.2,5.2,50.0,22.0,6,0
2026-06-29 01:00:00,36.0,36,15.1,979.9,0,0.0,88,29.9,49.9,285.0,12.4,4.6,51.0,40.0,6,1
2026-06-29 02:00:00,35.5,37,16.2,979.7,0,0.0,88,31.2,59.5,241.0,10.0,4.3,53.0,52.0,6,2
2026-06-29 03:00:00,34.6,41,15.9,979.7,0,0.0,88,28.8,48.2,213.0,8.7,4.6,56.0,51.0,6,3
2026-06-29 04:00:00,34.3,43,17.1,979.7,0,0.0,88,26.3,42.0,195.0,8.0,5.2,60.0,45.0,6,4
2026-06-29 05:00:00,34.0,47,16.4,979.1,0,0.0,88,25.4,48.4,191.0,7.8,7.1,63.0,41.0,6,5
2026-06-29 06:00:00,33.3,51,16.4,979.6,0,0.0,88,33.4,70.5,212.0,7.2,7.2,66.0,51.0,6,6
2026-06-29 07:00:00,33.4,52,16.4,979.9,0,0.0,89,41.6,85.7,247.0,6.4,7.4,70.0,65.0,6,7
2026-06-29 08:00:00,34.2,50,17.5,980.3,0,0.0,90,46.0,88.5,270.0,5.5,7.5,76.0,75.0,6,8
2026-06-29 09:00:00,35.2,48,17.1,980.5,0,0.0,92,46.0,82.9,267.0,4.3,7.5,87.0,77.0,6,9
2026-06-29 10:00:00,36.7,45,16.7,980.7,0,0.0,93,44.0,81.5,252.0,3.0,7.5,101.0,74.0,6,10
2026-06-29 11:00:00,38.0,42,16.5,981.0,0,0.0,94,41.9,84.3,239.0,2.1,7.3,111.0,74.0,6,11
2026-06-29 12:00:00,38.9,40,15.5,980.9,0,0.0,94,40.6,87.5,231.0,1.7,6.9,115.0,80.0,6,12
2026-06-29 13:00:00,39.7,39,14.9,980.6,0,0.0,95,40.0,90.1,225.0,1.7,6.3,116.0,88.0,6,13
2026-06-29 14:00:00,40.1,38,14.7,979.9,0,0.0,96,38.9,87.8,222.0,1.9,5.8,115.0,90.0,6,14
2026-06-29 15:00:00,40.2,38,14.1,979.3,0,0.0,97,36.7,80.8,218.0,1.7,5.4,115.0,83.0,6,15
2026-06-29 16:00:00,40.1,38,13.1,978.6,0,0.0,98,34.1,72.4,218.0,1.7,5.1,114.0,71.0,6,16
2026-06-29 17:00:00,40.2,37,12.9,978.5,0,0.0,99,35.3,80.8,234.0,3.4,6.3,110.0,85.0,6,17
2026-06-29 18:00:00,39.3,39,11.4,978.4,0,0.0,100,36.2,67.5,282.0,9.1,6.6,95.0,70.0,6,18
2026-06-29 19:00:00,38.3,41,11.2,978.3,2,0.0,101,41.2,65.2,346.0,17.0,7.0,74.0,49.0,6,19
2026-06-29 20:00:00,37.4,43,10.2,978.6,2,0.0,102,45.1,64.7,396.0,22.6,7.3,57.0,33.0,6,20
2026-06-29 21:00:00,36.5,46,9.8,979.2,0,0.0,103,44.9,62.2,423.0,24.0,7.5,50.0,25.0,6,21
2026-06-29 22:00:00,35.8,48,10.6,979.5,0,0.0,104,44.1,59.3,436.0,23.2,7.5,47.0,22.0,6,22
2026-06-29 23:00:00,36.4,45,12.9,979.1,0,0.0,104,41.6,54.6,429.0,21.7,7.5,46.0,20.0,6,23
2026-06-30 00:00:00,35.8,44,13.8,978.9,0,0.0,105,37.5,48.2,391.0,19.8,7.3,45.0,17.0,6,0
2026-06-30 01:00:00,35.5,45,15.0,978.7,0,0.0,106,34.5,44.5,333.0,17.2,7.0,45.0,15.0,6,1
2026-06-30 02:00:00,34.9,47,15.1,978.5,0,0.0,107,33.1,46.1,282.0,14.6,6.7,46.0,20.0,6,2
2026-06-30 03:00:00,33.9,51,15.4,978.5,0,0.0,107,36.1,59.3,243.0,12.1,6.5,49.0,40.0,6,3
2026-06-30 04:00:00,33.6,50,17.8,978.6,0,0.0,108,43.4,82.4,211.0,9.6,6.3,54.0,67.0,6,4
2026-06-30 05:00:00,33.4,51,16.9,978.5,0,0.0,109,49.5,99.7,196.0,7.3,6.6,59.0,92.0,6,5
2026-06-30 06:00:00,32.8,52,15.7,979.5,0,0.0,112,48.7,93.8,212.0,6.7,6.6,61.0,82.0,6,6
2026-06-30 07:00:00,32.9,52,17.0,980.2,0,0.0,113,45.6,86.4,246.0,5.7,6.6,63.0,70.0,6,7
2026-06-30 08:00:00,33.3,51,18.7,980.6,0,0.0,114,42.4,79.6,268.0,4.8,6.7,69.0,65.0,6,8
2026-06-30 09:00:00,34.0,50,19.3,980.9,0,0.0,113,42.1,82.7,262.0,3.9,7.2,80.0,75.0,6,9
2026-06-30 10:00:00,35.1,48,18.3,981.2,0,0.0,113,44.5,94.8,244.0,2.9,7.9,94.0,92.0,6,10
2026-06-30 11:00:00,36.6,45,16.5,981.5,0,0.0,113,46.6,105.0,228.0,2.2,8.2,105.0,106.0,6,11
2026-06-30 12:00:00,37.7,43,15.7,981.5,0,0.0,114,47.4,110.4,218.0,1.8,7.8,110.0,113.0,6,12
2026-06-30 13:00:00,38.6,41,15.1,980.8,0,0.0,114,47.0,111.3,211.0,1.6,6.9,112.0,116.0,6,13
2026-06-30 14:00:00,39.3,40,13.9,980.2,0,0.0,115,45.9,108.5,208.0,1.6,6.2,112.0,116.0,6,14
2026-06-30 15:00:00,39.5,40,13.7,979.6,0,0.0,116,44.1,102.4,205.0,1.3,5.7,112.0,112.0,6,15
2026-06-30 16:00:00,39.3,40,12.8,978.8,0,0.0,117,42.5,96.9,207.0,1.1,5.3,110.0,105.0,6,16
2026-06-30 17:00:00,39.6,39,12.3,978.7,0,0.0,117,36.6,85.4,226.0,2.9,3.9,98.0,91.0,6,17
2026-06-30 18:00:00,38.8,41,10.9,978.8,0,0.0,118,37.6,75.0,272.0,9.0,4.3,84.0,78.0,6,18
2026-06-30 19:00:00,38.1,42,9.7,978.8,1,0.0,118,45.3,75.0,336.0,17.4,4.9,64.0,61.0,6,19
2026-06-30 20:00:00,37.1,46,8.3,979.0,1,0.0,118,55.1,83.1,404.0,24.6,5.4,47.0,49.0,6,20
2026-06-30 21:00:00,36.3,50,8.3,979.6,0,0.0,119,64.3,92.9,486.0,29.7,5.9,36.0,49.0,6,21
2026-06-30 22:00:00,35.7,51,9.0,980.1,0,0.0,121,71.9,103.1,572.0,33.4,6.4,28.0,55.0,6,22
2026-06-30 23:00:00,36.2,48,10.7,980.0,0,0.0,124,71.7,103.4,620.0,34.4,6.6,24.0,57.0,6,23
2026-07-01 00:00:00,35.6,48,11.4,979.8,0,0.0,127,61.5,89.9,608.0,30.9,6.3,25.0,50.0,7,0
2026-07-01 01:00:00,34.9,49,11.6,979.7,0,0.0,130,51.8,74.7,558.0,24.7,5.7,29.0,40.0,7,1
2026-07-01 02:00:00,34.6,48,14.1,979.4,0,0.0,132,44.6,65.9,492.0,18.9,5.3,35.0,36.0,7,2
2026-07-01 03:00:00,34.2,47,15.4,979.3,0,0.0,133,38.5,58.9,401.0,14.5,5.2,43.0,42.0,7,3
2026-07-01 04:00:00,33.6,49,15.7,979.6,0,0.0,133,37.0,60.8,296.0,10.7,5.1,52.0,53.0,7,4
2026-07-01 05:00:00,33.5,53,15.5,979.0,0,0.0,132,38.9,71.0,226.0,7.8,5.1,60.0,56.0,7,5
2026-07-01 06:00:00,32.8,55,16.1,979.8,0,0.0,131,41.9,82.7,226.0,7.1,5.5,63.0,64.0,7,6
2026-07-01 07:00:00,33.0,55,17.3,980.6,0,0.0,131,42.7,88.9,262.0,6.1,6.0,67.0,75.0,7,7
2026-07-01 08:00:00,33.6,54,16.7,981.1,0,0.0,130,40.9,89.6,286.0,5.1,6.3,74.0,89.0,7,8
2026-07-01 09:00:00,34.8,50,14.5,981.5,0,0.0,130,40.4,96.4,279.0,4.0,6.4,85.0,110.0,7,9
2026-07-01 10:00:00,36.2,47,14.7,981.7,0,0.0,130,42.0,112.5,260.0,2.8,6.3,97.0,134.0,7,10
2026-07-01 11:00:00,37.5,43,15.3,982.0,0,0.0,130,43.1,119.0,243.0,1.9,5.9,106.0,143.0,7,11
2026-07-01 12:00:00,38.4,41,14.8,981.7,0,0.0,129,41.0,105.5,232.0,1.5,5.0,108.0,124.0,7,12
2026-07-01 13:00:00,39.1,39,14.4,980.9,0,0.0,129,36.8,84.3,224.0,1.5,3.9,107.0,90.0,7,13
2026-07-01 14:00:00,39.6,37,13.0,980.1,0,0.0,128,34.6,71.0,221.0,1.6,3.0,105.0,65.0,7,14
2026-07-01 15:00:00,39.8,36,11.4,979.9,0,0.0,126,33.2,66.8,221.0,1.0,2.7,105.0,59.0,7,15
2026-07-01 16:00:00,39.6,36,11.7,979.2,2,0.0,125,32.8,65.0,225.0,0.5,2.7,104.0,60.0,7,16
2026-07-01 17:00:00,39.6,33,11.0,978.5,0,0.0,124,31.5,65.4,243.0,2.8,2.4,96.0,61.0,7,17
2026-07-01 18:00:00,38.6,34,10.8,978.9,2,0.0,124,35.6,65.4,275.0,13.1,3.3,78.0,55.0,7,18
2026-07-01 19:00:00,37.6,36,9.8,979.2,1,0.0,123,50.2,75.4,320.0,27.1,4.5,54.0,47.0,7,19
2026-07-01 20:00:00,36.8,38,8.4,979.7,0,0.0,124,66.1,90.3,384.0,36.3,5.3,36.0,42.0,7,20
2026-07-01 21:00:00,36.1,41,8.6,980.3,0,0.0,125,65.2,89.6,486.0,35.6,5.5,33.0,43.0,7,21
2026-07-01 22:00:00,35.8,41,3.0,981.4,1,0.0,125,65.4,92.2,607.0,30.1,5.3,37.0,47.0,7,22
2026-07-01 23:00:00,35.6,42,6.8,981.3,6,0.0,125,67.1,97.1,693.0,27.1,5.1,38.0,54.0,7,23
2026-07-02 00:00:00,34.5,46,7.8,981.1,1,0.0,124,68.7,105.7,711.0,30.2,5.1,30.0,64.0,7,0
2026-07-02 01:00:00,33.9,49,8.1,980.9,5,0.0,125,74.0,120.1,694.0,35.7,5.0,20.0,77.0,7,1
2026-07-02 02:00:00,33.4,51,7.9,981.1,2,0.0,127,78.9,130.9,688.0,40.0,5.0,11.0,96.0,7,2
2026-07-02 03:00:00,32.9,53,7.7,981.2,0,0.0,131,80.8,139.7,726.0,42.4,5.0,4.0,127.0,7,3
2026-07-02 04:00:00,32.6,54,7.0,982.0,2,0.0,135,85.7,165.8,774.0,43.6,5.0,0.0,163.0,7,4
2026-07-02 05:00:00,33.8,47,8.0,982.1,100,0.0,140,87.1,166.2,776.0,30.3,5.2,20.0,150.0,7,5
2026-07-02 06:00:00,32.6,53,9.8,982.6,61,0.0,145,105.2,223.5,691.0,25.8,5.7,34.0,210.0,7,6
2026-07-02 07:00:00,32.2,59,7.2,983.2,40,0.0,151,122.5,271.0,561.0,19.4,6.5,53.0,291.0,7,7
2026-07-02 08:00:00,33.0,58,5.6,983.4,27,0.0,153,129.5,299.9,453.0,13.7,7.4,77.0,330.0,7,8
2026-07-02 09:00:00,34.9,52,7.1,983.7,23,0.0,156,118.3,277.5,396.0,9.5,8.6,109.0,286.0,7,9
2026-07-02 10:00:00,37.0,43,6.8,983.6,8,0.0,158,96.2,211.9,361.0,6.1,9.8,144.0,201.0,7,10
2026-07-02 11:00:00,37.9,39,3.8,983.9,1,0.0,159,75.9,151.3,331.0,3.6,10.4,167.0,140.0,7,11
2026-07-02 12:00:00,39.3,36,3.1,983.8,9,0.0,160,59.0,120.6,298.0,2.3,9.8,168.0,132.0,7,12
2026-07-02 13:00:00,40.0,35,5.5,983.0,27,0.0,161,55.4,129.0,270.0,2.0,8.4,157.0,147.0,7,13
2026-07-02 14:00:00,40.2,36,7.7,982.4,17,0.0,162,55.3,142.5,249.0,2.0,7.1,145.0,167.0,7,14
2026-07-02 15:00:00,39.9,36,9.5,981.7,16,0.0,162,54.8,154.1,231.0,1.1,5.9,137.0,190.0,7,15
2026-07-02 16:00:00,39.4,38,10.3,981.1,10,0.0,163,55.3,165.3,221.0,0.5,4.8,129.0,217.0,7,16
2026-07-02 17:00:00,39.8,36,5.4,981.0,11,0.0,163,54.9,154.1,232.0,3.4,8.7,153.0,190.0,7,17
2026-07-02 18:00:00,39.2,38,4.6,981.0,2,0.0,164,56.1,153.2,269.0,15.3,9.3,129.0,185.0,7,18
2026-07-02 19:00:00,38.5,40,4.5,981.3,1,0.0,165,71.2,154.1,327.0,31.4,10.0,95.0,176.0,7,19
2026-07-02 20:00:00,37.6,43,6.5,981.6,1,0.0,165,92.2,178.3,405.0,41.9,10.3,70.0,165.0,7,20
2026-07-02 21:00:00,37.0,46,7.5,982.4,1,0.0,166,101.7,177.4,527.0,41.2,9.7,61.0,147.0,7,21
2026-07-02 22:00:00,36.6,46,4.0,983.1,0,0.0,167,96.9,162.5,669.0,34.8,8.5,61.0,125.0,7,22
2026-07-02 23:00:00,36.7,48,7.3,983.1,0,0.0,168,91.3,151.8,756.0,29.0,7.4,61.0,112.0,7,23
2026-07-03 00:00:00,35.9,50,5.3,982.8,0,0.0,169,84.8,143.4,750.0,26.0,6.5,59.0,113.0,7,0
2026-07-03 01:00:00,35.3,51,3.2,982.6,0,0.0,169,82.9,144.8,688.0,23.7,5.6,58.0,123.0,7,1
2026-07-03 02:00:00,34.4,54,4.8,982.7,0,0.0,170,84.5,153.7,608.0,22.2,4.9,55.0,130.0,7,2
2026-07-03 03:00:00,33.8,58,5.3,982.8,0,0.0,170,87.1,161.6,498.0,22.2,4.5,48.0,127.0,7,3
2026-07-03 04:00:00,33.2,61,4.8,982.7,1,0.0,170,86.4,154.6,370.0,23.1,4.3,41.0,121.0,7,4
2026-07-03 05:00:00,31.5,65,14.6,983.6,13,0.0,170,110.4,180.2,299.0,38.6,7.0,21.0,129.0,7,5
2026-07-03 06:00:00,30.3,67,11.4,984.2,6,0.0,171,94.8,164.8,342.0,30.2,6.0,34.0,142.0,7,6
2026-07-03 07:00:00,31.5,63,10.6,984.2,13,0.0,170,85.4,156.5,441.0,18.6,4.6,53.0,162.0,7,7
2026-07-03 08:00:00,33.5,56,6.8,984.3,13,0.0,169,76.1,173.2,499.0,9.4,3.4,72.0,186.0,7,8
2026-07-03 09:00:00,35.9,48,4.5,985.0,0,0.0,168,71.9,183.9,467.0,5.0,2.7,90.0,221.0,7,9
2026-07-03 10:00:00,37.7,43,4.1,985.1,0,0.0,166,73.6,205.4,393.0,3.0,2.3,109.0,259.0,7,10
2026-07-03 11:00:00,39.1,38,1.9,985.5,21,0.0,166,75.0,218.4,330.0,1.9,2.2,122.0,279.0,7,11
2026-07-03 12:00:00,39.8,36,2.2,985.1,41,0.0,166,69.6,198.4,292.0,1.3,2.7,127.0,264.0,7,12
2026-07-03 13:00:00,40.4,35,3.6,984.6,17,0.0,166,66.1,185.8,264.0,1.6,3.5,127.0,229.0,7,13
2026-07-03 14:00:00,40.7,34,5.8,983.6,8,0.1,166,63.8,167.6,251.0,2.1,4.1,127.0,200.0,7,14
2026-07-03 15:00:00,41.1,33,4.3,983.0,24,0.1,167,60.8,146.2,258.0,1.8,4.1,133.0,187.0,7,15
2026-07-03 16:00:00,40.8,33,2.2,982.0,3,0.0,167,61.5,145.8,280.0,1.6,3.9,138.0,178.0,7,16
2026-07-03 17:00:00,37.5,46,7.0,981.6,18,0.0,167,66.6,182.5,303.0,2.9,4.9,127.0,225.0,7,17
2026-07-03 18:00:00,36.7,53,6.1,981.5,11,0.0,167,68.7,160.2,322.0,11.0,5.3,107.0,191.0,7,18
2026-07-03 19:00:00,35.6,61,2.9,981.4,5,0.0,168,78.7,149.9,342.0,21.9,5.7,80.0,145.0,7,19
2026-07-03 20:00:00,34.4,69,1.4,981.6,2,0.0,168,84.8,143.0,368.0,28.9,6.1,61.0,110.0,7,20
2026-07-03 21:00:00,33.5,79,3.5,982.4,0,0.0,168,82.9,139.7,403.0,27.8,6.2,59.0,98.0,7,21
2026-07-03 22:00:00,33.1,79,5.5,983.0,0,0.0,167,82.0,137.4,445.0,22.8,6.2,64.0,98.0,7,22
2026-07-03 23:00:00,32.8,70,7.7,982.7,0,0.0,167,79.6,133.2,491.0,19.1,6.2,68.0,100.0,7,23
2026-07-04 00:00:00,32.0,71,6.2,982.7,0,0.0,166,75.9,128.5,546.0,18.7,6.1,67.0,101.0,7,0
2026-07-04 01:00:00,31.6,73,6.7,982.3,0,0.0,166,75.2,128.5,605.0,19.8,6.0,63.0,103.0,7,1
2026-07-04 02:00:00,31.4,72,6.9,982.1,0,0.0,166,78.0,133.6,647.0,21.9,5.9,58.0,103.0,7,2
2026-07-04 03:00:00,31.2,71,7.2,982.0,0,0.0,166,81.5,137.4,653.0,26.7,5.9,47.0,101.0,7,3
2026-07-04 04:00:00,31.0,72,6.9,981.9,0,0.0,165,84.8,139.7,642.0,32.6,6.0,33.0,97.0,7,4
2026-07-04 05:00:00,31.1,73,5.7,982.0,0,0.0,165,93.1,151.3,658.0,38.1,6.3,25.0,106.0,7,5
2026-07-04 06:00:00,30.9,73,6.8,982.5,0,0.0,165,91.5,141.1,750.0,31.9,6.9,46.0,95.0,7,6
2026-07-04 07:00:00,32.2,67,7.1,982.8,0,0.0,165,85.9,124.3,869.0,23.2,7.6,77.0,81.0,7,7
2026-07-04 08:00:00,33.6,66,6.8,983.2,0,0.0,165,75.9,117.3,905.0,15.5,7.9,105.0,73.0,7,8
2026-07-04 09:00:00,35.3,58,7.3,983.2,0,0.0,165,59.4,100.1,780.0,9.9,7.2,130.0,77.0,7,9
2026-07-04 10:00:00,36.6,51,5.6,983.1,0,0.0,164,55.1,101.5,572.0,5.3,6.1,154.0,88.0,7,10
2026-07-04 11:00:00,37.7,45,2.3,983.2,6,0.0,164,54.5,105.2,411.0,2.2,5.3,169.0,96.0,7,11
2026-07-04 12:00:00,38.3,42,5.4,982.7,9,0.0,163,53.3,105.9,349.0,1.0,5.2,171.0,98.0,7,12
2026-07-04 13:00:00,38.8,40,5.6,981.7,10,0.0,163,52.3,104.5,334.0,1.2,5.4,165.0,96.0,7,13
2026-07-04 14:00:00,39.4,38,5.8,980.9,5,0.0,162,50.8,99.7,338.0,1.6,5.5,160.0,93.0,7,14
2026-07-04 15:00:00,39.6,37,8.0,980.2,3,0.0,162,48.7,93.1,354.0,1.2,5.4,160.0,89.0,7,15
2026-07-04 16:00:00,39.1,40,9.1,979.6,2,0.0,162,47.5,88.0,390.0,1.1,5.3,161.0,82.0,7,16
2026-07-04 17:00:00,39.5,38,7.6,979.2,32,0.0,161,57.7,106.6,442.0,3.4,5.6,160.0,97.0,7,17
2026-07-04 18:00:00,37.8,49,9.5,978.8,55,0.0,161,61.7,98.0,520.0,10.8,5.7,138.0,84.0,7,18
2026-07-04 19:00:00,35.7,58,9.8,978.9,16,0.0,161,71.9,101.0,616.0,20.9,5.8,107.0,65.0,7,19
2026-07-04 20:00:00,34.8,60,7.2,979.2,7,0.0,160,79.9,106.6,698.0,28.4,6.0,83.0,52.0,7,20
2026-07-04 21:00:00,34.4,60,7.4,979.7,1,0.0,160,81.7,107.8,765.0,30.7,6.2,72.0,48.0,7,21
2026-07-04 22:00:00,33.6,65,6.6,980.2,0,0.0,160,85.4,111.3,820.0,30.4,6.4,69.0,49.0,7,22
2026-07-04 23:00:00,34.1,65,8.1,980.1,4,0.0,160,88.9,115.7,836.0,29.9,6.5,66.0,52.0,7,23
2026-07-05 00:00:00,33.4,67,7.6,980.2,48,0.0,161,88.7,117.6,781.0,30.2,6.4,63.0,56.0,7,0
2026-07-05 01:00:00,32.6,70,7.6,980.2,100,0.0,161,87.1,118.0,689.0,30.3,6.2,62.0,62.0,7,1
2026-07-05 02:00:00,32.3,71,7.3,980.2,97,0.0,161,86.6,122.0,632.0,29.9,6.0,61.0,69.0,7,2
2026-07-05 03:00:00,32.0,71,7.8,980.2,66,0.0,162,89.6,130.9,650.0,29.2,5.9,60.0,73.0,7,3
2026-07-05 04:00:00,31.8,70,6.9,980.0,8,0.0,162,89.6,137.4,704.0,28.1,5.8,59.0,78.0,7,4
2026-07-05 05:00:00,31.7,71,7.0,979.6,0,0.0,162,90.6,144.8,749.0,34.7,6.3,53.0,106.0,7,5
2026-07-05 06:00:00,31.4,70,7.2,980.4,0,0.0,162,81.3,132.7,782.0,29.0,6.6,71.0,101.0,7,6
2026-07-05 07:00:00,32.5,67,5.5,980.6,41,0.0,162,77.3,118.7,806.0,20.9,7.0,97.0,95.0,7,7
2026-07-05 08:00:00,34.3,60,5.8,981.4,12,0.0,161,69.8,118.0,780.0,13.8,7.2,119.0,95.0,7,8
2026-07-05 09:00:00,36.4,53,5.1,981.5,4,0.0,161,58.1,106.9,660.0,8.7,6.9,136.0,105.0,7,9
2026-07-05 10:00:00,38.5,44,6.8,981.4,3,0.0,161,52.0,109.7,490.0,4.6,6.3,149.0,121.0,7,10
2026-07-05 11:00:00,39.5,39,8.8,981.9,19,0.0,161,50.4,117.1,361.0,1.8,5.8,157.0,133.0,7,11
2026-07-05 12:00:00,40.1,37,8.1,981.5,38,0.0,161,50.5,121.1,316.0,0.7,5.4,155.0,136.0,7,12
2026-07-05 13:00:00,40.5,34,6.2,980.8,29,0.0,161,49.2,119.0,312.0,0.9,5.1,147.0,135.0,7,13
2026-07-05 14:00:00,41.1,32,5.9,980.1,5,0.0,161,48.2,116.9,315.0,1.3,4.8,140.0,133.0,7,14
2026-07-05 15:00:00,41.3,32,6.4,979.6,16,0.0,161,47.5,115.0,305.0,1.0,4.5,137.0,134.0,7,15
2026-07-05 16:00:00,41.0,33,6.6,979.1,41,0.0,161,47.0,114.6,303.0,0.8,4.2,134.0,135.0,7,16
2026-07-05 17:00:00,41.8,28,6.6,978.4,9,0.0,161,51.2,125.3,331.0,2.6,4.3,122.0,143.0,7,17
2026-07-05 18:00:00,40.7,31,7.3,978.2,10,0.0,160,53.8,104.3,420.0,8.6,4.8,106.0,127.0,7,18
2026-07-05 19:00:00,39.1,36,8.9,978.6,8,0.0,160,63.1,108.7,541.0,16.8,5.5,83.0,104.0,7,19
2026-07-05 20:00:00,37.6,42,10.2,978.7,5,0.0,160,68.0,114.8,627.0,21.9,6.0,69.0,90.0,7,20
2026-07-05 21:00:00,36.4,49,12.1,979.5,20,0.0,160,65.4,117.6,648.0,20.8,6.3,70.0,93.0,7,21
2026-07-05 22:00:00,35.3,54,11.9,980.0,3,0.0,159,63.6,119.0,635.0,16.7,6.4,80.0,104.0,7,22
2026-07-05 23:00:00,35.6,53,12.7,979.7,6,0.0,158,61.5,118.5,612.0,13.5,6.5,87.0,110.0,7,23
2026-07-06 00:00:00,34.7,55,11.6,979.7,2,0.0,158,57.4,111.3,581.0,12.7,6.6,89.0,102.0,7,0
2026-07-06 01:00:00,34.1,56,12.2,979.4,5,0.0,157,55.4,101.7,540.0,12.7,6.8,89.0,88.0,7,1
2026-07-06 02:00:00,33.6,56,10.8,979.3,64,0.0,156,55.1,94.8,504.0,13.3,7.1,87.0,78.0,7,2
2026-07-06 03:00:00,33.1,58,10.3,979.4,87,0.0,155,56.2,94.1,472.0,14.8,7.7,79.0,76.0,7,3
2026-07-06 04:00:00,32.7,58,11.2,979.2,99,0.0,154,58.2,97.1,444.0,16.8,8.4,69.0,80.0,7,4
2026-07-06 05:00:00,33.3,58,12.5,978.7,100,0.0,153,56.1,95.5,439.0,17.4,7.9,65.0,77.0,7,5
2026-07-06 06:00:00,33.2,59,11.7,979.4,99,0.0,152,56.5,95.0,482.0,16.4,8.6,71.0,82.0,7,6
2026-07-06 07:00:00,34.0,57,9.7,980.0,99,0.0,151,59.6,94.1,547.0,14.9,9.6,80.0,89.0,7,7
2026-07-06 08:00:00,35.2,53,8.5,980.5,73,0.0,151,58.8,106.4,576.0,12.8,9.8,92.0,93.0,7,8
2026-07-06 09:00:00,37.0,48,9.0,980.8,37,0.0,150,55.3,102.7,534.0,9.7,8.6,110.0,91.0,7,9
2026-07-06 10:00:00,39.1,42,8.0,981.0,56,0.0,150,50.6,95.5,455.0,6.0,6.7,131.0,85.0,7,10
2026-07-06 11:00:00,40.5,36,5.3,981.1,84,0.0,150,48.5,93.8,386.0,3.2,5.0,144.0,85.0,7,11
2026-07-06 12:00:00,42.0,30,4.4,980.4,63,0.0,150,45.1,94.1,341.0,2.0,4.0,144.0,93.0,7,12
2026-07-06 13:00:00,42.9,27,6.1,979.9,48,0.0,150,43.5,98.3,306.0,1.6,3.3,136.0,106.0,7,13
2026-07-06 14:00:00,43.0,28,8.6,979.2,22,0.0,149,43.3,104.5,285.0,1.6,2.8,129.0,120.0,7,14
2026-07-06 15:00:00,42.7,29,10.9,978.9,60,0.0,149,43.3,111.3,271.0,1.6,2.6,127.0,135.0,7,15
2026-07-06 16:00:00,42.0,30,12.9,978.6,6,0.0,148,43.8,118.7,270.0,1.9,2.7,125.0,150.0,7,16
2026-07-06 17:00:00,41.7,31,11.3,977.6,80,0.0,148,47.7,136.9,305.0,4.1,3.1,114.0,177.0,7,17
2026-07-06 18:00:00,41.5,32,8.9,977.9,10,0.0,148,54.1,127.1,409.0,7.4,3.9,106.0,179.0,7,18
2026-07-06 19:00:00,40.3,37,8.8,978.4,5,0.0,148,60.8,138.8,549.0,11.9,5.0,94.0,181.0,7,19
2026-07-06 20:00:00,38.1,48,15.3,978.4,6,0.0,147,64.5,155.5,650.0,15.0,6.1,87.0,179.0,7,20
2026-07-06 21:00:00,37.1,50,9.8,979.4,7,0.0,147,66.4,161.1,679.0,15.4,7.3,88.0,169.0,7,21
2026-07-06 22:00:00,36.4,50,11.7,979.9,5,0.0,147,66.1,150.4,668.0,14.5,8.6,93.0,156.0,7,22
2026-07-06 23:00:00,35.6,47,14.3,981.1,20,0.0,147,64.7,138.3,639.0,13.4,9.1,94.0,142.0,7,23
2026-07-07 00:00:00,34.5,48,13.7,980.6,2,0.0,148,60.3,122.0,587.0,12.5,8.3,88.0,130.0,7,0
2026-07-07 01:00:00,33.7,49,13.0,980.2,0,0.0,148,55.2,110.1,518.0,11.4,6.8,79.0,118.0,7,1
2026-07-07 02:00:00,33.1,50,12.7,980.3,0,0.0,148,52.6,107.8,462.0,10.6,5.5,71.0,107.0,7,2
2026-07-07 03:00:00,32.6,52,11.2,980.2,0,0.0,148,50.5,104.1,433.0,10.5,4.6,65.0,91.0,7,3
2026-07-07 04:00:00,32.1,57,10.7,980.3,0,0.0,147,48.2,94.5,419.0,10.6,3.8,59.0,77.0,7,4
2026-07-07 05:00:00,31.4,64,11.2,981.6,0,0.0,146,54.6,108.3,415.0,14.3,5.4,51.0,102.0,7,5
2026-07-07 06:00:00,31.1,63,9.7,981.3,0,0.0,146,54.0,99.4,425.0,12.7,5.4,57.0,106.0,7,6
2026-07-07 07:00:00,31.9,59,6.2,981.5,1,0.0,146,53.8,102.9,444.0,10.4,5.3,66.0,112.0,7,7
2026-07-07 08:00:00,33.2,55,3.8,981.9,0,0.0,145,54.0,120.1,458.0,8.2,5.3,79.0,126.0,7,8
2026-07-07 09:00:00,34.7,50,4.4,982.4,0,0.0,145,60.3,152.7,459.0,6.1,5.4,99.0,154.0,7,9
2026-07-07 10:00:00,36.2,45,3.6,982.1,0,0.0,145,65.7,172.8,454.0,4.0,5.6,122.0,189.0,7,10
2026-07-07 11:00:00,37.4,40,2.9,981.9,12,0.0,147,67.5,179.3,448.0,2.5,5.5,138.0,216.0,7,11
2026-07-07 12:00:00,39.1,36,3.5,981.6,4,0.0,149,67.3,181.1,443.0,1.8,4.8,141.0,227.0,7,12
2026-07-07 13:00:00,40.2,34,4.2,980.6,0,0.0,150,67.1,183.0,436.0,1.6,3.9,137.0,231.0,7,13
2026-07-07 14:00:00,41.0,32,2.2,979.8,4,0.0,151,67.8,186.7,428.0,1.7,3.2,133.0,233.0,7,14
2026-07-07 15:00:00,41.3,30,1.9,979.1,2,0.0,152,67.8,187.7,411.0,1.3,3.1,133.0,240.0,7,15
2026-07-07 16:00:00,41.3,30,1.8,978.3,2,0.0,152,67.8,189.1,392.0,1.1,3.2,132.0,247.0,7,16
2026-07-07 17:00:00,39.3,39,9.7,978.4,1,0.0,153,43.5,96.4,390.0,3.3,4.5,143.0,100.0,7,17
2026-07-07 18:00:00,38.4,42,7.6,978.2,2,0.0,153,47.1,89.9,413.0,8.7,4.5,123.0,91.0,7,18
2026-07-07 19:00:00,37.2,46,7.3,978.5,4,0.0,153,54.8,92.7,453.0,16.2,4.5,96.0,78.0,7,19
2026-07-07 20:00:00,36.3,50,4.8,979.2,2,0.0,153,61.9,100.1,504.0,22.7,4.7,73.0,71.0,7,20
2026-07-07 21:00:00,36.1,50,3.8,980.1,1,0.0,153,68.0,109.4,583.0,27.3,5.2,59.0,73.0,7,21
2026-07-07 22:00:00,35.8,50,5.6,980.2,1,0.0,153,76.6,120.6,673.0,30.9,5.8,48.0,81.0,7,22
2026-07-07 23:00:00,35.5,49,8.0,979.4,0,0.0,153,81.5,127.6,723.0,32.6,6.1,42.0,87.0,7,23
2026-07-08 00:00:00,34.4,53,8.2,978.9,0,0.0,153,77.8,125.7,700.0,31.6,5.9,41.0,91.0,7,0
2026-07-08 01:00:00,33.6,56,7.6,978.9,0,0.0,154,72.9,122.9,636.0,28.7,5.3,43.0,95.0,7,1
2026-07-08 02:00:00,33.1,59,7.7,979.0,0,0.0,154,69.8,120.6,583.0,26.2,4.9,45.0,96.0,7,2
2026-07-08 03:00:00,32.7,60,9.3,979.0,0,0.0,155,66.6,116.2,555.0,25.0,4.7,44.0,94.0,7,3
2026-07-08 04:00:00,32.6,60,8.4,979.1,2,0.0,155,62.4,110.4,537.0,24.2,4.7,43.0,89.0,7,4
2026-07-08 05:00:00,32.2,60,7.7,979.0,2,0.0,156,60.8,113.2,531.0,20.7,4.8,49.0,99.0,7,5
2026-07-08 06:00:00,31.9,64,6.2,979.2,9,0.0,156,58.3,106.4,552.0,19.0,5.0,60.0,94.0,7,6
2026-07-08 07:00:00,32.9,61,4.6,979.5,2,0.0,156,58.7,95.0,584.0,16.6,5.2,75.0,87.0,7,7
2026-07-08 08:00:00,34.8,55,5.2,980.1,0,0.0,156,56.5,103.6,589.0,13.7,5.4,92.0,88.0,7,8
2026-07-08 09:00:00,36.5,49,6.2,980.1,0,0.0,156,53.9,109.4,537.0,9.9,5.3,111.0,103.0,7,9
2026-07-08 10:00:00,38.1,45,6.9,980.3,5,0.0,156,53.9,122.9,456.0,5.6,5.2,131.0,126.0,7,10
2026-07-08 11:00:00,38.9,40,4.8,980.6,4,0.0,156,55.5,128.5,392.0,2.5,5.3,146.0,140.0,7,11
2026-07-08 12:00:00,40.2,36,3.4,979.8,8,0.1,156,55.4,123.4,353.0,1.4,6.2,154.0,138.0,7,12
2026-07-08 13:00:00,40.9,35,3.6,979.5,7,0.0,155,54.5,119.2,331.0,1.6,7.4,156.0,129.0,7,13
2026-07-08 14:00:00,41.0,34,7.3,979.3,70,0.0,155,54.0,117.3,348.0,2.0,8.0,156.0,119.0,7,14
2026-07-08 15:00:00,38.6,39,6.1,978.9,9,0.2,154,53.2,114.3,415.0,1.4,7.4,154.0,114.0,7,15
2026-07-08 16:00:00,39.4,37,4.2,978.7,5,0.1,154,51.7,107.6,521.0,1.2,6.1,149.0,109.0,7,16
2026-07-08 17:00:00,39.5,33,9.0,977.7,3,0.0,153,55.4,115.5,661.0,4.6,8.6,158.0,112.0,7,17
2026-07-08 18:00:00,39.0,32,3.9,978.1,3,0.0,154,58.1,98.5,878.0,12.8,8.2,132.0,94.0,7,18
2026-07-08 19:00:00,37.8,37,7.2,978.7,2,0.0,154,67.5,101.0,1129.0,23.9,7.6,97.0,68.0,7,19
2026-07-08 20:00:00,35.9,50,9.7,979.1,5,0.0,155,75.2,103.1,1281.0,31.2,7.2,71.0,50.0,7,20
2026-07-08 21:00:00,35.0,55,9.2,979.6,4,0.0,155,72.2,100.4,1255.0,30.8,7.0,64.0,45.0,7,21
2026-07-08 22:00:00,34.4,56,7.5,979.7,2,0.0,155,72.2,101.0,1130.0,26.6,6.9,65.0,48.0,7,22
2026-07-08 23:00:00,34.2,56,9.5,979.8,2,0.0,155,71.7,101.0,1007.0,22.7,6.8,67.0,52.0,7,23
2026-07-09 00:00:00,33.0,63,8.1,980.2,2,0.0,155,67.3,96.2,914.0,20.6,6.4,66.0,53.0,7,0
2026-07-09 01:00:00,32.6,65,6.5,979.9,8,0.0,154,61.9,90.1,823.0,18.9,5.9,65.0,57.0,7,1
2026-07-09 02:00:00,32.0,67,9.2,980.0,2,0.0,154,60.8,97.8,749.0,17.9,5.8,63.0,70.0,7,2
2026-07-09 03:00:00,31.5,68,9.9,980.0,2,0.0,154,64.5,119.7,703.0,18.4,6.4,57.0,99.0,7,3
2026-07-09 04:00:00,31.2,67,8.5,980.1,16,0.0,154,68.9,141.1,674.0,19.7,7.3,49.0,138.0,7,4
2026-07-09 05:00:00,30.8,64,7.1,980.1,1,0.0,154,75.7,180.7,648.0,17.0,8.0,54.0,202.0,7,5
2026-07-09 06:00:00,30.5,65,5.1,980.6,1,0.0,154,78.7,184.4,623.0,15.4,7.8,60.0,215.0,7,6
2026-07-09 07:00:00,31.5,62,1.2,981.2,4,0.0,155,82.2,183.9,602.0,13.1,7.5,69.0,232.0,7,7
2026-07-09 08:00:00,33.2,56,0.4,981.3,0,0.0,156,81.3,202.6,573.0,10.7,7.4,83.0,235.0,7,8
2026-07-09 09:00:00,35.3,49,2.9,981.4,0,0.0,156,75.9,181.6,529.0,8.0,7.6,106.0,210.0,7,9
2026-07-09 10:00:00,37.0,44,4.5,981.2,0,0.0,157,68.9,154.6,478.0,5.0,7.9,134.0,172.0,7,10
2026-07-09 11:00:00,37.8,42,2.7,981.7,0,0.0,157,63.6,137.8,435.0,2.9,8.2,154.0,140.0,7,11
2026-07-09 12:00:00,39.5,38,1.6,981.5,9,0.0,158,57.3,125.7,408.0,2.0,8.3,159.0,125.0,7,12
2026-07-09 13:00:00,40.5,35,3.9,980.9,14,0.1,158,52.0,114.1,389.0,1.8,8.4,155.0,117.0,7,13
2026-07-09 14:00:00,40.6,34,7.4,980.2,27,0.1,158,49.4,109.0,372.0,2.0,8.4,150.0,111.0,7,14
2026-07-09 15:00:00,40.4,33,11.1,980.2,94,0.1,158,46.9,104.3,349.0,1.7,8.2,148.0,108.0,7,15
2026-07-09 16:00:00,39.7,36,10.9,979.7,13,0.0,157,44.7,100.1,327.0,1.8,8.0,145.0,107.0,7,16
2026-07-09 17:00:00,38.6,41,12.0,980.0,99,0.0,157,36.8,79.9,329.0,3.6,8.2,139.0,79.0,7,17
2026-07-09 18:00:00,37.7,40,6.7,979.6,43,0.2,157,40.6,72.9,374.0,10.5,8.1,119.0,69.0,7,18
2026-07-09 19:00:00,35.7,51,12.6,980.0,57,0.0,156,50.3,78.0,442.0,20.2,8.0,91.0,54.0,7,19
2026-07-09 20:00:00,34.5,57,10.1,980.2,93,0.0,156,57.7,82.7,491.0,28.2,7.9,68.0,43.0,7,20
2026-07-09 21:00:00,35.2,52,11.9,980.8,69,0.0,155,63.6,88.2,503.0,33.3,8.0,53.0,37.0,7,21
2026-07-09 22:00:00,34.9,52,10.6,981.4,1,0.0,155,71.9,95.5,496.0,36.7,8.1,43.0,34.0,7,22
2026-07-09 23:00:00,36.0,51,12.3,980.7,0,0.0,155,75.4,97.8,481.0,37.9,8.0,36.0,37.0,7,23
2026-07-10 00:00:00,35.4,49,12.2,980.7,0,0.0,155,73.3,96.2,458.0,36.1,7.5,32.0,50.0,7,0
2026-07-10 01:00:00,34.7,51,13.4,980.3,0,0.0,155,70.8,98.5,429.0,31.9,6.7,31.0,69.0,7,1
2026-07-10 02:00:00,34.3,52,12.8,980.4,1,0.0,155,66.8,109.7,406.0,27.1,6.2,34.0,79.0,7,2
2026-07-10 03:00:00,33.9,53,11.8,980.2,0,0.0,156,58.1,109.2,402.0,21.3,6.0,41.0,70.0,7,3
2026-07-10 04:00:00,33.4,55,11.6,980.2,0,0.0,155,46.6,82.2,406.0,14.9,6.1,52.0,52.0,7,4
2026-07-10 05:00:00,33.4,58,11.3,979.8,2,0.0,155,55.3,93.1,397.0,16.8,5.3,42.0,69.0,7,5
2026-07-10 06:00:00,33.1,59,10.6,980.4,34,0.0,154,46.0,69.6,362.0,14.0,5.8,55.0,57.0,7,6
2026-07-10 07:00:00,34.0,58,10.7,980.7,5,0.0,153,39.5,57.0,314.0,10.0,6.6,74.0,41.0,7,7
2026-07-10 08:00:00,34.9,55,14.0,981.4,15,0.0,152,36.8,61.7,278.0,6.7,7.3,91.0,40.0,7,8
2026-07-10 09:00:00,35.8,53,13.8,981.8,26,0.0,150,38.6,80.1,264.0,4.7,8.1,106.0,67.0,7,9
2026-07-10 10:00:00,36.8,50,13.7,981.7,23,0.0,148,43.1,104.5,262.0,3.3,8.9,119.0,108.0,7,10
2026-07-10 11:00:00,37.5,49,14.4,982.1,0,0.0,145,47.0,124.3,261.0,2.4,9.4,128.0,143.0,7,11
2026-07-10 12:00:00,38.2,47,14.3,981.6,0,0.0,143,49.9,137.8,259.0,1.9,9.3,132.0,166.0,7,12
2026-07-10 13:00:00,39.0,44,13.9,980.9,1,0.0,143,52.5,148.5,260.0,1.8,8.9,132.0,183.0,7,13
2026-07-10 14:00:00,39.6,43,13.2,980.3,3,0.0,143,54.5,155.5,260.0,1.9,8.4,130.0,193.0,7,14
2026-07-10 15:00:00,39.7,42,13.4,979.9,2,0.0,143,55.5,157.9,254.0,1.8,7.9,128.0,196.0,7,15
2026-07-10 16:00:00,39.6,42,14.5,979.1,1,0.0,144,56.1,156.5,249.0,2.0,7.3,125.0,192.0,7,16
2026-07-10 17:00:00,39.4,42,16.8,978.7,9,0.0,145,58.4,169.5,259.0,3.3,6.4,114.0,214.0,7,17
2026-07-10 18:00:00,38.4,44,15.1,978.9,3,0.0,148,60.8,143.9,300.0,7.4,6.4,100.0,183.0,7,18
2026-07-10 19:00:00,37.6,46,13.2,978.8,9,0.0,150,65.0,131.8,356.0,13.0,6.4,81.0,141.0,7,19
2026-07-10 20:00:00,36.6,50,11.4,978.8,5,0.0,150,68.0,127.1,401.0,17.1,6.4,66.0,112.0,7,20
2026-07-10 21:00:00,36.1,50,9.1,979.8,6,0.0,151,69.6,128.1,428.0,18.5,6.3,57.0,108.0,7,21
2026-07-10 22:00:00,35.5,51,10.4,980.1,2,0.0,151,71.5,130.4,444.0,18.4,6.2,51.0,117.0,7,22
2026-07-10 23:00:00,35.9,50,13.6,979.3,2,0.0,151,71.0,137.8,438.0,17.2,6.0,49.0,127.0,7,23
2026-07-11 00:00:00,35.0,50,14.8,978.9,1,0.0,151,70.5,153.7,398.0,14.2,5.4,54.0,139.0,7,0
2026-07-11 01:00:00,34.4,51,15.8,978.1,0,0.0,151,70.5,162.1,337.0,10.0,4.8,64.0,152.0,7,1
2026-07-11 02:00:00,34.2,49,18.0,977.4,0,0.0,151,67.5,148.5,282.0,6.9,4.4,71.0,152.0,7,2
2026-07-11 03:00:00,33.6,50,18.9,976.9,0,0.0,151,60.8,119.2,241.0,5.8,4.7,74.0,127.0,7,3
2026-07-11 04:00:00,32.9,52,16.3,977.1,0,0.0,151,52.6,95.2,206.0,5.7,5.2,75.0,88.0,7,4
2026-07-11 05:00:00,32.4,56,15.7,977.3,0,0.0,151,48.0,88.5,188.0,5.5,5.7,76.0,69.0,7,5
2026-07-11 06:00:00,31.8,59,15.1,977.9,0,0.0,151,46.2,85.4,197.0,5.3,6.0,73.0,75.0,7,6
2026-07-11 07:00:00,32.0,58,13.7,978.5,0,0.0,151,47.6,92.0,222.0,5.0,6.5,69.0,85.0,7,7
2026-07-11 08:00:00,32.5,58,14.9,979.1,0,0.0,151,50.2,105.7,242.0,4.5,6.9,70.0,97.0,7,8
2026-07-11 09:00:00,33.5,56,15.5,979.3,0,0.0,151,54.2,119.0,247.0,3.7,7.3,79.0,113.0,7,9
2026-07-11 10:00:00,34.8,53,12.6,979.4,0,0.0,152,58.6,132.2,246.0,2.8,7.6,93.0,132.0,7,10
2026-07-11 11:00:00,35.9,50,10.6,979.9,0,0.0,152,62.9,144.8,244.0,2.1,7.7,104.0,149.0,7,11
2026-07-11 12:00:00,37.1,47,9.0,979.8,2,0.0,153,66.6,154.6,241.0,1.8,7.6,112.0,161.0,7,12
2026-07-11 13:00:00,39.1,42,7.0,979.2,96,0.0,153,69.6,161.6,236.0,1.6,7.3,117.0,170.0,7,13
2026-07-11 14:00:00,39.4,41,8.5,978.2,97,0.0,154,72.6,168.1,234.0,1.7,6.9,120.0,178.0,7,14
2026-07-11 15:00:00,38.8,43,13.0,977.7,21,0.0,154,75.9,174.6,233.0,1.2,6.3,121.0,188.0,7,15
2026-07-11 16:00:00,38.3,44,14.5,977.3,9,0.0,155,78.9,181.1,234.0,0.9,5.5,120.0,197.0,7,16
2026-07-11 17:00:00,38.1,45,10.8,977.5,9,0.0,156,70.3,151.3,245.0,3.0,5.5,116.0,151.0,7,17
2026-07-11 18:00:00,37.0,48,12.4,977.3,2,0.0,156,73.8,154.6,263.0,9.5,5.5,98.0,137.0,7,18
2026-07-11 19:00:00,36.5,49,8.0,977.7,1,0.0,156,83.4,141.1,292.0,18.6,5.5,73.0,118.0,7,19
2026-07-11 20:00:00,36.0,50,5.4,978.2,2,0.0,157,95.2,153.7,350.0,25.9,5.5,53.0,106.0,7,20
2026-07-11 21:00:00,35.7,52,3.3,978.6,2,0.0,158,108.0,167.6,476.0,30.0,5.6,42.0,103.0,7,21
2026-07-11 22:00:00,35.4,53,3.2,978.9,1,0.0,159,117.3,177.9,631.0,32.3,5.7,36.0,107.0,7,22
2026-07-11 23:00:00,35.5,54,6.3,978.6,34,0.0,160,116.9,182.1,723.0,32.6,5.6,32.0,119.0,7,23
2026-07-12 00:00:00,34.6,57,8.1,978.1,99,0.0,161,115.9,195.6,700.0,29.8,5.2,32.0,151.0,7,0
2026-07-12 01:00:00,34.0,60,7.1,977.4,81,0.0,163,119.2,219.3,614.0,25.0,4.6,34.0,190.0,7,1
2026-07-12 02:00:00,33.5,61,8.1,976.4,22,0.0,164,122.9,231.9,523.0,20.9,4.2,37.0,205.0,7,2
2026-07-12 03:00:00,32.8,64,9.4,975.9,13,0.0,166,122.0,221.2,434.0,18.8,4.2,39.0,173.0,7,3
2026-07-12 04:00:00,32.8,62,13.7,975.8,2,0.0,168,106.6,183.9,340.0,17.5,4.5,42.0,115.0,7,4
2026-07-12 05:00:00,32.7,65,4.5,976.3,17,0.0,169,99.2,150.9,283.0,25.0,4.7,28.0,94.0,7,5
2026-07-12 06:00:00,32.4,67,5.4,976.8,2,0.0,171,71.0,101.5,292.0,21.4,5.8,38.0,77.0,7,6
2026-07-12 07:00:00,33.2,63,4.9,977.7,39,0.0,172,54.7,72.4,338.0,16.2,7.3,54.0,54.0,7,7
2026-07-12 08:00:00,33.2,61,7.9,978.4,18,0.1,172,55.5,81.5,372.0,11.7,8.8,73.0,40.0,7,8
2026-07-12 09:00:00,34.2,55,12.5,979.2,29,0.0,172,60.3,94.5,379.0,8.4,10.6,99.0,43.0,7,9
2026-07-12 10:00:00,35.2,52,11.8,979.5,2,0.0,172,62.2,102.0,374.0,5.7,12.4,129.0,55.0,7,10
2026-07-12 11:00:00,35.8,51,9.6,979.8,32,0.0,172,62.4,105.7,360.0,3.7,13.2,150.0,70.0,7,11
2026-07-12 12:00:00,36.7,47,8.0,979.5,18,0.3,172,61.5,109.0,328.0,2.5,12.5,156.0,84.0,7,12
2026-07-12 13:00:00,37.3,46,8.2,978.9,21,0.3,172,59.4,113.6,287.0,2.0,10.7,153.0,101.0,7,13
2026-07-12 14:00:00,37.5,45,7.6,978.4,30,0.3,172,58.7,125.7,260.0,1.8,9.0,146.0,122.0,7,14
2026-07-12 15:00:00,37.7,44,4.6,978.3,40,0.2,171,58.6,138.8,255.0,0.7,7.2,137.0,153.0,7,15
2026-07-12 16:00:00,37.3,45,6.2,978.3,44,0.3,171,59.8,153.7,263.0,0.0,5.3,124.0,189.0,7,16
2026-07-12 17:00:00,36.6,49,6.3,978.2,16,0.3,170,72.2,186.7,289.0,2.6,2.4,91.0,220.0,7,17
2026-07-12 18:00:00,36.4,49,6.5,978.7,80,0.0,170,79.6,205.4,347.0,8.4,3.1,79.0,195.0,7,18
2026-07-12 19:00:00,36.0,49,4.9,978.2,52,0.0,171,88.5,178.3,421.0,16.5,4.1,63.0,160.0,7,19
2026-07-12 20:00:00,35.4,53,0.9,979.1,98,0.0,171,88.7,160.2,468.0,22.0,4.9,51.0,133.0,7,20
2026-07-12 21:00:00,35.1,56,6.1,979.8,77,0.0,171,86.6,146.2,463.0,22.7,5.3,49.0,119.0,7,21
2026-07-12 22:00:00,34.4,60,6.6,980.3,19,0.0,170,84.5,138.8,430.0,21.0,5.6,53.0,113.0,7,22
2026-07-12 23:00:00,33.7,64,9.9,980.3,100,0.0,169,85.2,145.3,404.0,19.3,5.7,55.0,111.0,7,23
2026-07-13 00:00:00,32.2,66,10.4,980.4,90,0.0,168,90.1,163.9,397.0,18.9,5.7,53.0,116.0,7,0
2026-07-13 01:00:00,31.8,64,8.7,980.0,86,0.0,167,94.5,173.2,396.0,18.5,5.5,50.0,125.0,7,1
2026-07-13 02:00:00,31.6,63,6.7,979.7,20,0.0,166,92.4,164.8,393.0,17.3,5.3,52.0,135.0,7,2
2026-07-13 03:00:00,31.4,62,4.3,979.5,36,0.0,166,93.4,192.8,373.0,14.0,4.8,64.0,144.0,7,3
2026-07-13 04:00:00,31.2,63,5.8,979.6,49,0.0,165,84.3,158.3,351.0,9.8,4.3,81.0,152.0,7,4
2026-07-13 05:00:00,27.6,82,11.2,980.1,100,0.0,164,63.8,109.7,358.0,9.1,4.3,89.0,86.0,7,5
2026-07-13 06:00:00,27.6,78,7.1,979.5,94,0.0,163,60.3,102.7,429.0,10.4,4.7,88.0,84.0,7,6
2026-07-13 07:00:00,28.3,73,2.6,980.7,34,0.0,163,60.3,106.9,530.0,12.0,5.3,86.0,83.0,7,7
2026-07-13 08:00:00,30.5,63,0.5,981.1,37,0.0,163,60.1,108.5,587.0,12.3,5.6,91.0,90.0,7,8
2026-07-13 09:00:00,32.6,56,10.4,982.3,20,0.0,163,64.0,127.1,557.0,9.9,5.4,107.0,106.0,7,9
2026-07-13 10:00:00,34.1,51,4.6,981.4,34,0.0,163,67.3,139.7,484.0,6.2,4.9,129.0,130.0,7,10
2026-07-13 11:00:00,36.3,48,3.5,981.5,16,0.0,163,71.9,162.1,426.0,3.4,4.5,144.0,171.0,7,11
2026-07-13 12:00:00,37.2,46,2.3,981.2,2,0.0,164,81.7,214.2,404.0,2.6,4.2,145.0,241.0,7,12
2026-07-13 13:00:00,38.5,42,6.7,980.4,48,0.0,164,91.5,267.3,398.0,2.8,4.0,140.0,328.0,7,13
2026-07-13 14:00:00,39.3,38,11.1,980.2,50,0.0,165,98.7,303.6,401.0,3.1,4.1,136.0,399.0,7,14
2026-07-13 15:00:00,39.3,30,10.7,980.3,100,0.3,166,104.5,330.6,411.0,2.4,4.8,140.0,446.0,7,15
2026-07-13 16:00:00,37.7,36,9.2,980.3,74,0.4,168,108.7,346.5,431.0,1.9,5.9,146.0,478.0,7,16
2026-07-13 17:00:00,39.1,37,11.5,979.3,22,0.0,169,103.1,348.3,461.0,4.1,3.3,131.0,484.0,7,17
2026-07-13 18:00:00,38.6,37,7.8,979.8,38,0.0,170,99.9,326.9,502.0,10.6,4.0,113.0,405.0,7,18
2026-07-13 19:00:00,37.7,40,8.7,980.2,21,0.0,171,106.2,244.0,553.0,19.5,5.0,89.0,295.0,7,19
2026-07-13 20:00:00,36.9,43,8.4,980.2,68,0.0,171,103.8,214.2,614.0,24.7,5.6,74.0,212.0,7,20
2026-07-13 21:00:00,36.0,48,10.7,980.4,73,0.0,172,94.5,197.9,698.0,22.7,5.6,76.0,184.0,7,21
2026-07-13 22:00:00,35.2,52,7.0,980.9,100,0.0,172,92.0,198.8,791.0,17.0,5.4,87.0,183.0,7,22
2026-07-13 23:00:00,34.2,49,4.7,981.7,98,0.0,172,87.8,183.5,851.0,12.7,5.1,94.0,182.0,7,23
2026-07-14 00:00:00,32.6,60,6.3,981.7,98,0.0,172,84.3,172.3,854.0,11.7,4.9,92.0,169.0,7,0
2026-07-14 01:00:00,31.8,67,6.9,981.5,100,0.0,172,81.5,162.5,824.0,12.1,4.7,85.0,157.0,7,1
2026-07-14 02:00:00,31.2,71,6.1,981.1,100,0.0,172,79.4,161.6,795.0,13.2,4.5,77.0,156.0,7,2
2026-07-14 03:00:00,30.8,73,5.6,980.9,100,0.0,171,80.1,175.1,782.0,15.3,4.3,66.0,165.0,7,3
2026-07-14 04:00:00,30.5,73,8.2,980.7,99,0.0,171,83.1,187.7,769.0,18.0,4.2,53.0,185.0,7,4
2026-07-14 05:00:00,31.3,70,11.8,980.9,45,0.0,171,85.9,133.2,743.0,23.8,4.3,38.0,88.0,7,5
2026-07-14 06:00:00,29.8,71,11.4,981.1,99,0.0,171,87.1,156.0,699.0,22.5,4.3,40.0,149.0,7,6
2026-07-14 07:00:00,29.6,70,10.7,982.0,100,0.0,172,91.7,185.8,641.0,20.6,4.4,44.0,234.0,7,7
2026-07-14 08:00:00,30.3,70,10.4,982.3,92,0.0,173,100.8,258.9,567.0,17.8,4.9,54.0,305.0,7,8
2026-07-14 09:00:00,32.7,63,11.6,982.8,5,0.0,174,109.4,344.6,457.0,13.2,6.5,74.0,349.0,7,9
2026-07-14 10:00:00,34.8,56,14.5,983.1,2,0.0,176,103.6,332.5,331.0,7.8,8.5,99.0,379.0,7,10
2026-07-14 11:00:00,35.6,54,13.0,983.4,9,0.0,177,96.6,300.8,242.0,3.7,9.8,119.0,392.0,7,11
2026-07-14 12:00:00,36.1,52,12.8,983.3,9,0.0,177,93.1,286.8,218.0,2.1,9.7,128.0,382.0,7,12
2026-07-14 13:00:00,36.0,50,12.7,983.1,84,1.5,178,88.9,271.9,231.0,2.0,8.8,132.0,356.0,7,13
2026-07-14 14:00:00,35.8,52,10.7,982.9,87,0.3,178,84.1,256.1,247.0,2.1,7.8,132.0,330.0,7,14
2026-07-14 15:00:00,35.4,53,12.4,982.3,22,0.3,177,78.5,241.2,252.0,1.7,6.7,128.0,311.0,7,15
2026-07-14 16:00:00,35.5,51,10.1,982.5,95,0.1,177,73.1,224.0,261.0,1.5,5.6,121.0,293.0,7,16
2026-07-14 17:00:00,36.4,45,8.9,981.9,42,0.0,175,66.4,201.2,286.0,3.5,4.7,105.0,258.0,7,17
2026-07-14 18:00:00,36.5,47,7.3,981.6,36,0.0,174,65.7,169.5,344.0,9.6,5.1,90.0,225.0,7,18
2026-07-14 19:00:00,35.6,51,10.8,981.9,93,0.0,173,72.6,154.6,418.0,18.2,5.6,69.0,178.0,7,19
2026-07-14 20:00:00,34.9,53,9.2,981.8,99,0.0,172,78.5,156.0,464.0,25.1,6.1,51.0,143.0,7,20
2026-07-14 21:00:00,34.4,55,7.8,982.8,91,0.0,172,83.4,159.3,460.0,29.4,6.5,41.0,126.0,7,21
2026-07-14 22:00:00,33.9,57,8.5,983.4,23,0.0,171,89.2,159.7,429.0,32.1,6.9,34.0,120.0,7,22
2026-07-14 23:00:00,33.9,59,9.6,982.6,99,0.0,171,89.4,157.9,397.0,32.4,6.9,30.0,124.0,7,23
2026-07-15 00:00:00,33.3,59,9.4,982.4,100,0.0,171,85.2,158.8,371.0,28.9,6.4,30.0,147.0,7,0
2026-07-15 01:00:00,32.9,59,8.4,982.6,100,0.0,171,82.9,172.8,344.0,23.0,5.5,33.0,179.0,7,1
2026-07-15 02:00:00,32.6,58,8.6,982.6,57,0.0,171,79.9,180.7,318.0,17.8,4.9,37.0,190.0,7,2
2026-07-15 03:00:00,32.1,58,9.8,982.3,23,0.0,171,70.5,156.5,291.0,14.5,4.7,41.0,157.0,7,3
2026-07-15 04:00:00,31.5,58,10.5,982.0,5,0.0,171,57.7,113.9,266.0,12.0,4.7,47.0,103.0,7,4
2026-07-15 05:00:00,32.6,57,10.3,982.4,33,0.0,170,78.5,118.5,255.0,15.5,3.6,34.0,72.0,7,5
2026-07-15 06:00:00,32.1,57,11.4,982.9,0,0.0,170,82.2,136.0,272.0,14.6,3.7,41.0,87.0,7,6
2026-07-15 07:00:00,32.8,55,11.3,983.3,2,0.0,170,87.1,146.7,302.0,13.1,3.8,51.0,108.0,7,7
2026-07-15 08:00:00,34.0,52,12.8,983.9,3,0.0,170,81.3,150.9,318.0,11.2,4.4,64.0,130.0,7,8
2026-07-15 09:00:00,35.2,49,12.5,984.4,11,0.0,169,52.5,98.3,303.0,8.3,6.0,82.0,153.0,7,9
2026-07-15 10:00:00,36.3,47,13.7,984.8,9,0.0,168,48.0,122.9,272.0,4.9,8.1,103.0,176.0,7,10
2026-07-15 11:00:00,37.4,42,14.4,985.3,11,0.1,166,51.2,156.0,245.0,2.4,9.3,117.0,197.0,7,11
2026-07-15 12:00:00,36.1,48,12.3,985.4,61,1.3,165,53.9,177.4,226.0,1.5,8.9,121.0,215.0,7,12
2026-07-15 13:00:00,36.5,48,11.3,984.9,8,0.1,163,53.9,179.7,210.0,1.5,7.6,118.0,230.0,7,13
2026-07-15 14:00:00,36.6,45,12.8,984.7,20,0.2,162,53.7,178.3,203.0,1.8,6.4,115.0,240.0,7,14
2026-07-15 15:00:00,37.2,44,9.1,984.2,2,0.1,161,53.4,179.3,201.0,1.3,5.6,114.0,246.0,7,15
2026-07-15 16:00:00,37.4,42,9.9,983.8,9,0.0,161,51.6,176.0,207.0,1.0,5.0,112.0,248.0,7,16
2026-07-15 17:00:00,37.0,42,10.9,983.4,27,0.0,160,40.6,125.7,234.0,3.2,3.8,96.0,164.0,7,17
2026-07-15 18:00:00,36.0,45,10.0,983.6,14,0.0,159,44.0,121.5,280.0,11.6,4.7,80.0,152.0,7,18
2026-07-15 19:00:00,35.1,49,7.5,983.3,8,0.0,159,55.4,120.6,348.0,23.5,6.0,58.0,136.0,7,19
2026-07-15 20:00:00,34.2,53,7.7,983.7,2,0.0,158,69.6,134.6,457.0,34.2,7.1,39.0,123.0,7,20
2026-07-15 21:00:00,33.7,56,5.2,984.0,1,0.0,158,82.4,147.1,663.0,42.5,7.9,26.0,118.0,7,21
2026-07-15 22:00:00,33.2,61,3.8,985.0,26,0.0,158,94.3,158.8,911.0,49.6,8.5,15.0,117.0,7,22
2026-07-15 23:00:00,33.4,60,7.4,984.5,6,0.0,158,104.8,168.1,1053.0,54.9,9.0,7.0,118.0,7,23
2026-07-16 00:00:00,32.5,63,7.8,984.4,3,0.0,158,115.0,182.5,993.0,58.1,9.6,2.0,121.0,7,0
2026-07-16 01:00:00,31.8,66,7.5,984.4,2,0.0,159,124.3,194.6,826.0,59.6,10.1,1.0,126.0,7,1
2026-07-16 02:00:00,31.3,68,7.4,984.5,1,0.0,161,133.2,201.6,692.0,59.6,10.1,0.0,128.0,7,2
2026-07-16 03:00:00,30.8,69,8.0,984.5,1,0.0,162,129.0,188.6,646.0,58.8,9.3,0.0,126.0,7,3
2026-07-16 04:00:00,30.5,69,9.3,984.6,0,0.0,164,115.7,174.2,633.0,56.4,8.0,0.0,122.0,7,4
2026-07-16 05:00:00,31.2,68,9.4,984.4,0,0.0,166,79.4,125.3,624.0,37.0,6.2,20.0,83.0,7,5
2026-07-16 06:00:00,30.8,69,9.0,985.1,0,0.0,166,76.8,124.3,622.0,32.3,5.9,33.0,106.0,7,6
2026-07-16 07:00:00,31.8,65,6.9,985.4,0,0.0,165,79.4,129.9,624.0,25.5,5.6,53.0,138.0,7,7
2026-07-16 08:00:00,33.6,55,8.3,985.8,0,0.0,165,79.9,163.4,592.0,19.0,5.9,73.0,156.0,7,8
2026-07-16 09:00:00,34.9,49,10.9,986.0,0,0.0,165,69.2,142.0,492.0,13.0,7.4,97.0,144.0,7,9
2026-07-16 10:00:00,36.1,46,12.4,986.2,0,0.0,166,58.7,112.2,359.0,7.2,9.5,121.0,118.0,7,10
2026-07-16 11:00:00,37.3,42,15.0,986.6,2,0.0,166,51.6,110.8,257.0,3.0,10.6,137.0,108.0,7,11
2026-07-16 12:00:00,37.6,43,15.1,986.3,5,0.0,166,48.5,126.2,215.0,1.4,9.9,136.0,133.0,7,12
2026-07-16 13:00:00,38.2,40,14.6,985.6,4,0.0,166,50.2,145.8,204.0,1.4,8.3,126.0,173.0,7,13
2026-07-16 14:00:00,38.6,39,14.6,985.1,2,0.0,166,51.6,155.5,202.0,1.7,7.0,117.0,199.0,7,14
2026-07-16 15:00:00,38.7,38,13.9,984.3,1,0.0,166,51.9,155.1,201.0,1.5,6.3,116.0,199.0,7,15
2026-07-16 16:00:00,38.5,38,13.6,983.8,1,0.0,166,51.0,147.6,209.0,1.6,5.9,116.0,186.0,7,16
2026-07-16 17:00:00,38.8,36,13.4,983.4,2,0.0,166,39.8,109.9,232.0,3.2,5.4,110.0,134.0,7,17
2026-07-16 18:00:00,37.8,38,12.4,983.2,1,0.0,166,41.6,93.1,281.0,8.5,5.9,97.0,115.0,7,18
2026-07-16 19:00:00,36.7,42,11.6,983.2,2,0.0,166,47.3,89.2,345.0,15.8,6.6,78.0,88.0,7,19
2026-07-16 20:00:00,35.7,45,10.4,983.2,2,0.0,165,52.6,89.4,390.0,21.7,7.1,62.0,67.0,7,20
2026-07-16 21:00:00,35.0,48,9.6,983.5,4,0.0,165,57.3,91.5,404.0,25.1,7.2,52.0,58.0,7,21
2026-07-16 22:00:00,34.3,50,10.2,983.9,2,0.0,164,61.5,94.1,399.0,27.0,7.2,46.0,55.0,7,22
2026-07-16 23:00:00,34.8,48,13.5,983.2,1,0.0,163,59.0,88.5,378.0,27.0,7.1,42.0,52.0,7,23
2026-07-17 00:00:00,34.3,47,13.8,983.0,0,0.0,162,51.5,76.6,334.0,24.1,6.9,42.0,47.0,7,0
2026-07-17 01:00:00,33.9,46,14.7,982.9,0,0.0,160,44.6,66.1,275.0,19.2,6.7,46.0,43.0,7,1
2026-07-17 02:00:00,33.6,45,16.1,982.6,0,0.0,157,39.2,61.7,228.0,14.9,6.5,49.0,38.0,7,2
2026-07-17 03:00:00,33.1,46,17.0,982.2,0,0.0,155,34.8,58.3,203.0,12.1,6.2,50.0,31.0,7,3
2026-07-17 04:00:00,32.7,47,16.8,982.3,0,0.0,152,30.9,48.0,191.0,9.9,6.0,52.0,25.0,7,4
2026-07-17 05:00:00,32.8,48,15.3,982.5,0,0.0,148,29.6,49.2,190.0,8.3,6.2,56.0,33.0,7,5
2026-07-17 06:00:00,32.4,49,15.4,983.2,0,0.0,142,29.9,48.5,209.0,8.0,5.9,62.0,34.0,7,6
2026-07-17 07:00:00,32.8,50,15.9,983.6,0,0.0,137,32.5,54.6,240.0,7.6,5.6,72.0,36.0,7,7
2026-07-17 08:00:00,33.7,49,17.3,984.0,13,0.0,133,35.3,62.6,259.0,6.8,5.7,82.0,46.0,7,8
2026-07-17 09:00:00,34.6,48,18.3,984.4,1,0.0,128,38.9,79.9,255.0,5.4,6.6,95.0,73.0,7,9
2026-07-17 10:00:00,35.7,47,18.2,984.5,0,0.0,125,43.4,99.4,240.0,3.6,7.9,109.0,108.0,7,10
2026-07-17 11:00:00,36.9,44,18.9,984.7,0,0.0,123,47.6,120.1,227.0,2.3,8.7,119.0,135.0,7,11
2026-07-17 12:00:00,37.7,42,17.8,984.6,0,0.0,123,50.2,132.2,220.0,1.7,8.6,124.0,147.0,7,12
2026-07-17 13:00:00,38.4,40,17.0,984.0,0,0.0,123,50.9,133.2,214.0,1.6,8.0,125.0,150.0,7,13
2026-07-17 14:00:00,38.7,40,16.6,983.3,0,0.0,123,50.5,129.0,212.0,1.7,7.4,124.0,147.0,7,14
2026-07-17 15:00:00,38.8,39,16.2,982.7,0,0.0,123,49.2,121.5,207.0,1.4,6.8,124.0,138.0,7,15
2026-07-17 16:00:00,38.5,40,15.4,982.2,0,0.0,123,47.4,112.0,206.0,1.4,6.2,122.0,123.0,7,16
2026-07-17 17:00:00,38.6,40,13.6,981.7,2,0.0,122,37.8,91.3,226.0,3.1,5.4,110.0,100.0,7,17
2026-07-17 18:00:00,37.9,41,12.5,981.8,7,0.0,122,37.3,74.3,290.0,9.2,5.8,95.0,83.0,7,18
2026-07-17 19:00:00,36.9,43,11.4,981.9,7,0.0,122,41.7,69.8,375.0,17.5,6.3,74.0,61.0,7,19
2026-07-17 20:00:00,36.2,46,8.8,982.0,10,0.0,121,49.8,74.7,436.0,23.8,6.7,57.0,43.0,7,20
2026-07-17 21:00:00,35.5,49,9.3,982.8,13,0.0,121,56.2,79.4,454.0,26.5,6.8,48.0,35.0,7,21
2026-07-17 22:00:00,35.0,50,10.4,983.1,35,0.0,121,57.0,78.0,447.0,27.1,6.7,42.0,32.0,7,22
2026-07-17 23:00:00,35.2,48,11.7,982.5,81,0.0,120,52.2,71.7,429.0,26.0,6.5,40.0,33.0,7,23
2026-07-18 00:00:00,34.6,49,12.2,982.4,3,0.0,119,44.5,62.4,400.0,22.2,6.0,41.0,39.0,7,0
2026-07-18 01:00:00,34.2,49,12.7,982.2,20,0.0,119,38.2,57.9,359.0,16.6,5.4,44.0,48.0,7,1
2026-07-18 02:00:00,33.5,51,13.0,982.1,9,0.0,118,35.2,63.8,318.0,12.1,4.9,48.0,53.0,7,2
2026-07-18 03:00:00,33.2,50,14.6,981.9,4,0.0,118,34.1,65.9,275.0,9.7,4.6,52.0,48.0,7,3
2026-07-18 04:00:00,33.0,48,15.0,982.1,2,0.0,118,32.4,57.3,233.0,8.4,4.4,56.0,39.0,7,4
2026-07-18 05:00:00,33.3,51,15.0,981.9,5,0.0,118,29.9,43.8,210.0,7.1,4.5,62.0,22.0,7,5
2026-07-18 06:00:00,32.9,54,15.3,982.4,2,0.0,118,29.6,47.8,223.0,6.8,5.0,66.0,33.0,7,6
2026-07-18 07:00:00,33.2,54,16.4,982.7,0,0.0,118,32.6,57.9,254.0,6.5,5.8,71.0,49.0,7,7
2026-07-18 08:00:00,33.7,54,18.4,983.0,0,0.0,118,36.2,72.4,273.0,5.8,6.5,79.0,64.0,7,8
2026-07-18 09:00:00,34.5,52,18.9,983.4,0,0.0,118,39.1,83.8,262.0,4.7,7.2,91.0,78.0,7,9
2026-07-18 10:00:00,35.5,49,18.7,983.5,0,0.0,118,40.2,89.6,239.0,3.3,7.9,104.0,91.0,7,10
2026-07-18 11:00:00,36.8,45,18.4,983.4,0,0.0,117,40.2,96.4,218.0,2.2,8.1,114.0,102.0,7,11
2026-07-18 12:00:00,37.6,42,17.6,983.2,40,0.0,117,39.8,102.2,205.0,1.7,7.5,117.0,112.0,7,12
2026-07-18 13:00:00,38.3,40,16.8,982.6,9,0.0,116,39.3,104.8,195.0,1.5,6.5,115.0,119.0,7,13
2026-07-18 14:00:00,38.7,39,16.4,982.0,15,0.0,114,38.5,103.1,191.0,1.6,5.7,113.0,121.0,7,14
2026-07-18 15:00:00,38.8,39,15.4,981.3,26,0.0,113,37.1,96.4,192.0,1.3,5.3,113.0,115.0,7,15
2026-07-18 16:00:00,38.7,39,14.7,980.7,38,0.0,112,35.7,89.6,198.0,1.3,5.1,112.0,102.0,7,16
2026-07-18 17:00:00,38.7,39,14.4,980.5,37,0.0,111,26.9,61.9,219.0,3.0,4.2,99.0,65.0,7,17
2026-07-18 18:00:00,37.7,41,14.0,980.6,75,0.0,110,28.2,55.3,261.0,8.6,4.7,86.0,56.0,7,18
2026-07-18 19:00:00,36.9,43,11.0,980.7,35,0.0,109,34.2,56.7,316.0,16.4,5.4,67.0,45.0,7,19
2026-07-18 20:00:00,36.3,45,7.9,981.4,16,0.0,108,43.2,65.0,372.0,22.6,5.9,52.0,39.0,7,20
2026-07-18 21:00:00,35.9,46,7.1,982.1,40,0.0,107,50.9,74.0,433.0,26.1,6.2,42.0,39.0,7,21
2026-07-18 22:00:00,35.5,48,7.8,982.6,83,0.0,107,56.1,82.2,494.0,27.9,6.3,36.0,45.0,7,22
2026-07-18 23:00:00,36.1,47,8.8,982.1,39,0.0,106,56.7,90.6,524.0,27.6,6.2,32.0,62.0,7,23
2026-07-19 00:00:00,35.3,48,9.5,981.8,0,0.0,107,56.9,102.9,505.0,24.1,5.6,32.0,101.0,7,0
2026-07-19 01:00:00,34.2,52,10.2,981.8,0,0.0,108,58.8,122.5,455.0,18.4,4.6,36.0,151.0,7,1
2026-07-19 02:00:00,33.4,55,11.2,981.7,0,0.0,110,62.2,156.5,395.0,13.6,3.9,40.0,182.0,7,2
2026-07-19 03:00:00,33.7,50,12.9,981.8,0,0.0,113,62.4,169.5,318.0,10.7,3.5,44.0,179.0,7,3
2026-07-19 04:00:00,33.5,48,12.7,981.8,2,0.0,116,58.6,150.4,230.0,8.5,3.2,50.0,158.0,7,4
2026-07-19 05:00:00,33.6,50,14.3,981.9,1,0.0,119,51.5,129.0,175.0,6.9,3.5,57.0,147.0,7,5
2026-07-19 06:00:00,33.1,52,13.5,982.5,1,0.0,121,47.0,99.4,180.0,6.3,4.2,64.0,112.0,7,6
2026-07-19 07:00:00,33.4,53,14.5,982.8,2,0.0,123,43.1,73.8,218.0,5.4,5.2,73.0,65.0,7,7
2026-07-19 08:00:00,33.9,52,17.1,983.2,12,0.0,124,33.9,57.3,243.0,4.5,6.0,83.0,37.0,7,8
2026-07-19 09:00:00,34.6,50,16.6,983.6,8,0.0,124,31.3,61.9,237.0,3.5,6.5,93.0,46.0,7,9
2026-07-19 10:00:00,35.8,47,15.3,983.9,55,0.0,123,32.9,76.6,220.0,2.5,6.9,103.0,74.0,7,10
2026-07-19 11:00:00,36.8,44,15.9,984.2,81,0.0,122,34.6,87.3,204.0,1.7,6.8,109.0,95.0,7,11
2026-07-19 12:00:00,37.5,43,15.9,983.7,82,0.0,122,33.4,84.8,193.0,1.3,6.0,109.0,96.0,7,12
2026-07-19 13:00:00,38.1,41,15.6,983.0,95,0.0,121,31.3,78.9,185.0,1.2,4.7,105.0,90.0,7,13
2026-07-19 14:00:00,38.4,40,15.0,982.5,95,0.0,120,30.0,76.6,179.0,1.3,3.7,101.0,85.0,7,14
2026-07-19 15:00:00,38.6,39,14.6,981.9,84,0.0,119,29.7,76.4,174.0,1.0,3.1,99.0,88.0,7,15
2026-07-19 16:00:00,38.4,38,14.4,981.3,100,0.0,118,30.0,78.5,172.0,0.8,2.7,96.0,92.0,7,16
2026-07-19 17:00:00,38.6,38,12.8,981.2,98,0.0,118,27.2,65.7,185.0,2.1,2.1,86.0,71.0,7,17
2026-07-19 18:00:00,37.8,40,12.1,981.2,99,0.0,118,30.4,64.5,219.0,7.7,3.2,76.0,69.0,7,18
2026-07-19 19:00:00,37.1,42,9.2,981.4,100,0.0,118,39.1,70.8,268.0,15.7,4.7,63.0,65.0,7,19
2026-07-19 20:00:00,36.7,43,5.6,982.0,100,0.0,119,52.6,86.4,328.0,24.1,6.2,49.0,62.0,7,20
2026-07-19 21:00:00,36.2,45,5.5,982.6,100,0.0,120,61.0,96.6,412.0,33.8,7.7,35.0,60.0,7,21
2026-07-19 22:00:00,35.6,48,5.5,982.9,100,0.0,121,75.0,110.6,507.0,44.0,9.2,22.0,59.0,7,22
2026-07-19 23:00:00,35.6,48,7.1,982.8,98,0.0,123,93.1,125.3,573.0,49.8,9.9,13.0,57.0,7,23
2026-07-20 00:00:00,34.8,52,7.6,982.5,65,0.0,126,93.6,121.5,597.0,48.6,9.2,11.0,54.0,7,0
2026-07-20 01:00:00,34.2,54,8.9,982.2,55,0.0,130,86.8,112.7,593.0,43.0,7.8,13.0,51.0,7,1
2026-07-20 02:00:00,33.9,53,12.5,981.8,41,0.0,133,73.3,102.7,561.0,36.2,6.5,17.0,52.0,7,2
2026-07-20 03:00:00,33.8,49,13.9,981.8,70,0.0,134,62.2,105.7,485.0,28.1,5.5,22.0,62.0,7,3
2026-07-20 04:00:00,33.4,50,14.3,982.0,55,0.0,134,53.6,110.8,380.0,18.8,4.7,30.0,76.0,7,4
2026-07-20 05:00:00,33.5,52,14.3,981.6,48,0.0,134,38.1,106.2,299.0,6.7,3.9,51.0,130.0,7,5
2026-07-20 06:00:00,32.9,55,14.4,982.3,66,0.0,132,31.3,65.9,265.0,6.5,4.2,57.0,96.0,7,6
2026-07-20 07:00:00,33.0,56,15.3,982.6,41,0.0,131,28.1,48.8,253.0,6.2,4.6,67.0,50.0,7,7
2026-07-20 08:00:00,33.6,55,18.3,982.6,8,0.1,129,25.9,41.0,243.0,5.6,5.1,77.0,23.0,7,8
2026-07-20 09:00:00,34.8,53,17.5,982.8,60,0.0,128,28.6,52.2,226.0,4.4,5.7,90.0,32.0,7,9
2026-07-20 10:00:00,36.0,50,17.5,982.9,49,0.0,128,32.0,67.1,210.0,3.0,6.2,104.0,59.0,7,10
2026-07-20 11:00:00,37.1,46,18.0,983.2,91,0.0,128,33.4,78.5,198.0,1.9,6.4,113.0,81.0,7,11
2026-07-20 12:00:00,37.8,43,16.0,983.1,97,0.0,128,33.3,84.1,190.0,1.5,5.8,114.0,89.0,7,12
2026-07-20 13:00:00,38.5,41,16.8,982.1,63,0.0,128,32.2,83.1,186.0,1.4,4.8,110.0,91.0,7,13
2026-07-20 14:00:00,39.0,39,15.7,981.5,38,0.0,128,30.6,79.6,186.0,1.5,4.0,105.0,90.0,7,14
2026-07-20 15:00:00,39.2,38,14.8,981.4,7,0.0,128,28.8,74.7,186.0,1.3,3.6,102.0,85.0,7,15
2026-07-20 16:00:00,38.8,39,15.6,980.5,6,0.0,128,27.1,69.2,190.0,1.3,3.4,98.0,77.0,7,16
2026-07-20 17:00:00,38.8,38,12.4,980.6,24,0.0,128,20.1,47.3,208.0,2.5,2.9,91.0,49.0,7,17
2026-07-20 18:00:00,38.1,40,11.5,981.2,16,0.0,127,20.3,44.5,243.0,6.6,3.5,80.0,43.0,7,18
2026-07-20 19:00:00,37.6,42,9.5,981.3,11,0.0,126,26.3,43.9,291.0,12.6,4.5,65.0,34.0,7,19
2026-07-20 20:00:00,37.2,43,6.9,981.6,8,0.0,125,35.2,51.3,355.0,19.5,5.4,50.0,27.0,7,20
2026-07-20 21:00:00,36.7,46,5.5,982.3,4,0.0,123,43.2,59.8,461.0,28.5,6.4,36.0,24.0,7,21
2026-07-20 22:00:00,36.0,49,5.8,983.0,13,0.0,121,58.2,75.7,583.0,38.5,7.5,22.0,24.0,7,22
2026-07-20 23:00:00,36.2,50,5.4,982.8,10,0.0,119,73.1,89.4,639.0,45.1,8.1,12.0,26.0,7,23
2026-07-21 00:00:00,35.5,52,5.1,982.5,5,0.0,117,75.7,92.2,571.0,46.6,7.7,8.0,31.0,7,0
2026-07-21 01:00:00,35.1,53,6.4,982.1,5,0.0,115,75.2,92.7,438.0,44.7,6.9,7.0,38.0,7,1
2026-07-21 02:00:00,34.7,53,9.4,981.6,8,0.0,114,68.5,92.4,331.0,40.4,6.4,10.0,42.0,7,2
2026-07-21 03:00:00,34.1,52,11.4,981.9,38,0.0,113,58.3,91.3,288.0,32.4,6.8,17.0,39.0,7,3
2026-07-21 04:00:00,33.6,51,10.4,981.9,27,0.0,113,46.3,76.6,273.0,22.1,7.6,27.0,32.0,7,4
2026-07-21 05:00:00,33.3,63,5.8,981.9,88,0.0,112,59.5,73.8,263.0,35.4,6.0,11.0,23.0,7,5
2026-07-21 06:00:00,33.6,57,6.7,982.5,95,0.0,115,44.9,54.9,254.0,27.6,7.4,28.0,15.0,7,6
2026-07-21 07:00:00,33.5,56,10.4,982.5,81,0.0,116,31.3,38.0,251.0,16.7,9.4,51.0,8.0,7,7
2026-07-21 08:00:00,33.6,58,7.6,983.6,88,0.0,116,25.7,41.8,251.0,8.2,10.5,72.0,25.0,7,8
2026-07-21 09:00:00,34.7,54,7.2,983.5,91,0.0,116,30.7,62.2,256.0,4.4,10.1,88.0,91.0,7,9
2026-07-21 10:00:00,36.1,50,9.5,983.8,96,0.0,116,35.3,88.7,263.0,3.0,8.8,102.0,182.0,7,10
2026-07-21 11:00:00,36.3,49,10.9,983.8,98,0.0,117,46.8,175.6,264.0,2.2,7.5,111.0,250.0,7,11
2026-07-21 12:00:00,37.3,45,10.2,983.6,99,0.0,118,56.0,237.5,249.0,1.6,6.3,112.0,278.0,7,12
2026-07-21 13:00:00,37.8,42,10.6,983.4,93,0.2,121,56.3,234.2,227.0,1.6,5.0,109.0,284.0,7,13
2026-07-21 14:00:00,38.2,41,11.8,982.5,95,0.2,123,49.5,187.7,214.0,1.8,4.0,105.0,270.0,7,14
2026-07-21 15:00:00,38.3,41,11.3,982.2,99,0.0,125,41.8,145.3,214.0,1.7,3.5,104.0,228.0,7,15
2026-07-21 16:00:00,38.0,42,10.8,981.6,100,0.0,126,35.7,112.0,223.0,1.9,3.2,103.0,167.0,7,16
2026-07-21 17:00:00,38.5,40,6.6,982.0,80,0.0,127,32.5,95.9,247.0,3.0,4.1,105.0,122.0,7,17
2026-07-21 18:00:00,36.9,44,9.6,981.4,88,0.0,129,30.4,82.7,299.0,7.4,4.0,92.0,112.0,7,18
2026-07-21 19:00:00,36.1,48,4.6,982.4,97,0.0,130,40.4,87.1,365.0,13.3,3.9,74.0,97.0,7,19
2026-07-21 20:00:00,35.0,53,8.6,982.6,95,0.0,131,47.6,92.4,410.0,17.1,3.8,63.0,84.0,7,20
2026-07-21 21:00:00,32.4,65,15.6,983.5,100,0.0,132,51.1,102.4,414.0,16.3,3.7,65.0,73.0,7,21
2026-07-21 22:00:00,31.3,70,9.4,984.6,100,0.0,133,52.6,94.3,396.0,13.2,3.5,72.0,63.0,7,22
2026-07-21 23:00:00,32.0,72,11.7,984.5,99,0.0,133,53.0,83.6,376.0,11.4,3.6,76.0,55.0,7,23
2026-07-22 00:00:00,29.3,85,9.1,984.0,100,1.2,131,52.3,77.5,357.0,12.7,4.0,70.0,47.0,7,0
2026-07-22 01:00:00,29.1,87,9.6,983.8,100,0.2,128,52.0,78.0,336.0,15.2,4.7,59.0,41.0,7,1
2026-07-22 02:00:00,28.3,92,8.2,983.9,100,0.8,126,51.9,77.5,325.0,16.6,5.4,52.0,46.0,7,2
2026-07-22 03:00:00,28.3,92,11.4,983.8,98,0.1,124,52.3,105.2,326.0,15.9,6.5,52.0,72.0,7,3
2026-07-22 04:00:00,27.9,93,8.7,983.9,88,0.0,123,52.9,114.6,336.0,14.2,7.7,55.0,109.0,7,4
2026-07-22 05:00:00,29.5,85,5.3,983.0,91,0.0,124,39.3,59.8,358.0,13.7,5.1,62.0,38.0,7,5
2026-07-22 06:00:00,29.3,85,4.4,983.9,96,0.0,122,36.0,53.8,407.0,14.0,5.1,63.0,37.0,7,6
2026-07-22 07:00:00,29.6,83,3.0,983.8,97,0.0,121,34.7,54.8,469.0,14.3,5.0,66.0,35.0,7,7
2026-07-22 08:00:00,30.9,75,2.2,984.3,97,0.0,121,32.0,51.3,499.0,13.8,4.9,72.0,34.0,7,8
2026-07-22 09:00:00,29.9,78,8.1,984.5,100,1.0,122,28.9,49.7,469.0,11.7,4.8,84.0,33.0,7,9
2026-07-22 10:00:00,29.8,81,5.4,985.0,99,1.7,122,26.0,46.9,407.0,8.6,4.6,100.0,33.0,7,10
2026-07-22 11:00:00,31.7,66,4.9,985.3,73,1.6,121,25.2,46.0,360.0,6.2,4.4,112.0,37.0,7,11
2026-07-22 12:00:00,33.2,62,4.6,984.9,100,0.1,119,24.4,48.0,344.0,4.8,4.1,119.0,52.0,7,12
2026-07-22 13:00:00,34.3,57,5.1,983.8,100,0.0,115,24.9,52.5,342.0,3.9,3.7,123.0,73.0,7,13
2026-07-22 14:00:00,34.5,57,6.3,983.3,99,0.0,112,32.6,77.3,350.0,3.6,3.6,125.0,83.0,7,14
2026-07-22 15:00:00,34.4,58,6.1,982.7,63,0.1,110,25.1,56.5,358.0,3.7,3.8,125.0,74.0,7,15
2026-07-22 16:00:00,33.7,61,6.3,982.2,88,0.2,109,24.4,51.2,376.0,4.4,4.3,123.0,56.0,7,16
2026-07-22 17:00:00,32.7,65,7.9,982.4,43,0.1,107,24.2,51.3,434.0,5.7,5.4,124.0,51.0,7,17
2026-07-22 18:00:00,32.1,69,7.1,982.8,37,0.0,106,25.5,49.1,580.0,8.9,5.5,115.0,43.0,7,18
2026-07-22 19:00:00,31.4,75,5.6,983.1,14,0.0,106,28.0,44.7,765.0,13.1,5.6,102.0,32.0,7,19
2026-07-22 20:00:00,30.7,78,7.9,983.6,20,0.0,105,31.4,43.8,873.0,15.6,5.5,94.0,22.0,7,20
2026-07-22 21:00:00,30.0,79,7.4,984.1,17,0.0,103,31.1,39.7,838.0,14.5,5.1,95.0,16.0,7,21
2026-07-22 22:00:00,29.7,81,7.0,984.4,36,0.0,101,31.2,37.6,725.0,11.6,4.5,100.0,12.0,7,22
2026-07-22 23:00:00,30.0,80,8.1,984.2,22,0.0,99,31.3,35.4,617.0,9.5,4.1,103.0,8.0,7,23
2026-07-23 00:00:00,29.4,82,8.0,984.3,42,0.0,97,32.5,35.0,533.0,9.5,3.9,99.0,5.0,7,0
2026-07-23 01:00:00,29.0,85,5.3,984.1,77,0.0,96,34.3,36.0,454.0,10.4,3.9,93.0,3.0,7,1
2026-07-23 02:00:00,28.0,86,6.2,983.9,95,0.2,94,36.3,37.5,400.0,10.9,3.9,88.0,2.0,7,2
2026-07-23 03:00:00,26.8,92,8.4,983.7,79,0.4,93,37.3,38.4,383.0,10.6,4.0,87.0,1.0,7,3
2026-07-23 04:00:00,26.3,96,5.7,983.3,52,0.4,92,38.0,40.0,391.0,10.0,4.2,87.0,2.0,7,4
2026-07-23 05:00:00,26.4,93,7.8,982.8,58,0.0,91,42.3,54.4,409.0,12.5,5.4,77.0,23.0,7,5
2026-07-23 06:00:00,26.6,93,6.8,983.4,80,0.0,91,45.3,59.1,442.0,12.0,5.7,82.0,35.0,7,6
2026-07-23 07:00:00,27.5,90,7.8,983.8,66,0.0,92,46.7,68.5,485.0,11.2,6.1,90.0,53.0,7,7
2026-07-23 08:00:00,28.1,86,9.7,984.2,56,0.1,93,44.4,78.9,506.0,9.9,6.2,102.0,67.0,7,8
2026-07-23 09:00:00,29.0,81,9.6,984.4,60,0.3,94,42.6,85.0,485.0,7.6,5.9,120.0,75.0,7,9
2026-07-23 10:00:00,30.4,73,9.1,984.2,48,0.3,95,41.0,83.6,442.0,4.8,5.3,142.0,81.0,7,10
2026-07-23 11:00:00,32.2,65,10.4,984.0,32,0.1,96,38.6,81.5,408.0,2.7,4.8,159.0,84.0,7,11
2026-07-23 12:00:00,32.9,63,10.4,983.4,56,0.1,97,44.5,100.1,394.0,1.9,4.4,166.0,86.0,7,12
2026-07-23 13:00:00,33.6,62,9.7,982.9,54,0.1,99,36.1,80.6,390.0,1.8,4.1,168.0,86.0,7,13
2026-07-23 14:00:00,34.0,59,9.6,982.4,64,0.0,99,33.3,75.4,395.0,2.2,3.8,168.0,83.0,7,14
2026-07-23 15:00:00,34.0,59,7.4,981.8,21,0.0,104,32.4,75.2,405.0,2.7,3.6,167.0,76.0,7,15
2026-07-23 16:00:00,34.1,58,7.1,981.1,22,0.1,120,29.5,63.8,424.0,3.6,3.4,164.0,66.0,7,16
2026-07-23 17:00:00,33.5,62,8.4,981.3,41,0.1,133,37.8,68.9,469.0,4.8,3.1,143.0,61.0,7,17
2026-07-23 18:00:00,32.5,68,8.4,981.5,41,0.1,138,35.5,56.5,569.0,8.3,3.5,129.0,47.0,7,18
2026-07-23 19:00:00,31.2,74,9.7,982.0,17,0.1,135,38.5,48.7,693.0,13.1,4.2,110.0,26.0,7,19
2026-07-23 20:00:00,30.2,79,7.9,982.6,13,0.0,125,42.8,48.5,768.0,16.5,4.7,94.0,11.0,7,20
2026-07-23 21:00:00,29.9,80,7.9,983.0,18,0.0,110,44.5,47.0,749.0,17.1,4.9,85.0,5.0,7,21
2026-07-23 22:00:00,29.7,82,8.7,983.1,9,0.0,107,44.5,45.3,681.0,16.2,5.1,79.0,3.0,7,22
2026-07-23 23:00:00,30.7,77,9.7,982.8,5,0.0,108,44.7,45.8,620.0,15.5,5.4,73.0,2.0,7,23
2026-07-24 00:00:00,30.2,77,9.7,983.4,35,0.0,110,45.2,46.3,589.0,15.4,6.2,67.0,1.0,7,0
2026-07-24 01:00:00,29.6,81,8.8,983.5,20,0.0,111,46.9,48.0,565.0,15.4,7.2,62.0,2.0,7,1
2026-07-24 02:00:00,28.8,85,5.3,983.4,56,0.0,112,49.4,50.2,541.0,15.6,8.0,57.0,2.0,7,2
2026-07-24 03:00:00,28.2,87,6.7,982.8,13,0.2,114,52.7,53.1,511.0,16.3,8.5,51.0,1.0,7,3
2026-07-24 04:00:00,28.1,89,5.1,983.0,25,0.1,115,55.6,55.8,480.0,17.3,8.8,46.0,0.0,7,4
2026-07-24 05:00:00,26.8,90,8.4,982.9,84,0.0,117,56.0,56.1,460.0,14.9,10.7,55.0,0.0,7,5
2026-07-24 06:00:00,27.0,90,7.2,983.1,75,0.0,118,59.1,59.3,460.0,14.6,11.5,59.0,1.0,7,6
2026-07-24 07:00:00,27.5,89,9.1,983.8,94,0.1,120,59.8,60.1,471.0,14.0,12.5,66.0,2.0,7,7
2026-07-24 08:00:00,28.1,83,12.6,984.5,34,0.2,121,52.9,54.6,472.0,12.6,13.0,79.0,3.0,7,8
2026-07-24 09:00:00,29.4,79,11.9,985.0,47,0.0,122,45.6,49.4,454.0,9.8,12.7,102.0,5.0,7,9
2026-07-24 10:00:00,30.7,73,11.3,984.9,30,0.3,122,44.1,49.1,425.0,6.2,11.9,131.0,6.0,7,10
2026-07-24 11:00:00,32.5,68,9.8,984.5,20,0.3,123,38.5,42.0,397.0,3.5,10.9,152.0,7.0,7,11
2026-07-24 12:00:00,33.4,63,10.6,983.9,15,0.1,123,36.0,38.9,367.0,2.4,9.6,159.0,6.0,7,12
2026-07-24 13:00:00,34.2,58,10.7,983.3,11,0.1,122,32.8,35.3,337.0,2.1,8.2,157.0,5.0,7,13
2026-07-24 14:00:00,34.7,56,12.2,982.2,9,0.0,121,29.6,31.9,319.0,2.1,7.0,155.0,4.0,7,14
2026-07-24 15:00:00,34.8,55,11.9,981.4,8,0.0,121,27.0,29.2,305.0,2.0,6.2,155.0,4.0,7,15
2026-07-24 16:00:00,34.7,54,11.7,980.8,5,0.0,121,25.4,27.5,302.0,2.1,5.6,154.0,4.0,7,16
2026-07-24 17:00:00,34.9,53,12.2,980.4,5,0.0,120,42.6,49.7,347.0,3.6,5.1,150.0,14.0,7,17
2026-07-24 18:00:00,33.8,59,9.8,980.7,16,0.1,125,42.5,48.8,484.0,6.9,5.5,139.0,12.0,7,18
2026-07-24 19:00:00,32.8,65,7.8,981.3,22,0.0,126,46.3,50.8,668.0,11.5,6.0,122.0,9.0,7,19
2026-07-24 20:00:00,31.9,70,7.2,982.0,9,0.0,122,51.2,54.5,798.0,15.0,6.5,109.0,6.0,7,20
2026-07-24 21:00:00,31.3,73,8.1,982.9,4,0.0,123,54.7,57.4,820.0,16.6,7.1,101.0,5.0,7,21
2026-07-24 22:00:00,30.9,76,8.8,983.2,6,0.0,124,58.9,61.2,788.0,17.2,7.6,95.0,5.0,7,22
2026-07-24 23:00:00,31.2,75,8.9,982.9,34,0.0,126,58.6,60.3,765.0,17.2,7.9,91.0,4.0,7,23
2026-07-25 00:00:00,30.8,76,8.4,983.1,66,0.0,127,55.4,56.7,779.0,16.3,7.7,88.0,3.0,7,0
2026-07-25 01:00:00,30.3,78,6.6,983.1,96,0.0,128,54.1,54.8,801.0,14.9,7.3,85.0,2.0,7,1
2026-07-25 02:00:00,30.1,80,6.5,983.1,100,0.0,129,54.7,55.1,807.0,14.0,7.0,82.0,1.0,7,2
2026-07-25 03:00:00,29.9,80,7.6,982.9,100,0.0,129,55.6,55.9,784.0,14.6,7.0,75.0,0.0,7,3
2026-07-25 04:00:00,29.8,80,8.3,982.5,100,0.0,130,55.9,56.0,745.0,15.7,7.1,68.0,0.0,7,4
2026-07-25 05:00:00,29.4,81,6.8,982.7,100,0.0,130,59.8,60.1,709.0,16.2,8.3,69.0,1.0,7,5
2026-07-25 06:00:00,29.4,81,8.9,983.0,100,0.0,130,55.6,56.0,684.0,14.5,7.8,79.0,1.0,7,6
2026-07-25 07:00:00,29.4,81,8.6,984.1,100,0.0,130,49.5,50.1,662.0,12.0,7.1,93.0,1.0,7,7
2026-07-25 08:00:00,29.4,81,6.4,984.6,100,0.0,129,45.2,45.8,633.0,9.6,6.5,108.0,1.0,7,8
2026-07-25 09:00:00,29.6,79,5.8,985.0,81,0.0,128,39.9,40.4,591.0,7.2,5.9,125.0,1.0,7,9
2026-07-25 10:00:00,30.9,72,7.2,985.3,93,0.0,127,35.9,36.3,542.0,4.8,5.4,143.0,1.0,7,10
2026-07-25 11:00:00,33.5,62,10.1,984.6,88,0.0,126,32.8,33.4,498.0,3.0,5.0,156.0,1.0,7,11
2026-07-25 12:00:00,33.8,61,9.7,984.4,88,0.0,126,30.7,31.3,461.0,2.2,4.8,161.0,1.0,7,12
2026-07-25 13:00:00,34.1,59,10.3,983.9,95,0.0,125,29.2,29.8,429.0,2.1,4.7,162.0,1.0,7,13
2026-07-25 14:00:00,33.6,61,11.3,983.5,63,0.2,125,26.9,27.3,405.0,2.2,4.6,161.0,1.0,7,14
2026-07-25 15:00:00,34.2,58,11.8,982.8,45,0.2,125,25.5,25.9,390.0,2.3,4.4,161.0,1.0,7,15
2026-07-25 16:00:00,34.1,59,9.7,982.5,40,0.2,124,24.3,24.8,383.0,2.6,4.2,159.0,1.0,7,16
2026-07-25 17:00:00,33.4,62,10.6,982.4,66,0.1,128,40.7,41.6,384.0,3.3,3.6,150.0,1.0,7,17
2026-07-25 18:00:00,32.6,66,10.3,982.7,53,0.0,133,40.6,41.2,396.0,6.9,4.1,137.0,1.0,7,18
2026-07-25 19:00:00,31.8,71,8.9,983.4,46,0.0,132,44.1,44.5,416.0,11.7,4.8,120.0,0.0,7,19
2026-07-25 20:00:00,31.1,76,8.1,984.2,52,0.0,124,48.5,48.7,437.0,15.1,5.2,105.0,0.0,7,20
2026-07-25 21:00:00,30.5,80,8.8,985.1,27,0.0,123,48.7,48.9,462.0,15.6,5.2,96.0,0.0,7,21
2026-07-25 22:00:00,30.1,82,8.3,985.9,25,0.0,123,47.0,47.3,488.0,14.7,4.9,91.0,0.0,7,22
2026-07-25 23:00:00,30.1,81,8.2,985.3,44,0.0,122,47.4,47.8,502.0,13.6,4.6,86.0,1.0,7,23
2026-07-26 00:00:00,28.9,86,9.7,985.4,47,0.6,120,46.7,47.4,498.0,12.7,4.2,82.0,2.0,7,0
2026-07-26 01:00:00,28.6,88,9.2,985.2,55,0.1,120,44.8,45.9,482.0,11.7,3.8,79.0,3.0,7,1
2026-07-26 02:00:00,28.2,90,10.3,985.2,40,0.0,119,37.5,39.6,457.0,10.8,3.5,78.0,4.0,7,2
2026-07-26 03:00:00,27.9,91,7.7,985.3,73,0.0,117,31.8,34.2,415.0,10.0,3.3,78.0,5.0,7,3
2026-07-26 04:00:00,26.2,95,13.0,985.7,98,1.6,114,30.6,32.9,364.0,9.3,3.1,80.0,5.0,7,4
2026-07-26 05:00:00,25.6,96,9.5,985.5,93,2.3,112,30.2,32.7,329.0,10.1,3.6,73.0,5.0,7,5
2026-07-26 06:00:00,25.4,96,7.8,985.3,95,1.0,109,31.3,33.9,324.0,9.5,4.2,78.0,7.0,7,6
2026-07-26 07:00:00,25.7,95,12.0,985.9,88,2.0,106,31.7,36.0,334.0,8.7,5.0,87.0,9.0,7,7
2026-07-26 08:00:00,26.0,95,8.7,986.8,99,7.5,104,25.9,32.4,341.0,7.6,5.6,97.0,12.0,7,8
2026-07-26 09:00:00,26.9,93,8.3,986.4,79,1.7,102,23.7,32.2,334.0,5.9,5.7,112.0,14.0,7,9
2026-07-26 10:00:00,29.4,78,9.6,986.6,69,0.4,100,23.8,33.1,323.0,4.0,5.5,129.0,17.0,7,10
2026-07-26 11:00:00,31.5,72,10.1,986.8,44,0.1,99,24.6,33.8,319.0,2.5,5.3,142.0,18.0,7,11
2026-07-26 12:00:00,32.4,71,9.1,986.3,29,0.0,99,25.3,34.2,330.0,1.8,5.2,148.0,18.0,7,12
2026-07-26 13:00:00,33.2,68,8.4,985.8,30,0.1,98,24.6,33.1,349.0,1.7,5.0,150.0,16.0,7,13
2026-07-26 14:00:00,33.6,67,6.8,985.0,25,0.1,98,23.7,31.4,363.0,1.7,4.9,151.0,15.0,7,14
2026-07-26 15:00:00,33.9,65,6.2,984.3,31,0.1,98,22.8,30.3,348.0,1.2,4.7,153.0,15.0,7,15
2026-07-26 16:00:00,33.9,63,5.6,983.6,36,0.1,98,22.7,30.0,329.0,0.8,4.4,153.0,15.0,7,16
2026-07-26 17:00:00,33.8,62,6.5,983.2,21,0.1,109,31.7,47.5,366.0,2.7,4.6,142.0,31.0,7,17
2026-07-26 18:00:00,33.3,66,3.9,983.1,23,0.0,115,32.4,47.3,513.0,7.0,5.0,125.0,27.0,7,18
2026-07-26 19:00:00,32.8,70,1.7,983.6,45,0.0,114,40.5,50.8,717.0,13.2,5.7,102.0,21.0,7,19
2026-07-26 20:00:00,32.4,73,1.5,984.1,13,0.0,106,50.2,58.8,879.0,20.2,6.6,81.0,17.0,7,20
2026-07-26 21:00:00,31.7,78,2.7,984.3,14,0.0,96,59.6,67.5,958.0,27.9,8.0,65.0,16.0,7,21
2026-07-26 22:00:00,31.1,82,3.2,984.4,13,0.0,97,70.8,79.6,995.0,36.4,9.6,52.0,18.0,7,22
2026-07-26 23:00:00,31.3,78,2.6,983.6,12,0.0,99,84.3,94.1,1015.0,45.2,11.0,39.0,19.0,7,23
2026-07-27 00:00:00,31.1,81,4.0,983.3,42,0.1,102,97.3,107.8,1020.0,55.8,12.0,25.0,20.0,7,0
2026-07-27 01:00:00,30.7,83,3.8,983.1,94,0.0,107,107.3,118.3,1008.0,66.7,12.6,13.0,21.0,7,1
2026-07-27 02:00:00,30.2,86,3.7,982.8,41,0.0,114,115.0,126.2,1002.0,73.2,12.9,4.0,21.0,7,2
2026-07-27 03:00:00,29.5,88,4.2,982.9,28,0.4,122,117.6,128.1,1020.0,73.6,12.3,0.0,20.0,7,3
2026-07-27 04:00:00,29.4,89,0.6,982.9,3,0.2,131,109.0,118.5,1043.0,69.7,11.3,0.0,19.0,7,4
2026-07-27 05:00:00,30.0,90,4.8,982.7,8,0.0,139,64.3,70.5,1041.0,34.2,8.6,34.0,12.0,7,5
2026-07-27 06:00:00,29.8,90,4.6,982.8,5,0.0,143,72.4,78.9,1003.0,29.1,10.4,56.0,13.0,7,6
2026-07-27 07:00:00,30.6,87,2.8,983.0,4,0.0,147,65.0,71.0,939.0,21.8,12.8,86.0,15.0,7,7
2026-07-27 08:00:00,32.0,78,3.1,983.1,6,0.0,150,48.5,58.0,854.0,15.3,14.5,114.0,18.0,7,8
2026-07-27 09:00:00,32.7,71,3.8,983.1,20,0.1,151,43.8,59.8,730.0,10.2,14.9,136.0,23.0,7,9
2026-07-27 10:00:00,33.7,66,3.3,983.3,28,0.2,151,40.9,58.2,585.0,5.8,14.5,156.0,28.0,7,10
2026-07-27 11:00:00,34.8,59,3.1,982.9,26,0.1,152,37.6,53.8,475.0,2.8,14.1,170.0,31.0,7,11
2026-07-27 12:00:00,35.6,57,2.8,982.6,37,0.0,152,36.4,51.3,428.0,1.7,13.9,178.0,30.0,7,12
2026-07-27 13:00:00,36.1,55,3.6,982.1,34,0.1,153,35.5,48.5,416.0,1.9,13.6,180.0,27.0,7,13
2026-07-27 14:00:00,36.4,55,4.1,981.2,32,0.1,153,35.0,47.1,416.0,2.3,13.1,180.0,24.0,7,14
2026-07-27 15:00:00,36.5,54,4.5,980.4,21,0.0,153,35.5,47.3,421.0,2.1,12.3,180.0,23.0,7,15
2026-07-27 16:00:00,36.4,54,5.9,979.3,26,0.0,154,34.6,45.6,437.0,2.1,11.3,177.0,22.0,7,16
2026-07-27 17:00:00,36.0,53,7.8,979.0,20,0.0,154,36.1,51.6,457.0,3.6,9.5,161.0,30.0,7,17
2026-07-27 18:00:00,35.0,61,8.1,978.8,26,0.0,158,38.5,50.6,476.0,8.1,8.8,140.0,26.0,7,18
2026-07-27 19:00:00,33.8,66,9.6,979.1,14,0.0,155,46.0,55.4,500.0,14.2,7.9,111.0,21.0,7,19
2026-07-27 20:00:00,32.9,68,10.3,979.5,15,0.0,154,47.8,56.9,534.0,18.5,7.0,89.0,17.0,7,20
2026-07-27 21:00:00,32.2,69,9.6,979.4,48,0.0,154,46.2,55.6,595.0,19.3,6.4,80.0,16.0,7,21
2026-07-27 22:00:00,31.8,69,7.8,979.9,35,0.0,154,46.0,55.3,668.0,18.4,5.9,77.0,17.0,7,22
2026-07-27 23:00:00,32.3,69,8.5,979.4,90,0.0,153,45.3,54.0,711.0,17.3,5.5,74.0,17.0,7,23
2026-07-28 00:00:00,32.0,68,9.3,979.6,77,0.0,152,41.8,49.6,707.0,16.6,5.3,70.0,15.0,7,0
2026-07-28 01:00:00,31.6,69,10.0,979.5,75,0.0,150,38.4,44.6,673.0,15.7,5.3,67.0,12.0,7,1
2026-07-28 02:00:00,31.4,69,10.2,979.4,55,0.0,144,35.7,40.5,626.0,14.8,5.4,64.0,9.0,7,2
2026-07-28 03:00:00,31.2,71,9.3,979.1,16,0.0,136,33.6,37.6,555.0,14.0,5.6,61.0,7.0,7,3
2026-07-28 04:00:00,30.8,72,9.5,978.7,5,0.0,127,31.5,35.3,469.0,13.3,6.0,59.0,6.0,7,4
2026-07-28 05:00:00,31.3,71,12.0,978.6,21,0.0,119,36.0,42.4,417.0,14.3,10.4,65.0,12.0,7,5
2026-07-28 06:00:00,31.1,70,11.7,978.9,70,0.0,116,35.2,41.4,434.0,13.3,10.4,69.0,12.0,7,6
2026-07-28 07:00:00,31.6,71,10.3,979.5,21,0.0,112,36.4,41.6,484.0,11.9,10.3,76.0,12.0,7,7
2026-07-28 08:00:00,32.9,68,9.0,980.0,4,0.0,109,33.1,42.8,502.0,10.1,10.3,86.0,19.0,7,8
2026-07-28 09:00:00,34.3,63,9.2,980.1,56,0.0,108,33.3,55.6,451.0,7.6,10.5,103.0,39.0,7,9
2026-07-28 10:00:00,35.8,57,9.5,980.6,99,0.0,107,36.7,75.7,369.0,4.6,10.7,124.0,67.0,7,10
2026-07-28 11:00:00,37.2,51,10.5,980.8,67,0.0,106,36.3,82.0,305.0,2.5,10.5,138.0,86.0,7,11
2026-07-28 12:00:00,37.9,49,10.0,980.4,15,0.0,106,35.6,82.2,278.0,1.7,9.4,141.0,91.0,7,12
2026-07-28 13:00:00,38.5,46,10.2,979.9,5,0.0,106,35.0,81.3,269.0,1.6,7.9,138.0,88.0,7,13
2026-07-28 14:00:00,38.8,45,11.0,979.5,10,0.0,106,34.2,78.9,266.0,1.8,6.5,133.0,84.0,7,14
2026-07-28 15:00:00,38.8,45,11.9,979.1,22,0.0,106,33.2,75.2,255.0,1.5,5.5,130.0,80.0,7,15
2026-07-28 16:00:00,38.4,46,11.1,978.6,36,0.0,106,31.9,70.5,250.0,1.4,4.7,126.0,73.0,7,16
2026-07-28 17:00:00,39.0,42,11.5,978.3,91,0.0,105,30.3,68.2,288.0,3.3,4.9,113.0,72.0,7,17
2026-07-28 18:00:00,37.4,50,10.0,978.0,98,0.0,105,30.9,54.7,413.0,7.2,5.2,100.0,57.0,7,18
2026-07-28 19:00:00,35.9,57,11.6,978.2,98,0.0,104,34.1,51.5,579.0,12.6,5.6,81.0,38.0,7,19
2026-07-28 20:00:00,35.0,58,11.2,978.8,95,0.0,103,36.4,50.9,692.0,16.5,5.9,66.0,25.0,7,20
2026-07-28 21:00:00,34.3,60,12.1,979.1,58,0.0,102,37.7,51.0,708.0,17.6,6.2,58.0,20.0,7,21
2026-07-28 22:00:00,33.9,60,9.4,980.1,80,0.0,101,39.0,53.8,669.0,17.3,6.4,54.0,23.0,7,22
2026-07-28 23:00:00,35.0,58,10.4,979.7,35,0.0,100,41.3,64.7,606.0,16.2,6.5,52.0,43.0,7,23
2026-07-29 00:00:00,34.3,59,11.1,980.0,37,0.0,100,46.4,93.8,513.0,14.2,6.2,51.0,100.0,7,0
2026-07-29 01:00:00,34.1,59,13.8,980.0,44,0.0,100,55.3,142.0,396.0,11.5,5.8,51.0,175.0,7,1
2026-07-29 02:00:00,33.5,61,14.9,979.8,34,0.0,102,60.5,173.7,303.0,9.4,5.4,51.0,220.0,7,2
2026-07-29 03:00:00,32.8,64,15.8,979.9,12,0.0,104,58.1,167.2,252.0,8.7,5.1,49.0,208.0,7,3
2026-07-29 04:00:00,32.1,67,15.5,979.7,39,0.0,107,52.7,141.1,225.0,8.7,4.7,47.0,165.0,7,4
2026-07-29 05:00:00,32.6,68,13.2,979.7,34,0.0,109,46.9,120.1,218.0,6.9,4.1,53.0,140.0,7,5
2026-07-29 06:00:00,32.1,70,13.9,980.2,2,0.0,110,43.2,95.0,240.0,6.6,4.1,55.0,127.0,7,6
2026-07-29 07:00:00,32.5,70,12.5,980.7,0,0.0,111,44.7,91.5,282.0,6.2,4.2,59.0,109.0,7,7
2026-07-29 08:00:00,33.5,66,12.3,981.4,1,0.0,112,46.7,98.5,307.0,5.6,4.6,68.0,95.0,7,8
2026-07-29 09:00:00,34.9,61,10.7,981.9,9,0.0,113,46.9,96.9,298.0,4.6,5.8,86.0,89.0,7,9
2026-07-29 10:00:00,36.3,56,10.2,981.9,0,0.0,115,47.1,95.5,272.0,3.3,7.3,109.0,88.0,7,10
2026-07-29 11:00:00,37.7,52,10.6,982.2,4,0.0,116,46.8,95.0,251.0,2.4,8.1,126.0,87.0,7,11
2026-07-29 12:00:00,38.0,51,11.5,982.2,5,0.0,117,46.6,94.5,240.0,1.9,7.7,131.0,86.0,7,12
2026-07-29 13:00:00,38.5,49,11.9,981.7,1,0.0,118,44.8,92.2,234.0,1.8,6.7,131.0,85.0,7,13
2026-07-29 14:00:00,38.9,46,11.5,981.0,6,0.0,119,42.1,88.0,233.0,1.8,5.7,128.0,84.0,7,14
2026-07-29 15:00:00,39.1,45,10.6,980.5,0,0.0,120,39.9,84.8,233.0,1.5,4.9,126.0,83.0,7,15
2026-07-29 16:00:00,39.1,44,11.7,980.2,15,0.0,121,38.6,82.0,238.0,1.3,4.2,122.0,82.0,7,16
2026-07-29 17:00:00,39.4,39,8.8,980.2,35,0.0,121,35.2,77.3,263.0,3.1,4.1,110.0,78.0,7,17
2026-07-29 18:00:00,38.4,43,10.5,979.7,8,0.1,122,36.8,68.5,314.0,9.3,4.6,94.0,66.0,7,18
2026-07-29 19:00:00,37.3,47,9.2,980.0,9,0.1,122,44.8,68.9,385.0,17.9,5.2,71.0,48.0,7,19
2026-07-29 20:00:00,36.5,52,9.6,980.2,5,0.0,124,52.9,73.3,467.0,24.4,5.7,53.0,35.0,7,20
2026-07-29 21:00:00,36.1,53,7.9,981.2,0,0.0,125,56.9,75.9,578.0,26.8,6.0,43.0,28.0,7,21
2026-07-29 22:00:00,35.4,56,7.5,981.7,1,0.0,127,58.6,76.1,700.0,27.0,6.2,38.0,25.0,7,22
2026-07-29 23:00:00,35.6,58,6.9,981.1,66,0.0,129,59.5,75.7,769.0,26.5,6.2,34.0,26.0,7,23
2026-07-30 00:00:00,34.4,63,7.1,980.8,66,0.0,131,58.0,72.4,754.0,25.7,6.1,31.0,32.0,7,0
2026-07-30 01:00:00,33.6,67,7.4,980.9,9,0.0,132,54.6,71.7,687.0,24.0,5.8,29.0,42.0,7,1
2026-07-30 02:00:00,33.0,69,7.4,980.6,5,0.0,132,52.3,80.1,597.0,21.7,5.6,29.0,51.0,7,2
2026-07-30 03:00:00,33.0,63,9.4,980.2,22,0.0,132,50.3,91.0,471.0,18.1,5.4,29.0,58.0,7,3
2026-07-30 04:00:00,32.7,60,11.8,980.1,62,0.0,131,45.9,88.5,323.0,13.8,5.2,31.0,63.0,7,4
2026-07-30 05:00:00,33.0,64,11.8,980.2,6,0.0,130,33.1,70.1,227.0,9.3,5.9,39.0,69.0,7,5
2026-07-30 06:00:00,32.4,66,11.9,980.0,20,0.0,129,31.0,56.1,231.0,9.0,6.5,43.0,59.0,7,6
2026-07-30 07:00:00,32.9,63,9.0,980.4,1,0.0,127,32.8,53.9,286.0,8.6,7.3,50.0,46.0,7,7
2026-07-30 08:00:00,33.9,60,7.5,981.0,0,0.0,126,33.4,55.8,321.0,7.7,8.0,61.0,38.0,7,8
2026-07-30 09:00:00,35.2,57,9.7,981.1,0,0.0,125,35.0,57.3,303.0,6.1,8.7,83.0,38.0,7,9
2026-07-30 10:00:00,36.8,52,8.3,981.4,2,0.0,123,36.1,59.3,264.0,4.1,9.3,109.0,44.0,7,10
2026-07-30 11:00:00,38.3,44,11.2,981.9,13,0.0,122,36.1,66.8,232.0,2.6,9.3,127.0,52.0,7,11
2026-07-30 12:00:00,38.6,44,13.0,981.8,28,0.2,121,35.5,78.5,214.0,1.9,8.0,129.0,66.0,7,12
2026-07-30 13:00:00,38.9,43,13.9,981.2,55,0.0,120,34.2,82.0,203.0,1.7,6.1,122.0,82.0,7,13
2026-07-30 14:00:00,39.0,42,14.3,980.6,70,0.0,119,33.2,82.4,201.0,1.7,4.5,116.0,94.0,7,14
2026-07-30 15:00:00,38.7,42,13.5,979.8,23,0.0,118,32.2,81.7,203.0,1.3,3.8,115.0,98.0,7,15
2026-07-30 16:00:00,38.8,42,11.5,979.3,7,0.0,117,32.0,81.3,214.0,1.1,3.4,115.0,97.0,7,16
2026-07-30 17:00:00,39.0,38,10.3,979.0,16,0.0,117,34.5,89.6,249.0,3.1,3.6,105.0,106.0,7,17
2026-07-30 18:00:00,38.1,41,10.1,978.7,67,0.0,116,36.4,77.3,325.0,10.3,4.2,89.0,91.0,7,18
2026-07-30 19:00:00,37.0,45,8.8,979.0,71,0.0,116,45.4,76.8,426.0,20.2,5.1,66.0,69.0,7,19
2026-07-30 20:00:00,36.4,47,7.6,979.5,38,0.0,116,57.7,86.6,516.0,27.9,5.8,48.0,53.0,7,20
2026-07-30 21:00:00,35.5,51,8.1,980.2,50,0.0,117,69.6,95.7,598.0,31.6,6.2,38.0,41.0,7,21
2026-07-30 22:00:00,34.6,57,8.3,980.8,30,0.0,118,75.2,99.0,669.0,33.1,6.4,32.0,33.0,7,22
2026-07-30 23:00:00,35.5,58,9.5,980.8,94,0.0,120,74.0,99.0,691.0,32.6,6.5,30.0,44.0,7,23
2026-07-31 00:00:00,33.6,67,11.4,980.7,97,0.0,122,72.6,112.0,624.0,29.2,6.2,33.0,86.0,7,0
2026-07-31 01:00:00,33.0,66,12.2,980.7,44,0.0,123,76.4,145.3,506.0,23.8,5.7,39.0,145.0,7,1
2026-07-31 02:00:00,32.9,65,13.9,980.3,12,0.0,125,82.7,185.3,417.0,19.2,6.1,46.0,197.0,7,2
2026-07-31 03:00:00,32.8,65,12.7,980.5,41,0.0,128,88.0,219.3,389.0,16.5,8.4,50.0,237.0,7,3
2026-07-31 04:00:00,32.1,67,13.0,980.6,25,0.1,132,90.3,238.4,388.0,14.5,11.5,55.0,270.0,7,4
2026-07-31 05:00:00,32.6,70,10.4,980.6,80,0.0,137,91.7,224.4,394.0,16.1,12.1,52.0,256.0,7,5
2026-07-31 06:00:00,32.3,71,11.0,980.5,71,0.0,143,88.5,204.9,405.0,13.8,12.0,63.0,246.0,7,6
2026-07-31 07:00:00,32.9,65,8.0,981.2,56,0.0,149,84.8,196.5,422.0,10.5,11.7,79.0,231.0,7,7
2026-07-31 08:00:00,34.0,61,7.0,981.9,8,0.0,151,75.2,184.4,425.0,7.7,10.8,94.0,211.0,7,8
2026-07-31 09:00:00,35.1,57,8.0,982.6,30,0.0,153,66.1,159.3,398.0,5.7,8.8,107.0,179.0,7,9
2026-07-31 10:00:00,36.1,56,9.0,982.6,27,0.1,153,60.3,147.6,357.0,4.2,6.2,120.0,142.0,7,10
2026-07-31 11:00:00,38.0,49,3.6,982.4,42,0.0,154,51.3,112.9,334.0,3.0,4.3,130.0,117.0,7,11
2026-07-31 12:00:00,34.1,59,14.0,982.1,98,1.1,155,47.4,99.9,345.0,2.3,3.6,136.0,114.0,7,12
2026-07-31 13:00:00,30.7,82,5.5,982.9,99,6.8,155,48.4,108.7,373.0,2.0,3.6,140.0,124.0,7,13
2026-07-31 14:00:00,31.1,80,10.5,982.3,98,1.3,155,49.6,118.0,401.0,1.9,3.8,141.0,131.0,7,14
2026-07-31 15:00:00,32.1,77,10.3,981.6,98,0.3,156,50.1,120.6,416.0,1.9,4.0,141.0,133.0,7,15
2026-07-31 16:00:00,32.6,73,8.4,981.6,97,0.0,156,50.3,119.2,429.0,2.2,4.5,139.0,132.0,7,16
2026-07-31 17:00:00,34.0,63,8.5,981.4,100,0.0,157,41.0,82.7,462.0,4.7,4.0,137.0,77.0,7,17
2026-07-31 18:00:00,32.8,68,10.2,981.2,100,0.1,157,39.2,67.1,535.0,6.2,4.7,133.0,62.0,7,18
2026-07-31 19:00:00,32.2,71,9.6,981.9,100,0.0,157,39.2,59.1,627.0,8.2,5.6,127.0,42.0,7,19
2026-07-31 20:00:00,31.8,73,8.1,982.3,100,0.0,157,38.9,52.7,691.0,10.0,6.4,121.0,26.0,7,20
2026-07-31 21:00:00,31.3,76,8.4,983.1,98,0.0,157,38.4,48.3,708.0,11.2,6.7,114.0,18.0,7,21
2026-07-31 22:00:00,30.9,78,7.3,983.6,73,0.0,156,39.1,47.1,698.0,12.2,6.9,106.0,15.0,7,22
2026-07-31 23:00:00,30.7,81,7.2,983.4,55,0.0,155,39.6,46.6,674.0,13.1,7.0,98.0,13.0,7,23
